position,rpm,lmin,xanthan,rep,fluid,n_bursts,metric,dt_ms,tau_s,N,rho1,tau_int,N_eff,N_eff_ar1
1,100,45,000,rep_1,water,10,count,7.6923,0.22033761099757332,500.0,0.9283030615723076,28.643918073602602,17.4557125430681,18.59068210191812
1,100,45,000,rep_1,water,10,mean_diameter_mm,7.6923,0.12805014994130015,491.0,0.8463616005456005,16.64653613890516,29.495625750781148,40.85681488924957
1,100,45,000,rep_2,water,10,count,7.6923,0.16000056764828358,500.0,0.9129217637234213,20.80009459437146,24.0383522166914,22.76053258631044
1,100,45,000,rep_2,water,10,mean_diameter_mm,7.6923,0.10247825084118484,491.0,0.8370643365834596,13.32218593153996,36.855813492106364,43.54850787986369
1,100,45,0125,rep_1,xanthan,1,count,100.0,0.14271666699005905,500.0,0.14741893382021928,1.4271666699005905,350.344504636468,371.52126440043804
1,100,45,0125,rep_1,xanthan,1,mean_diameter_mm,100.0,0.225796851417902,500.0,0.2669644293083366,2.2579685141790202,221.43798589760058,289.28814169307157
1,100,45,0125,rep_2,xanthan,1,count,100.0,0.13788952835195648,500.0,0.12296090976139092,1.3788952835195647,362.6091161351816,390.50294743784275
1,100,45,0125,rep_2,xanthan,1,mean_diameter_mm,100.0,0.19331621716020145,500.0,0.2350600732046022,1.9331621716020146,258.6435878711868,309.6772146518401
1,100,45,025,rep_1,xanthan,1,count,100.0,0.3372688715095446,500.0,0.4082375655880412,3.372688715095446,148.24967325389534,210.10745944873835
1,100,45,025,rep_1,xanthan,1,mean_diameter_mm,100.0,1.3347572378636328,500.0,0.6541254196137634,13.347572378636327,37.4599954071261,104.5490796178557
1,100,45,025,rep_2,xanthan,1,count,100.0,0.2791453037582957,500.0,0.47496352960290517,2.7914530375829574,179.11818442517531,177.9828652910649
1,100,45,025,rep_2,xanthan,1,mean_diameter_mm,100.0,0.3968379390901868,500.0,0.5277380481220423,3.9683793909018674,125.99601770595031,154.56247635466084
1,100,55,000,rep_1,water,10,count,7.6923,0.20098697575958754,500.0,0.9363216525267145,26.128332977079356,19.136314606776356,16.443122295872524
1,100,55,000,rep_1,water,10,mean_diameter_mm,7.6923,0.08988971766985976,491.0,0.8648542153086365,11.685674982756751,42.01725623248242,35.58271726483314
1,100,55,000,rep_2,water,10,count,7.6923,0.1725462739597292,500.0,0.9136999734939606,22.431038045802843,22.29054219332292,22.547951011483818
1,100,55,000,rep_2,water,10,mean_diameter_mm,7.6923,0.16811780758858982,491.0,0.9005174527817773,21.855336841853518,22.46590860405879,25.70138496368545
1,100,55,0125,rep_1,xanthan,1,count,100.0,0.19440305843569172,500.0,0.12151826044768752,1.9440305843569172,257.19759967943065,391.64843343774015
1,100,55,0125,rep_1,xanthan,1,mean_diameter_mm,100.0,0.39419900431722554,500.0,0.31594090245011064,3.9419900431722557,126.83948831023244,259.91254480967206
1,100,55,0125,rep_2,xanthan,1,count,100.0,0.1334042162888202,499.0,0.15318259946459944,1.3340421628882022,374.05114611944845,366.43102580922766
1,100,55,0125,rep_2,xanthan,1,mean_diameter_mm,100.0,0.21209751559845352,499.0,0.29081020477163905,2.120975155984535,235.269139571024,274.15781693603753
1,100,55,025,rep_1,xanthan,1,count,100.0,0.5439231852022972,500.0,0.5300934740231666,5.439231852022972,91.92474481742101,153.55484287547475
1,100,55,025,rep_1,xanthan,1,mean_diameter_mm,100.0,0.4269993591780768,500.0,0.5518973547124375,4.269993591780768,117.09619446793569,144.37251404768156
1,100,55,025,rep_2,xanthan,1,count,100.0,0.3736628408747562,500.0,0.5272258074830667,3.736628408747562,133.8104690392774,154.7820205107997
1,100,55,025,rep_2,xanthan,1,mean_diameter_mm,100.0,0.4360856387640017,500.0,0.576187987720786,4.360856387640017,114.65637837034737,134.4420892624802
1,100,70,000,rep_1,water,10,count,7.6923,0.18279212930007122,500.0,0.9353204184042815,23.76300057200983,21.041113830925223,16.71030310553133
1,100,70,000,rep_1,water,10,mean_diameter_mm,7.6923,0.2254083203018363,491.0,0.931563048012156,29.30311094234966,16.755900114700562,17.39655532373798
1,100,70,000,rep_2,water,10,count,7.6923,0.29286306197440504,500.0,0.9716207077814618,38.07223612890878,13.132929684168014,7.196945159515895
1,100,70,000,rep_2,water,10,mean_diameter_mm,7.6923,0.28228541687475306,491.0,0.9453588074770655,36.69714089085879,13.379788944874107,13.791196475243117
1,100,70,0125,rep_1,xanthan,1,count,100.0,0.21669652855228344,499.0,0.07633676378456765,2.1669652855228345,230.2759547343666,428.2190949706825
1,100,70,0125,rep_1,xanthan,1,mean_diameter_mm,100.0,0.2585059230192225,499.0,0.2487244711488384,2.585059230192225,193.03232752732492,300.21553798159374
1,100,70,0125,rep_2,xanthan,1,count,100.0,0.21780241580648832,498.0,0.11114961226040874,2.178024158064883,228.64760161451093,398.3689398890576
1,100,70,0125,rep_2,xanthan,1,mean_diameter_mm,100.0,0.4140471685950906,498.0,0.3746169299355144,4.1404716859509065,120.27615155291869,226.56549771049598
1,100,70,025,rep_1,xanthan,1,count,100.0,1.498151289884783,500.0,0.6609130565177428,14.981512898847832,33.37446647584257,102.07847489415978
1,100,70,025,rep_1,xanthan,1,mean_diameter_mm,100.0,1.8222498056261351,500.0,0.6902448076879308,18.22249805626135,27.438609045602135,91.63027476942237
1,100,70,025,rep_2,xanthan,1,count,100.0,0.43385108510128084,499.0,0.51266033979718,4.338510851012808,115.01642317743897,160.764769223614
1,100,70,025,rep_2,xanthan,1,mean_diameter_mm,100.0,0.37052606882354033,499.0,0.6083900521011499,3.7052606882354033,134.67338521804365,121.49625257022967
1,100,80,000,rep_1,water,10,count,7.6923,0.1970024967746761,500.0,0.9342419793946222,25.61035019105808,19.523356622221286,16.998395574569926
1,100,80,000,rep_1,water,10,mean_diameter_mm,7.6923,0.2148890835509073,491.0,0.9197096738214339,27.93560879722674,17.57613387143162,20.53568343758992
1,100,80,000,rep_2,water,10,count,7.6923,0.23744663123004564,500.0,0.9645253744657535,30.868092927998863,16.197955641972158,9.028803087843478
1,100,80,000,rep_2,water,10,mean_diameter_mm,7.6923,0.15418842197925747,491.0,0.9038376215448174,20.04451490181837,24.495479307182343,24.80029141518001
1,100,80,0125,rep_1,xanthan,1,count,100.0,0.17788644877529564,497.0,0.0927189670138995,1.7788644877529562,279.39171500792924,412.65749658059724
1,100,80,0125,rep_1,xanthan,1,mean_diameter_mm,100.0,0.23601939302182964,497.0,0.3167661010165146,2.3601939302182964,210.57591651124704,257.8797005274162
1,100,80,0125,rep_2,xanthan,1,count,100.0,0.1354127112654225,497.0,0.10969822845389109,1.3541271126542251,367.02610512378715,398.7390167098943
1,100,80,0125,rep_2,xanthan,1,mean_diameter_mm,100.0,0.20966438312280578,497.0,0.2628908185276688,2.0966438312280578,237.04550701341316,290.0830838400163
1,100,80,025,rep_1,xanthan,1,count,100.0,1.7114812676032416,500.0,0.5566058110678631,17.114812676032415,29.214459396345017,142.42340153797818
1,100,80,025,rep_1,xanthan,1,mean_diameter_mm,100.0,0.5317513335143619,500.0,0.5830929682599172,5.3175133351436195,94.02891323195819,131.67484162295693
1,100,80,025,rep_2,xanthan,1,count,100.0,0.4841944595027935,500.0,0.6042606028798537,4.841944595027935,103.2642960254929,123.34012205053945
1,100,80,025,rep_2,xanthan,1,mean_diameter_mm,100.0,0.7025644914612013,500.0,0.6500226602017379,7.025644914612013,71.16784381745434,106.05228286848876
1,100,90,000,rep_1,water,10,count,7.6923,0.27473199057938064,500.0,0.9630933359425897,35.71519449051397,13.999643768783088,9.400129729361376
1,100,90,000,rep_1,water,10,mean_diameter_mm,7.6923,0.23743324215184408,491.0,0.9348626329306727,30.866352346092075,15.907289416469208,16.529569948124394
1,100,90,000,rep_2,water,10,count,7.6923,0.27725962741175486,500.0,0.9625402548279735,36.04378760731574,13.87201604468771,9.543688359989865
1,100,90,000,rep_2,water,10,mean_diameter_mm,7.6923,0.2158241567980059,491.0,0.9128574467246509,28.05716844090921,17.499984042726474,22.36810366159788
1,100,90,0125,rep_1,xanthan,1,count,100.0,0.27757973238682976,492.0,0.11909607132648488,2.7757973238682974,177.2463701760323,387.28107801651646
1,100,90,0125,rep_1,xanthan,1,mean_diameter_mm,100.0,0.31202445821261626,492.0,0.30074797089402183,3.1202445821261624,157.67994689209485,264.4878224055067
1,100,90,0125,rep_2,xanthan,1,count,100.0,0.10552419963448305,493.0,0.042869124241745056,1.0552419963448305,467.19141363560567,452.46858956717716
1,100,90,0125,rep_2,xanthan,1,mean_diameter_mm,100.0,0.16897976419668773,493.0,0.23156023865274836,1.6897976419668774,291.75091014221186,307.6104525415856
1,100,90,025,rep_1,xanthan,1,count,100.0,0.5388896414135931,500.0,0.5370439618024432,5.38889641413593,92.7833755884453,150.5994785128536
1,100,90,025,rep_1,xanthan,1,mean_diameter_mm,100.0,0.3731283966700436,500.0,0.4830633925229345,3.7312839667004365,134.0021302217179,174.28001057920775
1,100,90,025,rep_2,xanthan,1,count,100.0,0.5721593160076073,500.0,0.46942383865248855,5.721593160076073,87.38824764558271,180.5388436579564
1,100,90,025,rep_2,xanthan,1,mean_diameter_mm,100.0,0.5598769526325537,500.0,0.5270666483200225,5.598769526325537,89.30533711898464,154.85026544200525
1,125,45,000,rep_1,water,10,count,7.6923,0.1842926263397667,500.0,0.930199879093728,23.958065382235056,20.869798626175836,18.08106032496611
1,125,45,000,rep_1,water,10,mean_diameter_mm,7.6923,0.13897746302579075,491.0,0.8860336597539737,18.067088260441057,27.176487595683756,29.669392574943938
1,125,45,000,rep_2,water,10,count,7.6923,0.2460428343897839,500.0,0.9338321085425365,31.98560045627236,15.63203419249709,17.10797208433259
1,125,45,000,rep_2,water,10,mean_diameter_mm,7.6923,0.14033893466852806,491.0,0.8566576155604607,18.244079750988398,26.912840039158425,37.90742577950657
1,125,45,0125,rep_1,xanthan,1,count,100.0,0.1221631799864293,500.0,0.034884984445502656,1.221631799864293,409.28862530882327,466.2909550628042
1,125,45,0125,rep_1,xanthan,1,mean_diameter_mm,100.0,0.15976196131492754,500.0,0.14576819861567664,1.5976196131492753,312.96561201723426,372.77688559361775
1,125,45,0125,rep_2,xanthan,1,count,100.0,0.14270055446193242,500.0,0.09426896119178024,1.4270055446193242,350.38406254643024,413.8521108292144
1,125,45,0125,rep_2,xanthan,1,mean_diameter_mm,100.0,0.2304975280934152,500.0,0.1898737852688161,2.304975280934152,216.92206599168463,340.42527231077713
1,125,45,025,rep_1,xanthan,1,count,100.0,0.23847620436368477,500.0,0.2825979785827982,2.3847620436368477,209.664524531547,279.66753160249493
1,125,45,025,rep_1,xanthan,1,mean_diameter_mm,100.0,0.30841349284817393,500.0,0.3764540223224124,3.084134928481739,162.12001471872713,226.50447002418358
1,125,45,025,rep_2,xanthan,1,count,100.0,0.18957551235658815,500.0,0.2725811922981017,1.8957551235658814,263.74714423005696,285.80447837213546
1,125,45,025,rep_2,xanthan,1,mean_diameter_mm,100.0,0.27416095528200585,500.0,0.39059218248415617,2.741609552820058,182.37461985996254,219.1180941443223
1,125,55,000,rep_1,water,10,count,7.6923,0.14112919345533848,500.0,0.9241882085077446,18.3468134960075,27.25268887203799,19.69968196381613
1,125,55,000,rep_1,water,10,mean_diameter_mm,7.6923,0.1116987162787385,491.0,0.8862362180200342,14.520847637083639,33.81345306220789,29.61347917006752
1,125,55,000,rep_2,water,10,count,7.6923,0.14705300352995423,500.0,0.9153338066850512,19.116909575803625,26.154855104449137,22.102203025770265
1,125,55,000,rep_2,water,10,mean_diameter_mm,7.6923,0.2322812357837653,491.0,0.940332827872657,30.196590848480337,16.260113681830077,15.09874032623856
1,125,55,0125,rep_1,xanthan,1,count,100.0,0.17043333875256114,500.0,0.05614866035884926,1.7043333875256117,293.36983225207535,446.83640431852507
1,125,55,0125,rep_1,xanthan,1,mean_diameter_mm,100.0,0.1,500.0,0.11061957369911593,1.0,500.0,400.39832151464987
1,125,55,0125,rep_2,xanthan,1,count,100.0,0.18662558459925122,499.0,0.14427809462060268,1.8662558459925123,267.3802742917179,373.1656078987489
1,125,55,0125,rep_2,xanthan,1,mean_diameter_mm,100.0,0.45699224734933447,499.0,0.30307390296290054,4.569922473493345,109.19222435267132,266.881350037607
1,125,55,025,rep_1,xanthan,1,count,100.0,0.1450507385223665,500.0,0.14568085278821233,1.450507385223665,344.7069660544342,372.8434254324206
1,125,55,025,rep_1,xanthan,1,mean_diameter_mm,100.0,0.1866405589618752,500.0,0.275001081114723,1.8664055896187521,267.89461132193367,284.3130604451788
1,125,55,025,rep_2,xanthan,1,count,100.0,0.34586445585817543,500.0,0.2913080991519254,3.4586445585817547,144.565303410371,274.4085247020104
1,125,55,025,rep_2,xanthan,1,mean_diameter_mm,100.0,0.36201198173208887,500.0,0.4326291481079473,3.6201198173208886,138.11697546796415,198.0173489564174
1,125,70,000,rep_1,water,10,count,7.6923,0.23543116159289765,500.0,0.9409702251080727,30.606081613158306,16.33662245039031,15.206254616461344
1,125,70,000,rep_1,water,10,mean_diameter_mm,7.6923,0.3050081704958745,491.0,0.9689495368291039,39.6511018155655,12.383010244806169,7.74310216272102
1,125,70,000,rep_2,water,10,count,7.6923,0.18767481782306053,500.0,0.9373752812613521,24.397750714748582,20.493692465582374,16.162258119107246
1,125,70,000,rep_2,water,10,mean_diameter_mm,7.6923,0.22369188145541696,491.0,0.9072587542958958,29.07997366917787,16.884471959492018,23.875078060672333
1,125,70,0125,rep_1,xanthan,1,count,100.0,0.1766314098180706,498.0,0.11853918189853717,1.766314098180706,281.9430590023243,392.4471261430941
1,125,70,0125,rep_1,xanthan,1,mean_diameter_mm,100.0,0.16956380538038396,498.0,0.0816181547059653,1.6956380538038396,293.69475336014796,422.8425317812455
1,125,70,0125,rep_2,xanthan,1,count,100.0,0.1469887173263484,500.0,0.08214367821547396,1.4698871732634842,340.16216284810906,424.0917080891382
1,125,70,0125,rep_2,xanthan,1,mean_diameter_mm,100.0,0.30475461087024547,500.0,0.26476890917619,3.0475461087024547,164.0664266152428,290.65827183509134
1,125,70,025,rep_1,xanthan,1,count,100.0,0.21089984260577288,499.0,0.2715279547093826,2.108998426057729,236.60520265667617,285.8824686108459
1,125,70,025,rep_1,xanthan,1,mean_diameter_mm,100.0,0.22637901429188903,499.0,0.36710381522781205,2.2637901429188902,220.42679245727186,231.01039780851963
1,125,70,025,rep_2,xanthan,1,count,100.0,0.2511409950051892,500.0,0.28734289731357143,2.5114099500518923,199.09135105149548,276.79381467579543
1,125,70,025,rep_2,xanthan,1,mean_diameter_mm,100.0,0.18964571041946207,500.0,0.25090717486343184,1.8964571041946205,263.6495172467072,299.4198291405398
1,125,80,000,rep_1,water,10,count,7.6923,0.2677614442007747,500.0,0.966982805346439,34.80902255512326,14.364091930711481,8.392852892210664
1,125,80,000,rep_1,water,10,mean_diameter_mm,7.6923,0.27158784117544,491.0,0.9154060880424006,35.30645465926186,13.90680556115246,21.685015532989066
1,125,80,000,rep_2,water,10,count,7.6923,0.2466032558216356,500.0,0.9548578242465887,32.05845531526794,15.596509410167164,11.546153176333755
1,125,80,000,rep_2,water,10,mean_diameter_mm,7.6923,0.19416888718088435,491.0,0.836931997045818,25.24198057549554,19.451722440379896,43.58701877873941
1,125,80,0125,rep_1,xanthan,1,count,100.0,0.15423176113458192,499.0,0.06619039415993684,1.542317611345819,323.5390663564912,437.0429483013071
1,125,80,0125,rep_1,xanthan,1,mean_diameter_mm,100.0,0.12816538062317986,499.0,0.12706043399063927,1.2816538062317986,389.3407077431574,386.48934014685574
1,125,80,0125,rep_2,xanthan,1,count,100.0,0.23221363017662197,497.0,0.18470323696454347,2.3221363017662195,214.02705759432865,342.02868582248084
1,125,80,0125,rep_2,xanthan,1,mean_diameter_mm,100.0,0.37341096644703237,497.0,0.1898410040481882,3.7341096644703238,133.09732296533892,338.4057362438514
1,125,80,025,rep_1,xanthan,1,count,100.0,0.2816254848953154,500.0,0.34743556380301,2.8162548489531543,177.54075068378765,242.1505167769167
1,125,80,025,rep_1,xanthan,1,mean_diameter_mm,100.0,0.2590516554161022,500.0,0.3951722456206176,2.5905165541610224,193.01169845715674,216.7573775488687
1,125,80,025,rep_2,xanthan,1,count,100.0,0.16865951723009326,500.0,0.2914044858117489,1.6865951723009327,296.45525388162736,274.35072511105744
1,125,80,025,rep_2,xanthan,1,mean_diameter_mm,100.0,0.1942440129226344,500.0,0.37677416495913657,1.942440129226344,257.4081911081323,226.33553523259246
1,125,90,000,rep_1,water,10,count,7.6923,0.26451249416326716,500.0,0.9554665244215887,34.38665862788336,14.54052298046084,11.386918421317363
1,125,90,000,rep_1,water,10,mean_diameter_mm,7.6923,0.24754352922358,491.0,0.864910192328594,32.18069097975638,15.257596560274887,35.56691139311081
1,125,90,000,rep_2,water,10,count,7.6923,0.12972056642233026,500.0,0.9311479452542705,16.86369049859343,29.649500507715324,17.826716724353275
1,125,90,000,rep_2,water,10,mean_diameter_mm,7.6923,0.06914670681033477,491.0,0.7717845452361588,8.989080874424396,54.62182472926528,63.24346184773303
1,125,90,0125,rep_1,xanthan,1,count,100.0,0.17653227209682995,499.0,0.19109844483111593,1.7653227209682996,282.66786241004866,338.88204436914106
1,125,90,0125,rep_1,xanthan,1,mean_diameter_mm,100.0,0.24828108133780596,499.0,0.3180637342856247,2.4828108133780598,200.98188605883797,258.17127635023235
1,125,90,0125,rep_2,xanthan,1,count,100.0,0.12483015554526489,498.0,0.22097269338270148,1.2483015554526489,398.94206477970727,317.7430591183696
1,125,90,0125,rep_2,xanthan,1,mean_diameter_mm,100.0,0.2910303425731816,498.0,0.2251113153607329,2.910303425731816,171.11617833277109,314.987348587772
1,125,90,025,rep_1,xanthan,1,count,100.0,0.28338908856794054,500.0,0.3378985814677136,2.833890885679405,176.43586862382972,247.44081042598233
1,125,90,025,rep_1,xanthan,1,mean_diameter_mm,100.0,0.20823769259304303,500.0,0.3493757186875438,2.08237692593043,240.11022873613248,241.08344040208425
1,125,90,025,rep_2,xanthan,1,count,100.0,0.18303652237282916,498.0,0.3526798315613366,1.8303652237282915,272.07684758434067,238.31614574334463
1,125,90,025,rep_2,xanthan,1,mean_diameter_mm,100.0,0.23347465602088682,498.0,0.4236368837374107,2.334746560208868,213.29938267708533,201.61660264466133
1,150,45,000,rep_1,water,10,count,7.6923,0.15795559134138326,500.0,0.9343863822770575,20.534247408627234,24.349565389473714,16.959801393376644
1,150,45,000,rep_1,water,10,mean_diameter_mm,7.6923,0.26149266147974354,491.0,0.9292299372034425,33.99407998644665,14.443691377903459,18.01138379776524
1,150,45,000,rep_2,water,10,count,7.6923,0.1923800380481919,500.0,0.9246867444886921,25.009429955694902,19.9924588799412,19.5650683746241
1,150,45,000,rep_2,water,10,mean_diameter_mm,7.6923,0.29013062642840837,491.0,0.9458276772980354,37.71701915271224,13.01799588169979,13.669561162579045
1,150,45,0125,rep_1,xanthan,1,count,100.0,0.18749228987599062,499.0,0.22662537999483273,1.8749228987599063,266.14427736204186,314.6143408382795
1,150,45,0125,rep_1,xanthan,1,mean_diameter_mm,100.0,0.18991235525724565,499.0,0.21882285394290754,1.8991235525724566,262.75278368491604,319.82284761190454
1,150,45,0125,rep_2,xanthan,1,count,100.0,0.14603813100034754,498.0,0.14278971022556922,1.4603813100034753,341.00682923613624,373.5514246303502
1,150,45,0125,rep_2,xanthan,1,mean_diameter_mm,100.0,0.15186878651890903,498.0,0.2226269316158542,1.51868786518909,327.91465014965047,316.63934275000923
1,150,45,025,rep_1,xanthan,1,count,100.0,0.20716051271019736,454.0,0.2905673278739898,2.0716051271019738,219.1537344933652,249.56654812871304
1,150,45,025,rep_1,xanthan,1,mean_diameter_mm,100.0,0.2103310020799923,454.0,0.37526585734685164,2.103310020799923,215.85025293957207,206.23597921037899
1,150,45,025,rep_2,xanthan,1,count,100.0,0.12993395949540376,500.0,0.013114304814350471,1.2993395949540378,384.81087003100737,487.05545390877325
1,150,45,025,rep_2,xanthan,1,mean_diameter_mm,100.0,0.17334224932988396,500.0,0.21300239472839821,1.7334224932988396,288.4467012127324,324.40068077846513
1,150,55,000,rep_1,water,10,count,7.6923,0.13125789518852657,500.0,0.9058207551414743,17.06354343805189,29.302237358566128,24.708316509947576
1,150,55,000,rep_1,water,10,mean_diameter_mm,7.6923,0.04458199958533066,491.0,0.7525956458484577,5.795665741758728,84.71848134067912,69.31178801919204
1,150,55,000,rep_2,water,10,count,7.6923,0.25802415423615505,500.0,0.9560681853637356,33.543173593873746,14.906162608636379,11.229622506256131
1,150,55,000,rep_2,water,10,mean_diameter_mm,7.6923,0.15671863705811173,488.0,0.7721467335842317,20.373443190997715,23.952750422453356,62.74446235386176
1,150,55,0125,rep_1,xanthan,1,count,100.0,0.18988198401067355,499.0,0.17049580370455558,1.8988198401067355,262.7948104713033,353.63013916101556
1,150,55,0125,rep_1,xanthan,1,mean_diameter_mm,100.0,0.16513865330588534,499.0,0.20309611558497323,1.6513865330588533,302.17032173303807,330.5264086317403
1,150,55,0125,rep_2,xanthan,1,count,100.0,0.1263564132095293,499.0,0.1635928868078766,1.263564132095293,394.91466030500413,358.68829572157904
1,150,55,0125,rep_2,xanthan,1,mean_diameter_mm,100.0,0.21176042802739348,499.0,0.22534574846349278,2.1176042802739348,235.64364912194503,315.4640002639498
1,150,55,025,rep_1,xanthan,1,count,100.0,0.22046235535271955,498.0,0.2466809576406177,2.2046235535271954,225.88890479884682,300.92132297020146
1,150,55,025,rep_1,xanthan,1,mean_diameter_mm,100.0,0.21598645371304662,498.0,0.2689585230460363,2.159864537130466,230.57001559071315,286.8956304806397
1,150,55,025,rep_2,xanthan,1,count,100.0,0.19092363115454022,156.0,0.14734885393878264,1.9092363115454023,81.70806256755517,115.93124299459747
1,150,55,025,rep_2,xanthan,1,mean_diameter_mm,100.0,0.17816493610568543,156.0,0.30192691807112226,1.7816493610568542,87.55931633341285,83.6447877905816
1,150,70,000,rep_1,water,10,count,7.6923,0.10319702259489329,500.0,0.9289218805480539,13.415626352962478,37.26997061822525,18.42431260921543
1,150,70,000,rep_1,water,10,mean_diameter_mm,7.6923,0.06037793453144905,491.0,0.5665161945395235,7.849139338227714,62.55462909273116,135.8687188954713
1,150,70,000,rep_2,water,10,count,7.6923,0.21508899885134475,500.0,0.9527943246514853,27.961597812272625,17.88166768426034,12.086699237242895
1,150,70,000,rep_2,water,10,mean_diameter_mm,7.6923,0.2281719998623732,491.0,0.9182119601679553,29.662389644498155,16.552948224489114,20.935083500374905
1,150,70,0125,rep_1,xanthan,1,count,100.0,0.18412813995882252,499.0,0.12018458775333456,1.8412813995882251,271.00691948096244,391.9245948487914
1,150,70,0125,rep_1,xanthan,1,mean_diameter_mm,100.0,0.2002021994605712,499.0,0.2148103188833112,2.002021994605712,249.2480109332043,322.5274306505648
1,150,70,0125,rep_2,xanthan,1,count,100.0,0.1356085950934574,497.0,0.09210950079534358,1.3560859509345742,366.49594345954426,413.16514303383127
1,150,70,0125,rep_2,xanthan,1,mean_diameter_mm,100.0,0.12465939396367717,497.0,0.21450272388170033,1.2465939396367718,398.68635984610523,321.44196843219385
1,150,70,025,rep_1,xanthan,1,count,100.0,0.15218677905944178,500.0,0.16237399378231177,1.5218677905944178,328.5436508283731,360.3083046843175
1,150,70,025,rep_1,xanthan,1,mean_diameter_mm,100.0,0.21476626223995562,500.0,0.30646352178624225,2.1476626223995563,232.81124082764745,265.4251215776506
1,150,70,025,rep_2,xanthan,1,count,100.0,0.19759077615462087,495.0,0.1844719982777406,1.9759077615462086,250.51776688839325,340.8154531635117
1,150,70,025,rep_2,xanthan,1,mean_diameter_mm,100.0,0.19914513726623262,495.0,0.24758725284813682,1.9914513726623262,248.56243380838654,298.53167302720766
1,150,80,000,rep_1,water,10,count,7.6923,0.2799491283245642,500.0,0.9601987313662838,36.39342307561642,13.73874611797646,10.15235547213477
1,150,80,000,rep_1,water,10,mean_diameter_mm,7.6923,0.24131503888047987,491.0,0.9594487827297437,31.37098642544881,15.651404560287922,10.161351424535823
1,150,80,000,rep_2,water,10,count,7.6923,0.26016998923921436,500.0,0.9551756220843426,33.82213242323029,14.783219276161946,11.463005524759906
1,150,80,000,rep_2,water,10,mean_diameter_mm,7.6923,0.29229829866024915,491.0,0.934934833188707,37.99881682464921,12.921454956500023,16.510631963608464
1,150,80,0125,rep_1,xanthan,1,count,100.0,0.17354472879311772,497.0,0.19586333245387175,1.735447287931177,286.3815014470838,334.1986604358419
1,150,80,0125,rep_1,xanthan,1,mean_diameter_mm,100.0,0.1289414072632174,497.0,0.20732522991183389,1.2894140726321741,385.4463903790332,326.30756897425874
1,150,80,0125,rep_2,xanthan,1,count,100.0,0.15877753462593983,497.0,0.19658746023689846,1.5877753462593984,313.0165745241418,333.69565161848635
1,150,80,0125,rep_2,xanthan,1,mean_diameter_mm,100.0,0.21611685142286235,497.0,0.2661186493143364,2.1611685142286237,229.96818467781168,288.0765017467347
1,150,80,025,rep_1,xanthan,1,count,100.0,0.2570657285836727,500.0,0.28535079108851646,2.570657285836727,194.50278446481218,277.99773177339137
1,150,80,025,rep_1,xanthan,1,mean_diameter_mm,100.0,0.18302770521202544,500.0,0.2395060428584545,1.8302770521202545,273.1826853321377,306.7729929689379
1,150,80,025,rep_2,xanthan,1,count,100.0,0.1737902986247817,499.0,0.26912739657392754,1.737902986247817,287.12764978749215,287.36707606671365
1,150,80,025,rep_2,xanthan,1,mean_diameter_mm,100.0,0.18555923598719495,499.0,0.27083354288643136,1.8555923598719497,268.9168218144824,286.3113459165176
1,150,90,000,rep_1,water,10,count,7.6923,0.2837205791310351,500.0,0.9725342769320353,36.88371217074673,13.556119234564486,6.96203949131958
1,150,90,000,rep_1,water,10,mean_diameter_mm,7.6923,0.14669617397598958,491.0,0.8521960968941592,19.070521687400333,25.746542650922752,39.18144333996771
1,150,90,000,rep_2,water,10,count,7.6923,0.2662187620513309,500.0,0.9483259605456184,34.60847367514669,14.447328844758154,13.261138151623923
1,150,90,000,rep_2,water,10,mean_diameter_mm,7.6923,0.14437597547104847,491.0,0.8039553485945147,18.76889558013188,26.16030324766451,53.35937162474066
1,150,90,0125,rep_1,xanthan,1,count,100.0,0.15916960555540902,491.0,0.17675536273522172,1.5916960555540902,308.47597962355724,343.498002811275
1,150,90,0125,rep_1,xanthan,1,mean_diameter_mm,100.0,0.2055677690070524,491.0,0.19141175633217147,2.055677690070524,238.85067312432392,333.2322562126989
1,150,90,0125,rep_2,xanthan,1,count,100.0,0.10890612236707134,498.0,0.14209861816040356,1.0890612236707133,457.2745674678198,374.0788066483025
1,150,90,0125,rep_2,xanthan,1,mean_diameter_mm,100.0,0.19383453970955317,498.0,0.2348477839814446,1.9383453970955316,256.92015506948167,308.5771449082232
1,150,90,025,rep_1,xanthan,1,count,100.0,0.19822789355328146,500.0,0.2756959560253583,1.9822789355328145,252.2349357789072,283.88584307789563
1,150,90,025,rep_1,xanthan,1,mean_diameter_mm,100.0,0.25154080306140975,500.0,0.22764605623655682,2.5154080306140973,198.77490805256468,314.5670284361738
1,150,90,025,rep_2,xanthan,1,count,100.0,0.15388923556511114,500.0,0.25320794044694495,1.5388923556511114,324.9090153472418,297.9521735581721
1,150,90,025,rep_2,xanthan,1,mean_diameter_mm,100.0,0.13961283941319802,500.0,0.2843644394246638,1.3961283941319802,358.13325056745,278.5952096649094
1,75,45,000,rep_1,water,10,count,7.6923,0.16032194067283934,500.0,0.9227281698613432,20.841873129342243,23.99016618597849,20.0943199745779
1,75,45,000,rep_1,water,10,mean_diameter_mm,7.6923,0.1469216983776633,491.0,0.8528448309229802,19.09983988893612,25.70702177898462,38.995811635680425
1,75,45,000,rep_2,water,10,count,7.6923,0.18503050920221764,500.0,0.9347742370104062,24.05399025027854,20.786571990657976,16.856168989096115
1,75,45,000,rep_2,water,10,mean_diameter_mm,7.6923,0.07238032716928983,491.0,0.795227507962013,9.409451941459618,52.18157264150231,56.005878444226184
1,75,45,0125,rep_1,xanthan,1,count,100.0,3.2269585741256464,499.0,0.36443283411934796,32.26958574125646,15.463477095772928,232.43944871727138
1,75,45,0125,rep_1,xanthan,1,mean_diameter_mm,100.0,0.19828075243308788,499.0,0.13925110361357557,1.982807524330879,251.66335808030246,377.0140734860445
1,75,45,0125,rep_2,xanthan,1,count,100.0,1.3954054789802948,500.0,0.2852997191108576,13.954054789802946,35.831878800230854,278.0286458724026
1,75,45,0125,rep_2,xanthan,1,mean_diameter_mm,100.0,0.11574860608846077,500.0,0.007864137255781233,1.1574860608846078,431.97064474182554,492.1972248390603
1,75,45,025,rep_1,xanthan,1,count,100.0,3.124940749286391,500.0,0.6868919120331597,31.249407492863913,16.00030336940563,92.8062093763496
1,75,45,025,rep_1,xanthan,1,mean_diameter_mm,100.0,1.445680217565928,500.0,0.7739552391340244,14.456802175659279,34.58579524881673,63.71208130829777
1,75,45,025,rep_2,xanthan,1,count,100.0,1.0510375682330628,499.0,0.7037277110415936,10.510375682330627,47.476894744960155,86.77435439484704
1,75,45,025,rep_2,xanthan,1,mean_diameter_mm,100.0,0.5367916012521587,499.0,0.7171479105549584,5.3679160125215875,92.95972568050556,82.19629291425468
1,75,55,000,rep_1,water,10,count,7.6923,0.3122634166093544,500.0,0.9764110900910523,40.59428475350082,12.317004796023173,5.967612210641096
1,75,55,000,rep_1,water,10,mean_diameter_mm,7.6923,0.05183578925506995,491.0,0.5965611086616548,6.738659341818436,72.86315795086668,124.07197856221028
1,75,55,000,rep_2,water,10,count,7.6923,0.22888241683948468,500.0,0.9602433371916149,29.75474394387695,16.804043111347024,10.140746828233919
1,75,55,000,rep_2,water,10,mean_diameter_mm,7.6923,0.19112551204763084,491.0,0.8729386305638422,24.846341412533423,19.761460725655215,33.30975792536887
1,75,55,0125,rep_1,xanthan,1,count,100.0,0.42365558979074447,498.0,0.13506008965805438,4.2365558979074445,117.54831329995584,379.48658337555736
1,75,55,0125,rep_1,xanthan,1,mean_diameter_mm,100.0,0.12884760601398745,498.0,0.07011361182567885,1.2884760601398744,386.50310658153643,432.74229595188814
1,75,55,0125,rep_2,xanthan,1,count,100.0,0.24638708718876842,495.0,0.10606947197925448,2.4638708718876843,200.90338566353432,400.0613185521212
1,75,55,0125,rep_2,xanthan,1,mean_diameter_mm,100.0,0.17905736306489242,495.0,0.19385543224599253,1.7905736306489242,276.44772129287213,334.2461325384426
1,75,55,025,rep_1,xanthan,1,count,100.0,1.0895627594264747,500.0,0.6245615597391629,10.895627594264747,45.889967849414255,115.55069674340838
1,75,55,025,rep_1,xanthan,1,mean_diameter_mm,100.0,0.5317356272524749,500.0,0.6506375981433412,5.31735627252475,94.0316906323438,105.82650069573909
1,75,55,025,rep_2,xanthan,1,count,100.0,3.0238777089056756,500.0,0.7173072770729753,30.238777089056757,16.535060215148288,82.30697170539388
1,75,55,025,rep_2,xanthan,1,mean_diameter_mm,100.0,0.5395450109420971,500.0,0.7214685577544537,5.39545010942097,92.67067433854172,80.89936960825843
1,75,70,000,rep_1,water,10,count,7.6923,0.2244036106365674,500.0,0.9395034181922006,29.172498555252318,17.139430105824044,15.595894608989108
1,75,70,000,rep_1,water,10,mean_diameter_mm,7.6923,0.08516480714169587,491.0,0.8492683098539322,11.071435999856464,44.34835734103197,40.020833898118894
1,75,70,000,rep_2,water,10,count,7.6923,0.28325647166804235,500.0,0.9531002815163044,36.823378140223646,13.578330540343066,12.00647988419842
1,75,70,000,rep_2,water,10,mean_diameter_mm,7.6923,0.21912189733224907,491.0,0.8929506958159644,28.485875139067517,17.23661279855181,27.766813193042378
1,75,70,0125,rep_1,xanthan,1,count,100.0,0.1,490.0,0.08496269776025357,1.0,490.0,413.25686037231173
1,75,70,0125,rep_1,xanthan,1,mean_diameter_mm,100.0,0.17361097416456883,490.0,0.1853659174196475,1.7361097416456883,282.2402226344981,336.7489267223944
1,75,70,0125,rep_2,xanthan,1,count,100.0,0.14759593418800812,490.0,0.03942228098554216,1.4759593418800812,331.9874647602668,452.83143427597093
1,75,70,0125,rep_2,xanthan,1,mean_diameter_mm,100.0,0.4630733888861572,490.0,0.33605935587519503,4.630733888861572,105.81476106381541,243.50034614146628
1,75,70,025,rep_1,xanthan,1,count,100.0,4.052156648847844,500.0,0.6619190217450841,40.52156648847844,12.33910836448452,101.71403474879205
1,75,70,025,rep_1,xanthan,1,mean_diameter_mm,100.0,2.452487916962381,500.0,0.753391203880629,24.524879169623816,20.387460282344357,70.32338122079463
1,75,70,025,rep_2,xanthan,1,count,100.0,0.7574316481765347,500.0,0.6220255124287933,7.574316481765347,66.01255719954614,116.51311421274568
1,75,70,025,rep_2,xanthan,1,mean_diameter_mm,100.0,0.6534306329679346,500.0,0.691962779476539,6.534306329679346,76.5192163901101,91.02954989907103
1,75,80,000,rep_1,water,10,count,7.6923,0.2740555496421145,500.0,0.9676340168832005,35.627257080731965,14.034198559462256,8.224594319645968
1,75,80,000,rep_1,water,10,mean_diameter_mm,7.6923,0.1235974609015469,491.0,0.7759095202341291,16.06768598488708,30.558227268184353,61.95609872654824
1,75,80,000,rep_2,water,10,count,7.6923,0.3037633072809941,500.0,0.945965146844001,39.48926943579867,12.661667514839593,13.88381833139037
1,75,80,000,rep_2,water,10,mean_diameter_mm,7.6923,0.08134261819425792,491.0,0.6397647109638455,10.57455093980447,46.432231760479745,107.86640652413195
1,75,80,0125,rep_1,xanthan,1,count,100.0,0.26656159638020593,490.0,0.09648781233033513,2.665615963802059,183.8224285320892,403.7627842093686
1,75,80,0125,rep_1,xanthan,1,mean_diameter_mm,100.0,0.25959953551695464,490.0,0.18414264271742176,2.5959953551695465,188.75226376050188,337.6029970097636
1,75,80,0125,rep_2,xanthan,1,count,100.0,0.2903148541248895,488.0,0.12326700190317709,2.903148541248895,168.09336245332767,380.89403707786374
1,75,80,0125,rep_2,xanthan,1,mean_diameter_mm,100.0,0.21510665747164565,488.0,0.14184653046278642,2.1510665747164563,226.8642011065259,366.75584849781046
1,75,80,025,rep_1,xanthan,1,count,100.0,0.9766458104832499,500.0,0.5800854859539636,9.7664581048325,51.19563250392659,132.87715056521657
1,75,80,025,rep_1,xanthan,1,mean_diameter_mm,100.0,0.6206483519579172,500.0,0.6121065806967545,6.206483519579173,80.56091640663894,120.30638170821108
1,75,80,025,rep_2,xanthan,1,count,100.0,0.9350508630223038,500.0,0.6384581676837334,9.350508630223038,53.47302695212565,110.32989411849721
1,75,80,025,rep_2,xanthan,1,mean_diameter_mm,100.0,0.7644187033092942,500.0,0.6687203443189869,7.644187033092941,65.4091792672547,99.26158592385653
1,75,90,000,rep_1,water,10,count,7.6923,0.2765360604185493,500.0,0.9655198819688561,35.9497238041352,13.908312695923586,8.771246311842258
1,75,90,000,rep_1,water,10,mean_diameter_mm,7.6923,0.142034112193318,480.0,0.8817666816094497,18.464453049584385,25.99589593642495,30.158889187539938
1,75,90,000,rep_2,water,10,count,7.6923,0.2427225147940415,500.0,0.9403280011442724,31.553958477183873,15.845872408101869,15.376781353600308
1,75,90,000,rep_2,water,10,mean_diameter_mm,7.6923,0.15634230212620015,491.0,0.8959582576049279,20.32451960092562,24.158012570080075,26.94389252035168
1,75,90,0125,rep_1,xanthan,1,count,100.0,0.11284512942076408,486.0,-0.011772381100378728,1.1284512942076408,430.6787563580688,497.57906762645376
1,75,90,0125,rep_1,xanthan,1,mean_diameter_mm,100.0,0.4151545350566339,486.0,0.36054282534607207,4.151545350566339,117.06484187477359,228.42073111719873
1,75,90,0125,rep_2,xanthan,1,count,100.0,0.149161297647413,484.0,0.1162221806152982,1.4916129764741302,324.48095292391304,383.21086250625007
1,75,90,0125,rep_2,xanthan,1,mean_diameter_mm,100.0,0.2053659041286121,484.0,0.2974816040158392,2.053659041286121,235.6769017007278,262.0606740041171
1,75,90,025,rep_1,xanthan,1,count,100.0,0.9361344133760007,500.0,0.621873875988766,9.361344133760007,53.41113336458167,116.57075485623432
1,75,90,025,rep_1,xanthan,1,mean_diameter_mm,100.0,1.0733531235366378,500.0,0.7151962753525831,10.73353123536638,46.582992030854506,83.02365412636854
1,75,90,025,rep_2,xanthan,1,count,100.0,1.395315356289609,500.0,0.5729642993036935,13.953153562896091,35.83419316258288,135.74233721812473
1,75,90,025,rep_2,xanthan,1,mean_diameter_mm,100.0,1.1508350013227995,500.0,0.6468756357323155,11.508350013227993,43.44671472672339,107.21039178852772
2,100,45,000,rep_1,water,10,count,7.6923,0.14202081704465705,500.0,0.8611999610474735,18.462724678530094,27.081593248337786,37.287782575068
2,100,45,000,rep_1,water,10,mean_diameter_mm,7.6923,0.08192451056382107,489.0,0.7401197748449985,10.65019702349376,45.91464354333468,73.03027753484128
2,100,45,000,rep_2,water,10,count,7.6923,0.14234950490242962,500.0,0.8636042833150103,18.505454142769995,27.019061307141598,36.59460270244893
2,100,45,000,rep_2,water,10,mean_diameter_mm,7.6923,0.03343604047774108,489.0,0.4795518780316851,4.346689608795949,112.49940621719594,172.0109550880215
2,100,45,0125,rep_1,xanthan,1,count,100.0,0.1586205492987631,496.0,0.12114141731166414,1.586205492987631,312.69592886466427,388.81255324477564
2,100,45,0125,rep_1,xanthan,1,mean_diameter_mm,100.0,0.14641521723206874,496.0,0.08973954938805415,1.4641521723206872,338.76260226000824,414.3092574340905
2,100,45,0125,rep_2,xanthan,1,count,100.0,0.13081160006295306,497.0,0.0010387934708480208,1.3081160006295305,379.93572417187687,495.96851079422925
2,100,45,0125,rep_2,xanthan,1,mean_diameter_mm,100.0,0.1876210860442946,497.0,0.04107731792111087,1.876210860442946,264.89559914532504,457.7801905672887
2,100,45,025,rep_1,xanthan,1,count,100.0,0.2853555244366902,500.0,0.3268805274906933,2.853555244366902,175.22001755074885,253.64735504192853
2,100,45,025,rep_1,xanthan,1,mean_diameter_mm,100.0,0.8983869811776063,500.0,0.5563873271308242,8.983869811776064,55.65530339103975,142.51358422680326
2,100,45,025,rep_2,xanthan,1,count,100.0,0.23346611544381024,500.0,0.20336179488152495,2.3346611544381024,214.16384088522608,331.00527559831113
2,100,45,025,rep_2,xanthan,1,mean_diameter_mm,100.0,0.40159390950488916,500.0,0.43614499400797996,4.015939095048892,124.5038802048647,196.3085232844139
2,100,55,000,rep_1,water,10,count,7.6923,0.05312345910302725,500.0,0.8895191782866796,6.906056589450132,72.4002176240219,29.23516812713667
2,100,55,000,rep_1,water,10,mean_diameter_mm,7.6923,0.037521321600585814,491.0,0.6750361401933063,4.877776685852841,100.66061478871342,95.25600751914106
2,100,55,000,rep_2,water,10,count,7.6923,0.22969897387417335,500.0,0.9148154080592235,29.860896464538996,16.74430640733676,22.243551932537475
2,100,55,000,rep_2,water,10,mean_diameter_mm,7.6923,0.11018668806643511,491.0,0.6688127775588445,14.324283772920337,34.27745552822836,97.44228256478185
2,100,55,0125,rep_1,xanthan,1,count,100.0,0.1376523110455796,494.0,0.046848537197014005,1.3765231104557962,358.8751952275077,449.7850509352731
2,100,55,0125,rep_1,xanthan,1,mean_diameter_mm,100.0,0.16295663898443843,494.0,0.1972094441889475,1.6295663898443842,303.14812767289254,331.2524274642045
2,100,55,0125,rep_2,xanthan,1,count,100.0,0.19740267131593398,494.0,0.11350456894941553,1.9740267131593399,250.24990629907714,393.28868075698307
2,100,55,0125,rep_2,xanthan,1,mean_diameter_mm,100.0,0.17704209540481247,494.0,0.09428111363083053,1.7704209540481248,279.029684364305,408.87585858245393
2,100,55,025,rep_1,xanthan,1,count,100.0,0.1532138384692091,499.0,0.14463402482647159,1.532138384692091,325.68859639939274,372.89440323626457
2,100,55,025,rep_1,xanthan,1,mean_diameter_mm,100.0,0.479532996716323,499.0,0.2576652015508704,4.79532996716323,104.05957534037914,294.533922040088
2,100,55,025,rep_2,xanthan,1,count,100.0,0.19378077260106388,500.0,0.14808301387153847,1.937807726010639,258.0235351983806,371.0171546113408
2,100,55,025,rep_2,xanthan,1,mean_diameter_mm,100.0,0.9175340844240875,500.0,0.4857884012057154,9.175340844240875,54.49388840021536,173.04334802216874
2,100,70,000,rep_1,water,10,count,7.6923,0.09616110694211549,500.0,0.8557492056890923,12.500956403431417,39.99693974316668,38.86591837643905
2,100,70,000,rep_1,water,10,mean_diameter_mm,7.6923,0.023141421202957504,484.0,0.5624334288831404,3.00838776477224,160.8835156383648,135.5463960931419
2,100,70,000,rep_2,water,10,count,7.6923,0.1306842433922984,500.0,0.8687135056096122,16.98896862996742,29.43086251380987,35.12750723861212
2,100,70,000,rep_2,water,10,mean_diameter_mm,7.6923,0.03516475036765002,486.0,0.49516573089992616,4.571422119216622,106.31265005194555,164.09515661849895
2,100,70,0125,rep_1,xanthan,1,count,100.0,0.15798312451731486,490.0,0.10932515234390348,1.5798312451731484,310.15970946080154,393.4199764869199
2,100,70,0125,rep_1,xanthan,1,mean_diameter_mm,100.0,0.13379882960124057,490.0,0.08479616829976047,1.3379882960124054,366.22143964961623,413.39552133189113
2,100,70,0125,rep_2,xanthan,1,count,100.0,0.1,497.0,0.047601191663331745,1.0,497.0,451.8343540558347
2,100,70,0125,rep_2,xanthan,1,mean_diameter_mm,100.0,0.15183569162810406,497.0,0.14795457521938263,1.5183569162810406,327.32751744386803,368.8879205303391
2,100,70,025,rep_1,xanthan,1,count,100.0,0.11295304164364924,499.0,0.08952047211811597,1.1295304164364923,441.7765052970189,416.9993093657132
2,100,70,025,rep_1,xanthan,1,mean_diameter_mm,100.0,0.29265595141218115,499.0,0.32298604303566536,2.9265595141218115,170.50738165143298,255.35414096284282
2,100,70,025,rep_2,xanthan,1,count,100.0,0.1385166369018123,498.0,0.06674077143513231,1.3851663690181228,359.5236002972033,435.6851338868752
2,100,70,025,rep_2,xanthan,1,mean_diameter_mm,100.0,0.1980368842612446,498.0,0.22861471272969636,1.9803688426124462,251.46830695591666,312.66911349866507
2,100,80,000,rep_1,water,10,count,7.6923,0.03281802243438831,500.0,0.8941222646826481,4.266347182817663,117.1962755430936,27.949023484788412
2,100,80,000,rep_1,water,10,mean_diameter_mm,7.6923,0.09318880405890996,490.0,0.6864654889822387,12.114556642214938,40.44720863267283,91.09697850468201
2,100,80,000,rep_2,water,10,count,7.6923,0.07806628588228764,500.0,0.8613726577694095,10.148627313324706,49.26774671718625,37.23793342831081
2,100,80,000,rep_2,water,10,mean_diameter_mm,7.6923,0.03138087798972512,486.0,0.3906462415492691,4.079518218182484,119.13171458185663,212.9556157122531
2,100,80,0125,rep_1,xanthan,1,count,100.0,0.12035085310466793,492.0,0.02193990723521965,1.2035085310466793,408.8047465455958,470.87462015465945
2,100,80,0125,rep_1,xanthan,1,mean_diameter_mm,100.0,0.10305625706860644,492.0,0.027274159924802765,1.0305625706860644,477.4091491334355,465.87477032618983
2,100,80,0125,rep_2,xanthan,1,count,100.0,0.14620169389126575,492.0,0.07420877754946786,1.4620169389126576,336.5214088189115,424.02304930401317
2,100,80,0125,rep_2,xanthan,1,mean_diameter_mm,100.0,0.1427031478064811,492.0,0.1495159690168123,1.427031478064811,344.7716518960032,364.0124665702739
2,100,80,025,rep_1,xanthan,1,count,100.0,0.10434492727117907,498.0,-0.011552241649043076,1.0434492727117908,477.26325852502816,509.64050662793005
2,100,80,025,rep_1,xanthan,1,mean_diameter_mm,100.0,0.19392475409468293,498.0,0.16062835155959565,1.9392475409468293,256.80063503231446,360.1558417572894
2,100,80,025,rep_2,xanthan,1,count,100.0,0.10752497489695313,498.0,0.04003873626027901,1.0752497489695312,463.1482132195425,459.65663842615004
2,100,80,025,rep_2,xanthan,1,mean_diameter_mm,100.0,0.2674102728553733,498.0,0.24689978682932953,2.6741027285537324,186.23069139506822,300.78111338255314
2,100,90,000,rep_1,water,10,count,7.6923,0.1681258053508802,500.0,0.8714986201634094,21.856376551990977,22.876619041158182,34.331144691244965
2,100,90,000,rep_1,water,10,mean_diameter_mm,7.6923,0.017410450693937964,466.0,0.32818350218643627,2.263360853572789,205.88851276825955,235.71026704198263
2,100,90,000,rep_2,water,10,count,7.6923,0.1535021635339469,500.0,0.8470661668013603,19.95530121471431,25.055998635155568,41.399121468258365
2,100,90,000,rep_2,water,10,mean_diameter_mm,7.6923,0.03368882770040995,483.0,0.39100818069399534,4.3795519806052745,110.2852534092419,211.4603298580514
2,100,90,0125,rep_1,xanthan,1,count,100.0,0.3047273025090891,489.0,0.14478829269478305,3.047273025090891,160.47134469856525,365.3064304910296
2,100,90,0125,rep_1,xanthan,1,mean_diameter_mm,100.0,0.13216083535303585,489.0,0.06071074211385268,1.3216083535303584,370.00371456018286,433.0232822861572
2,100,90,0125,rep_2,xanthan,1,count,100.0,0.17031675448252953,494.0,0.03364786402428589,1.7031675448252952,290.0478003476004,461.83808992110164
2,100,90,0125,rep_2,xanthan,1,mean_diameter_mm,100.0,0.17766370328509976,494.0,0.19941933655012944,1.7766370328509975,278.0534182647709,329.73192585152793
2,100,90,025,rep_1,xanthan,1,count,100.0,0.19336603207053585,500.0,0.04630940558695665,1.9336603207053586,258.57695617274214,455.74023769672795
2,100,90,025,rep_1,xanthan,1,mean_diameter_mm,100.0,0.1948724177109326,500.0,0.23318059951372416,1.948724177109326,256.57812730669957,310.91123262426163
2,100,90,025,rep_2,xanthan,1,count,100.0,0.13953375094094073,500.0,0.05167106156631722,1.3953375094094074,358.33624239889514,450.86765866756826
2,100,90,025,rep_2,xanthan,1,mean_diameter_mm,100.0,0.11321474518608687,500.0,0.048166824021059235,1.1321474518608687,441.63858619137335,454.04660506590164
2,125,45,000,rep_1,water,10,count,7.6923,0.05157094243825018,500.0,0.838673476958068,6.704229221201744,74.57978889188013,43.87035682617047
2,125,45,000,rep_1,water,10,mean_diameter_mm,7.6923,0.07340765031932396,491.0,0.607830382851958,9.5430040845162,51.451303557195544,119.76094249328429
2,125,45,000,rep_2,water,10,count,7.6923,0.07546858070528359,500.0,0.8803313558244478,9.810925302612167,50.96359258457248,31.82115849019666
2,125,45,000,rep_2,water,10,mean_diameter_mm,7.6923,0.031735544134513564,491.0,0.5920532297064101,4.125624863111627,119.01227481688149,125.81354723365013
2,125,45,0125,rep_1,xanthan,1,count,100.0,0.1044050377125354,499.0,0.029329433128687785,1.044050377125354,477.9462858621117,470.5632592245413
2,125,45,0125,rep_1,xanthan,1,mean_diameter_mm,100.0,0.11418422835526086,499.0,0.07030867163848716,1.1418422835526085,437.0130684313631,433.4412914194248
2,125,45,0125,rep_2,xanthan,1,count,100.0,0.11984997646508365,497.0,0.07697253187250958,1.1984997646508364,414.68510437696494,425.957615522239
2,125,45,0125,rep_2,xanthan,1,mean_diameter_mm,100.0,0.1,497.0,-0.03726068613951761,1.0,497.0,535.4705615419044
2,125,45,025,rep_1,xanthan,1,count,100.0,0.17662348748002715,498.0,0.008335947589796801,1.7662348748002716,281.9557053850579,489.76603410868853
2,125,45,025,rep_1,xanthan,1,mean_diameter_mm,100.0,0.25455771378720327,498.0,0.27488489073954,2.5455771378720327,195.63343518095135,283.2470029527423
2,125,45,025,rep_2,xanthan,1,count,100.0,0.27962173702872806,500.0,0.10847629416881979,2.7962173702872803,178.81299405154277,402.1392746606641
2,125,45,025,rep_2,xanthan,1,mean_diameter_mm,100.0,0.4114673022216168,500.0,0.3384326518184389,4.114673022216168,121.51633855238863,247.1425615934929
2,125,55,000,rep_1,water,10,count,7.6923,0.09070808174564231,500.0,0.8904205937704815,11.792062418995918,42.40140377772648,28.98281117721008
2,125,55,000,rep_1,water,10,mean_diameter_mm,7.6923,0.06417877159730159,490.0,0.5989107669975193,8.343248650897857,58.7301206643612,122.91725606443455
2,125,55,000,rep_2,water,10,count,7.6923,0.07811154326169255,500.0,0.8652249488902495,10.15451077853081,49.239201267787884,36.12836381744128
2,125,55,000,rep_2,water,10,mean_diameter_mm,7.6923,0.03537166340309017,491.0,0.6879316738357232,4.598320840722562,106.77810814150284,90.77710343479964
2,125,55,0125,rep_1,xanthan,1,count,100.0,0.10120689650726951,497.0,0.08690412878377941,1.012068965072695,491.0732540487509,417.52408144981746
2,125,55,0125,rep_1,xanthan,1,mean_diameter_mm,100.0,0.19339860482811314,497.0,0.27829971457017855,1.9339860482811313,256.9822054516467,280.59541731121107
2,125,55,0125,rep_2,xanthan,1,count,100.0,0.11417745526387053,498.0,-0.02606007960556607,1.1417745526387053,436.16316272690955,524.6503495170749
2,125,55,0125,rep_2,xanthan,1,mean_diameter_mm,100.0,0.12316013402014031,498.0,0.09380151958497777,1.231601340201403,404.3516223509162,412.58567954624283
2,125,55,025,rep_1,xanthan,1,count,100.0,0.1488658170137433,498.0,0.10227098305451664,1.4886581701374328,334.52945074289596,405.5890586904249
2,125,55,025,rep_1,xanthan,1,mean_diameter_mm,100.0,0.3318864715181333,498.0,0.33135018747355804,3.3188647151813324,150.05131053459974,250.112712471287
2,125,55,025,rep_2,xanthan,1,count,100.0,0.1920027506053106,499.0,0.04462579082412281,1.920027506053106,259.89211010094675,456.3660351547142
2,125,55,025,rep_2,xanthan,1,mean_diameter_mm,100.0,0.3413664975672885,499.0,0.3608976317063142,3.413664975672885,146.1772035498708,234.33950823964062
2,125,70,000,rep_1,water,10,count,7.6923,0.0854514374663248,500.0,0.8330643076438211,11.108697979320203,45.0097753067725,45.534597902556456
2,125,70,000,rep_1,water,10,mean_diameter_mm,7.6923,0.12765479001902189,490.0,0.6859701507665978,16.595139297612143,29.52671810778386,91.26770486084908
2,125,70,000,rep_2,water,10,count,7.6923,0.12466109101909503,500.0,0.8725649425582176,16.205958038440393,30.852850464872507,34.02687259211585
2,125,70,000,rep_2,water,10,mean_diameter_mm,7.6923,0.07412075620402389,488.0,0.6002506386762451,9.635707942231047,50.644955505678055,121.90445897110469
2,125,70,0125,rep_1,xanthan,1,count,100.0,0.10967118833828908,496.0,0.07418400530102995,1.0967118833828908,452.26098806374785,427.4916877411532
2,125,70,0125,rep_1,xanthan,1,mean_diameter_mm,100.0,0.17559131517680523,496.0,0.06297348788269423,1.7559131517680524,282.47410727607513,437.231177737025
2,125,70,0125,rep_2,xanthan,1,count,100.0,0.12153746719195031,499.0,0.06984301506440027,1.215374671919503,410.57297928704065,433.8471429426722
2,125,70,0125,rep_2,xanthan,1,mean_diameter_mm,100.0,0.2326538538451203,499.0,0.17088952210298003,2.326538538451203,214.48172542724723,353.34343732749335
2,125,70,025,rep_1,xanthan,1,count,100.0,0.12357101039415261,499.0,0.04755945453948834,1.2357101039415261,403.81639545419847,453.6905567748659
2,125,70,025,rep_1,xanthan,1,mean_diameter_mm,100.0,0.16871619508605648,499.0,0.16080613821365605,1.6871619508605646,295.7629525401974,360.74734897233094
2,125,70,025,rep_2,xanthan,1,count,100.0,0.1044113923638974,500.0,0.12282361991341549,1.044113923638974,478.8749471488576,390.6118309811769
2,125,70,025,rep_2,xanthan,1,mean_diameter_mm,100.0,0.240829508886097,500.0,0.18462524891480264,2.40829508886097,207.61575369755894,344.1488149235956
2,125,80,000,rep_1,water,10,count,7.6923,0.09858194442636205,500.0,0.8846347346696726,12.815665591092657,39.01475084895456,30.606796958602157
2,125,80,000,rep_1,water,10,mean_diameter_mm,7.6923,0.03452366507993086,488.0,0.6514833574411213,4.488080948471961,108.73244168337638,102.98385436487595
2,125,80,000,rep_2,water,10,count,7.6923,0.07395274953315666,500.0,0.8434100318465397,9.613867053177419,52.00820827189909,42.47290766791706
2,125,80,000,rep_2,water,10,mean_diameter_mm,7.6923,0.0541866411754832,490.0,0.47549193752501046,7.044270397083213,69.56007824499355,174.18526260729803
2,125,80,0125,rep_1,xanthan,1,count,100.0,0.12121863771938028,489.0,0.03588053281475918,1.2121863771938028,403.4033125599293,455.1243164812813
2,125,80,0125,rep_1,xanthan,1,mean_diameter_mm,100.0,0.13234496652658045,489.0,0.07162122631627223,1.3234496652658045,369.48892944998266,423.6358978180212
2,125,80,0125,rep_2,xanthan,1,count,100.0,0.10866364674446373,492.0,-0.04990301553017813,1.0866364674446374,452.7733190815876,543.683741854098
2,125,80,0125,rep_2,xanthan,1,mean_diameter_mm,100.0,0.10145842469972517,492.0,0.0764815631218093,1.0145842469972517,484.92769472433247,422.0890412896514
2,125,80,025,rep_1,xanthan,1,count,100.0,0.24727870259268014,499.0,0.14314320370464365,2.4727870259268014,201.79659419434822,374.0314773912223
2,125,80,025,rep_1,xanthan,1,mean_diameter_mm,100.0,0.21966717643197323,499.0,0.21564833784498622,2.196671764319732,227.16184006422594,321.96110275540906
2,125,80,025,rep_2,xanthan,1,count,100.0,0.10886225413340127,500.0,0.06574645072250522,1.0886225413340127,459.2960195250902,438.30948188667816
2,125,80,025,rep_2,xanthan,1,mean_diameter_mm,100.0,0.18982053752927736,500.0,0.0877766663982528,1.8982053752927734,263.4066927151555,419.3063529401757
2,125,90,000,rep_1,water,10,count,7.6923,0.16253946624014587,500.0,0.8940025885949976,21.130151741370703,23.662868403403394,27.982382928957094
2,125,90,000,rep_1,water,10,mean_diameter_mm,7.6923,0.03566607689855629,476.0,0.503892176994989,4.636594633406951,102.66155177129149,157.0241054263906
2,125,90,000,rep_2,water,10,count,7.6923,0.06754475291165606,500.0,0.8576147511010178,8.780826659341948,56.94224694300832,38.32475189341324
2,125,90,000,rep_2,water,10,mean_diameter_mm,7.6923,0.06921003475501095,486.0,0.5273487629284073,8.997313515464938,54.016123720113114,150.39688824991794
2,125,90,0125,rep_1,xanthan,1,count,100.0,0.16690852790871594,492.0,0.031913688442943344,1.6690852790871595,294.7722361250948,461.56812398211287
2,125,90,0125,rep_1,xanthan,1,mean_diameter_mm,100.0,0.19194385370344844,492.0,0.0894843233166823,1.9194385370344844,256.3249567553935,411.1795859204658
2,125,90,0125,rep_2,xanthan,1,count,100.0,0.1283894504384339,488.0,0.0631441506522202,1.283894504384339,380.0935344247842,430.03166993040526
2,125,90,0125,rep_2,xanthan,1,mean_diameter_mm,100.0,0.23092313198140738,488.0,0.21544650143010277,2.309231319814074,211.3257324256675,314.99708695663
2,125,90,025,rep_1,xanthan,1,count,100.0,0.11889082958801955,497.0,0.021281624220713714,1.1889082958801955,418.03055939823463,476.2868744783978
2,125,90,025,rep_1,xanthan,1,mean_diameter_mm,100.0,0.17517630621670063,497.0,0.17672383981796363,1.7517630621670062,283.7141681622112,347.71816272012427
2,125,90,025,rep_2,xanthan,1,count,100.0,0.1767000647797393,500.0,0.07148305240485976,1.7670006477973927,282.96537447411896,433.2858767626593
2,125,90,025,rep_2,xanthan,1,mean_diameter_mm,100.0,0.13937687466596277,500.0,0.0620035316083119,1.3937687466596276,358.7395693857563,441.61645440631173
2,150,45,000,rep_1,water,10,count,7.6923,0.04679004326696097,500.0,0.8368629242134291,6.0827117074166335,82.20018045411413,44.40643709340165
2,150,45,000,rep_1,water,10,mean_diameter_mm,7.6923,0.031248730095196103,491.0,0.7138622574706227,4.062338974714468,120.86632923942818,81.97486756565235
2,150,45,000,rep_2,water,10,count,7.6923,0.06873190212277863,500.0,0.851101658468934,8.935156211117434,55.95873067981537,40.21884504555557
2,150,45,000,rep_2,water,10,mean_diameter_mm,7.6923,0.05515284992958723,491.0,0.6003424142690746,7.1698776607240005,68.48094531510037,122.61868013009546
2,150,45,0125,rep_1,xanthan,1,count,100.0,0.11264892147510264,500.0,0.06571075743870884,1.1264892147510264,443.85689046344635,438.3409081872874
2,150,45,0125,rep_1,xanthan,1,mean_diameter_mm,100.0,0.1,500.0,0.038845244810553445,1.0,500.0,462.60728438176824
2,150,45,0125,rep_2,xanthan,1,count,100.0,0.11828326230390868,500.0,0.07527207050066675,1.1828326230390867,422.71407658281805,429.9971862324866
2,150,45,0125,rep_2,xanthan,1,mean_diameter_mm,100.0,0.18906810342151664,500.0,0.13005505909435947,1.8906810342151663,264.4549720188806,384.91263496613414
2,150,45,025,rep_1,xanthan,1,count,100.0,0.17473575897458285,499.0,0.14308094017608708,1.7473575897458282,285.5740593272524,374.0790313468634
2,150,45,025,rep_1,xanthan,1,mean_diameter_mm,100.0,0.10515115863359767,499.0,0.17795001264817886,1.0515115863359767,474.55492310720064,348.23459339023333
2,150,45,025,rep_2,xanthan,1,count,100.0,0.143474594215569,499.0,0.12258088193944507,1.43474594215569,347.7967668967636,390.0228009903296
2,150,45,025,rep_2,xanthan,1,mean_diameter_mm,100.0,0.1092248534276834,499.0,0.055043115876255155,1.092248534276834,456.8557286555505,446.9329054728928
2,150,55,000,rep_1,water,10,count,7.6923,0.07535124666740016,500.0,0.8376441287535124,9.795671862433883,51.042951113693945,44.175003393234476
2,150,55,000,rep_1,water,10,mean_diameter_mm,7.6923,0.07105195012267929,491.0,0.6355146071332475,9.23676275271106,53.15715182311982,109.42264111676943
2,150,55,000,rep_2,water,10,count,7.6923,0.06532395683245919,500.0,0.8070014880839331,8.492122880342574,58.87809291565855,53.402975367971116
2,150,55,000,rep_2,water,10,mean_diameter_mm,7.6923,0.087083863966328,491.0,0.7024072666424437,11.320913636536275,43.37105782835257,85.83024458462283
2,150,55,0125,rep_1,xanthan,1,count,100.0,0.13471401171927952,492.0,0.16471384569892614,1.347140117192795,365.218134120482,352.84270847619
2,150,55,0125,rep_1,xanthan,1,mean_diameter_mm,100.0,0.1149253842921154,492.0,0.05896341982510499,1.149253842921154,428.1038545404753,437.21056721913425
2,150,55,0125,rep_2,xanthan,1,count,100.0,0.13915006179805345,500.0,0.04388618971759237,1.3915006179805345,359.3243104165078,457.95883674879815
2,150,55,0125,rep_2,xanthan,1,mean_diameter_mm,100.0,0.15888882377933355,500.0,0.14984842060064682,1.5888882377933355,314.6854436372474,369.67984830350906
2,150,55,025,rep_1,xanthan,1,count,100.0,0.17275338369643684,498.0,0.13576077281594,1.7275338369643682,288.27221171834657,378.9452369186645
2,150,55,025,rep_1,xanthan,1,mean_diameter_mm,100.0,0.17836913789725992,498.0,0.17617782948970043,1.7836913789725992,279.196281302232,348.8107245586555
2,150,55,025,rep_2,xanthan,1,count,100.0,0.19880196038516457,499.0,0.12162027539106242,1.9880196038516456,251.00356104800136,390.7842004969452
2,150,55,025,rep_2,xanthan,1,mean_diameter_mm,100.0,0.1666351950846578,499.0,0.10738740931308562,1.666351950846578,299.4565462275161,402.2202880463136
2,150,70,000,rep_1,water,10,count,7.6923,0.11070130507053678,500.0,0.849841955536803,14.391184050353832,34.74349283912512,40.58672256128575
2,150,70,000,rep_1,water,10,mean_diameter_mm,7.6923,0.07694416745960878,490.0,0.5452531927030198,10.002751772500913,48.98652002412822,144.20027515733142
2,150,70,000,rep_2,water,10,count,7.6923,0.11176407872316202,500.0,0.8865015889623084,14.529344763355825,34.41311415921798,30.081716257690182
2,150,70,000,rep_2,water,10,mean_diameter_mm,7.6923,0.10557604793593055,489.0,0.5736872658686955,13.724899956570926,35.628675002901325,132.47036530802168
2,150,70,0125,rep_1,xanthan,1,count,100.0,0.11212382999711493,494.0,0.03609882759710985,1.1212382999711492,440.58430755773435,459.5769886848929
2,150,70,0125,rep_1,xanthan,1,mean_diameter_mm,100.0,0.12445796963828026,494.0,0.04715719567279613,1.2445796963828026,396.9211465008967,449.50686227697867
2,150,70,0125,rep_2,xanthan,1,count,100.0,0.15654333557550162,496.0,0.07250850503233418,1.5654333557550164,316.8451714514392,428.93439011944525
2,150,70,0125,rep_2,xanthan,1,mean_diameter_mm,100.0,0.15228823866742033,496.0,0.04108612846989917,1.5228823866742034,325.6981657547474,456.85103976743807
2,150,70,025,rep_1,xanthan,1,count,100.0,0.11971927448842652,500.0,0.07568420725809893,1.1971927448842652,417.6436936629915,429.64086787978715
2,150,70,025,rep_1,xanthan,1,mean_diameter_mm,100.0,0.21733688319266337,500.0,0.11014075801896987,2.1733688319266338,230.05759199958862,400.78667302017226
2,150,70,025,rep_2,xanthan,1,count,100.0,0.18167239627592693,500.0,0.14115236044096932,1.8167239627592693,275.22067757646136,376.3071739286202
2,150,70,025,rep_2,xanthan,1,mean_diameter_mm,100.0,0.3026022406670519,500.0,0.25779070878638305,3.026022406670519,165.2334096726473,295.0448298070828
2,150,80,000,rep_1,water,10,count,7.6923,0.047250967173047054,500.0,0.8307307234366226,6.142631875127991,81.39833383545904,46.22997647781522
2,150,80,000,rep_1,water,10,mean_diameter_mm,7.6923,0.03681819846021611,489.0,0.6233518417686461,4.7863705861986805,102.16509382077793,113.45719679257358
2,150,80,000,rep_2,water,10,count,7.6923,0.07257465230151938,500.0,0.8472788772575446,9.434714233911754,52.995775770592005,41.3367804457289
2,150,80,000,rep_2,water,10,mean_diameter_mm,7.6923,0.07739470501675667,489.0,0.4073880263836319,10.06132171350008,48.6019644261916,205.90430617988827
2,150,80,0125,rep_1,xanthan,1,count,100.0,0.17574290374164872,497.0,0.07256093400622296,1.7574290374164871,282.79946980426365,429.75387335544406
2,150,80,0125,rep_1,xanthan,1,mean_diameter_mm,100.0,0.10032591724631079,497.0,0.026844702154684142,1.003259172463108,495.38545337174656,471.0139537305259
2,150,80,0125,rep_2,xanthan,1,count,100.0,0.11533878650166256,491.0,-0.02472554700166306,1.1533878650166256,425.70241537344634,515.8960557522925
2,150,80,0125,rep_2,xanthan,1,mean_diameter_mm,100.0,0.14764263127709568,491.0,0.08650581388763176,1.476426312770957,332.5597733885487,412.8147678992172
2,150,80,025,rep_1,xanthan,1,count,100.0,0.17229135538882692,499.0,0.1524703447821252,1.7229135538882694,289.62567441289053,366.9658832164329
2,150,80,025,rep_1,xanthan,1,mean_diameter_mm,100.0,0.15186011763054805,499.0,0.18449376828861516,1.5186011763054805,328.5918697982238,343.5540317041382
2,150,80,025,rep_2,xanthan,1,count,100.0,0.1375424912758715,500.0,0.11215014448006104,1.375424912758715,363.5240247300311,399.15916925723
2,150,80,025,rep_2,xanthan,1,mean_diameter_mm,100.0,0.15717148888647425,500.0,0.1885137057801108,1.5717148888647425,318.1238553775822,341.38701567907026
2,150,90,000,rep_1,water,10,count,7.6923,0.06472324637005249,500.0,0.852342315942378,8.414030442137266,59.424553243355504,39.85701853992934
2,150,90,000,rep_1,water,10,mean_diameter_mm,7.6923,0.0657735100654595,488.0,0.4834550042103967,8.550564859074594,57.07225289123355,169.92356170553256
2,150,90,000,rep_2,water,10,count,7.6923,0.06505130352979678,500.0,0.8494670421617514,8.456677915551497,59.1248720825136,40.69630720812899
2,150,90,000,rep_2,water,10,mean_diameter_mm,7.6923,0.03910951339747144,486.0,0.41605585833869235,5.0842418259131135,95.58947364049034,200.41360033660263
2,150,90,0125,rep_1,xanthan,1,count,100.0,0.1285881886236172,492.0,0.08459881930381605,1.2858818862361723,382.6167902870952,415.24789893429113
2,150,90,0125,rep_1,xanthan,1,mean_diameter_mm,100.0,0.1162437139319954,492.0,0.1575407052606112,1.162437139319954,423.24869307584976,358.07809706221957
2,150,90,0125,rep_2,xanthan,1,count,100.0,0.1,487.0,0.059692550098591084,1.0,487.0,432.1345168080889
2,150,90,0125,rep_2,xanthan,1,mean_diameter_mm,100.0,0.12173045515285014,487.0,0.0989384062841253,1.2173045515285015,400.06422336012895,399.30991002800295
2,150,90,025,rep_1,xanthan,1,count,100.0,0.12082075221639572,500.0,0.015665654505549412,1.2082075221639572,413.8361919022621,484.57597297294075
2,150,90,025,rep_1,xanthan,1,mean_diameter_mm,100.0,0.17057620216409713,500.0,0.15372002164888104,1.7057620216409715,293.12412496966704,366.76141631902476
2,150,90,025,rep_2,xanthan,1,count,100.0,0.15101440828025495,499.0,0.0633639742062938,1.5101440828025494,330.4320466388531,439.5309491464744
2,150,90,025,rep_2,xanthan,1,mean_diameter_mm,100.0,0.17710240137044342,499.0,0.18583838745817358,1.7710240137044342,281.7578960751901,342.5986618034838
2,75,45,000,rep_1,water,10,count,7.6923,0.0905929032594948,500.0,0.8537619334027773,11.777089200823525,42.455312299497315,39.443594121276185
2,75,45,000,rep_1,water,10,mean_diameter_mm,7.6923,0.04191219001086832,488.0,0.6179099550703474,5.448590150003032,89.56445365958173,115.24741617500162
2,75,45,000,rep_2,water,10,count,7.6923,0.04498215618482404,500.0,0.8457024658455244,5.847686151713277,85.50390479720053,41.799135291232105
2,75,45,000,rep_2,water,10,mean_diameter_mm,7.6923,0.05377433996127029,489.0,0.6231299905867551,6.990671185636323,69.95036485262595,113.53954130097544
2,75,45,0125,rep_1,xanthan,1,count,100.0,0.2577188919608421,498.0,0.1751565361812642,2.577188919608421,193.23379679735172,349.5466623676849
2,75,45,0125,rep_1,xanthan,1,mean_diameter_mm,100.0,0.21564598978151892,498.0,0.1207065777334045,2.156459897815189,230.93404171556688,390.72504167360216
2,75,45,0125,rep_2,xanthan,1,count,100.0,0.14426828177751805,497.0,0.0859510107602011,1.4426828177751805,344.49706746105414,418.32674140076324
2,75,45,0125,rep_2,xanthan,1,mean_diameter_mm,100.0,0.1257672926599898,497.0,0.048760758874048384,1.2576729265998978,395.1742853713429,450.7852709393517
2,75,45,025,rep_1,xanthan,1,count,100.0,0.8078973565926446,497.0,0.4384696415517606,8.078973565926447,61.51771582668957,194.01215019575568
2,75,45,025,rep_1,xanthan,1,mean_diameter_mm,100.0,0.2162056151774858,497.0,0.11394787622045056,2.1620561517748578,229.87377066595,395.32182332675603
2,75,45,025,rep_2,xanthan,1,count,100.0,0.5285184616356094,499.0,0.49305156939716754,5.285184616356094,94.41486650357332,169.42969154973738
2,75,45,025,rep_2,xanthan,1,mean_diameter_mm,100.0,0.27820321979379603,499.0,0.2110314707089026,2.7820321979379603,179.36528569649852,325.0908879236638
2,75,55,000,rep_1,water,10,count,7.6923,0.10733483391873362,500.0,0.8669638700767565,13.953542362977734,35.83319468227839,35.62900494635015
2,75,55,000,rep_1,water,10,mean_diameter_mm,7.6923,0.06617868637625812,491.0,0.6982102908944969,8.603237832151388,57.07153627266596,87.25582924877457
2,75,55,000,rep_2,water,10,count,7.6923,0.17613534088173324,500.0,0.8831129672089353,22.897617212242533,21.83633324661694,31.0355870376458
2,75,55,000,rep_2,water,10,mean_diameter_mm,7.6923,0.12888051077929308,491.0,0.6651612109099352,16.754483155791256,29.3055891628793,98.73268988375095
2,75,55,0125,rep_1,xanthan,1,count,100.0,0.21054320714467997,494.0,0.07328647167388565,2.1054320714467996,234.63117461706364,426.53708499570126
2,75,55,0125,rep_1,xanthan,1,mean_diameter_mm,100.0,0.2307393726718717,494.0,-0.008203392894768938,2.307393726718717,214.0943672853372,502.17199022659264
2,75,55,0125,rep_2,xanthan,1,count,100.0,0.3039729999173556,494.0,0.22964169089757872,3.039729999173556,162.5144338919276,309.48609461900077
2,75,55,0125,rep_2,xanthan,1,mean_diameter_mm,100.0,0.427257825824494,494.0,0.1968230110319581,4.27257825824494,115.62105364523431,331.5188869974175
2,75,55,025,rep_1,xanthan,1,count,100.0,0.4849263966738766,500.0,0.34836602901046493,4.849263966738766,103.10843118244617,241.63838192651383
2,75,55,025,rep_1,xanthan,1,mean_diameter_mm,100.0,0.27140676755463305,500.0,0.21733933191606025,2.7140676755463304,184.22532514755812,321.46364105891996
2,75,55,025,rep_2,xanthan,1,count,100.0,0.5433097204715144,499.0,0.3456450557194264,5.4330972047151445,91.84448229031132,242.65174223185934
2,75,55,025,rep_2,xanthan,1,mean_diameter_mm,100.0,0.1925520150827723,499.0,0.15104607800677272,1.925520150827723,259.1507545561104,368.0374010814603
2,75,70,000,rep_1,water,10,count,7.6923,0.13114703056717428,500.0,0.9045062245077922,17.04913102286368,29.32700788852386,25.070481330899195
2,75,70,000,rep_1,water,10,mean_diameter_mm,7.6923,0.10636119429177592,491.0,0.7991447176895176,13.826969084899954,35.510312996664425,54.814903239743686
2,75,70,000,rep_2,water,10,count,7.6923,0.09834005415456276,500.0,0.8973560108270694,12.784219824312983,39.110716717269035,27.049217065011288
2,75,70,000,rep_2,water,10,mean_diameter_mm,7.6923,0.1018669096463044,489.0,0.7835706398448691,13.242711496731069,36.925972458186415,59.338248091516135
2,75,70,0125,rep_1,xanthan,1,count,100.0,0.3717153034430072,494.0,0.24482113998089414,3.7171530344300723,132.89740708126158,299.6883205688201
2,75,70,0125,rep_1,xanthan,1,mean_diameter_mm,100.0,0.14130100011504707,494.0,0.12945004072006103,1.4130100011504707,349.6082827423627,380.7620207885583
2,75,70,0125,rep_2,xanthan,1,count,100.0,0.15296167902268054,484.0,0.10641948625868054,1.5296167902268054,316.41912084936934,390.894207867993
2,75,70,0125,rep_2,xanthan,1,mean_diameter_mm,100.0,0.16121667303034554,484.0,0.08621333452942351,1.6121667303034553,300.217087291522,407.1693211898962
2,75,70,025,rep_1,xanthan,1,count,100.0,0.2081820515955005,498.0,0.15902971294502738,2.081820515955005,239.2137055924582,361.3394879146124
2,75,70,025,rep_1,xanthan,1,mean_diameter_mm,100.0,0.14412363479713297,498.0,0.03673565289695556,1.44123634797133,345.53666419874844,462.70777272573997
2,75,70,025,rep_2,xanthan,1,count,100.0,0.18822058181891319,499.0,0.1963302161619774,1.882205818189132,265.1144711050183,335.2178325995534
2,75,70,025,rep_2,xanthan,1,mean_diameter_mm,100.0,0.1473323141405765,499.0,0.16196902687847214,1.473323141405765,338.6901257275313,359.8869211781311
2,75,80,000,rep_1,water,10,count,7.6923,0.16497949823914101,500.0,0.9017683156618008,21.447356218444547,23.31289669959434,25.826406804978056
2,75,80,000,rep_1,water,10,mean_diameter_mm,7.6923,0.12079554956309996,491.0,0.7346424473079941,15.70343714664014,31.267040165474405,75.11090171578233
2,75,80,000,rep_2,water,10,count,7.6923,0.15810736720865887,500.0,0.9126838995632998,20.55397829110394,24.326190916354484,22.825543848786534
2,75,80,000,rep_2,water,10,mean_diameter_mm,7.6923,0.08411874720792437,487.0,0.717490061496488,10.93544807247824,44.53406909092788,80.10662951454388
2,75,80,0125,rep_1,xanthan,1,count,100.0,0.10626053221944139,494.0,0.0740151975578188,1.0626053221944138,464.8950929210742,425.9124949503443
2,75,80,0125,rep_1,xanthan,1,mean_diameter_mm,100.0,0.1,494.0,-0.00880920770793885,1.0,494.0,502.7808495429193
2,75,80,0125,rep_2,xanthan,1,count,100.0,0.13359901917214015,492.0,-0.004034569419395959,1.3359901917214014,368.26617668956544,495.9860984997956
2,75,80,0125,rep_2,xanthan,1,mean_diameter_mm,100.0,0.1280641272213999,492.0,0.07075286052067092,1.280641272213999,384.1825268909382,426.9795668829818
2,75,80,025,rep_1,xanthan,1,count,100.0,0.1912187991100223,500.0,0.04762105840496409,1.912187991100223,261.48056693542617,454.543622407258
2,75,80,025,rep_1,xanthan,1,mean_diameter_mm,100.0,0.1571575297184216,500.0,0.0961747995339801,1.5715752971842158,318.152112021516,412.2632635097366
2,75,80,025,rep_2,xanthan,1,count,100.0,0.1730928309038362,500.0,0.013069986591513559,1.7309283090383623,288.8623390056986,487.09863408796883
2,75,80,025,rep_2,xanthan,1,mean_diameter_mm,100.0,0.10039667358611479,500.0,0.051924634825529836,1.003966735861148,498.0244684811467,450.6384458482219
2,75,90,000,rep_1,water,10,count,7.6923,0.13221610287111257,500.0,0.9165478905024608,17.188110561355195,29.089875714679923,21.771464702523197
2,75,90,000,rep_1,water,10,mean_diameter_mm,7.6923,0.0778536645184791,491.0,0.8264016146191956,10.12098650838879,48.51305745670485,46.66925748406482
2,75,90,000,rep_2,water,10,count,7.6923,0.16749092656062373,500.0,0.9297843646029443,21.77384222672331,22.96333347112912,18.192611745899033
2,75,90,000,rep_2,water,10,mean_diameter_mm,7.6923,0.20363796616214064,491.0,0.7621832883496092,26.472962074040353,18.54722560425074,66.26325773960899
2,75,90,0125,rep_1,xanthan,1,count,100.0,0.11583903429454132,495.0,-0.0008927029602137118,1.1583903429454132,427.3170982601379,495.88456558492777
2,75,90,0125,rep_1,xanthan,1,mean_diameter_mm,100.0,0.2726934227120439,495.0,0.2063902870336857,2.7269342271204393,181.52252998148222,325.62994922998456
2,75,90,0125,rep_2,xanthan,1,count,100.0,0.21922418741495708,495.0,0.07898314087471217,2.1922418741495706,225.79625261105085,422.5305549236153
2,75,90,0125,rep_2,xanthan,1,mean_diameter_mm,100.0,0.2692583688447022,495.0,0.12321754693993019,2.692583688447022,183.83829706904925,386.39648699144243
2,75,90,025,rep_1,xanthan,1,count,100.0,0.36833283467557165,499.0,0.08308091793870943,3.683328346755716,135.4752965316058,422.4454649421456
2,75,90,025,rep_1,xanthan,1,mean_diameter_mm,100.0,0.12998930248617166,499.0,0.024818267985735873,1.2998930248617167,383.87774259584467,474.83119639499915
2,75,90,025,rep_2,xanthan,1,count,100.0,0.3649639322688619,499.0,0.12204476392948929,3.649639322688619,136.72583942689337,390.4475800634952
2,75,90,025,rep_2,xanthan,1,mean_diameter_mm,100.0,0.13144831422914424,499.0,0.038865678356500274,1.3144831422914425,379.61688814824186,461.6631740677483
3,100,45,000,rep_1,water,10,count,7.6923,0.08707785749480118,500.0,0.8068791137484057,11.320132794456947,44.169093161595384,53.44045564037798
3,100,45,000,rep_1,water,10,mean_diameter_mm,7.6923,0.17358098853872644,491.0,0.8008909238474431,22.565551075585514,21.7588304560056,54.28566222214305
3,100,45,000,rep_2,water,10,count,7.6923,0.19611100969896994,500.0,0.9023885998684433,25.494456755322847,19.61210645900928,25.654958229435046
3,100,45,000,rep_2,water,10,mean_diameter_mm,7.6923,0.11789553580048873,491.0,0.6597699208527521,15.326434980498515,32.0361519573699,100.64826863199852
3,100,45,0125,rep_1,xanthan,1,count,100.0,0.21411630316752162,497.0,0.1697041507662424,2.141163031675216,232.11684147710795,352.78752905070627
3,100,45,0125,rep_1,xanthan,1,mean_diameter_mm,100.0,0.15433199459435365,497.0,0.1846977965098576,1.5433199459435367,322.03303100327,342.0325388705399
3,100,45,0125,rep_2,xanthan,1,count,100.0,0.1,496.0,0.044046940311633295,1.0,496.0,454.14885030351417
3,100,45,0125,rep_2,xanthan,1,mean_diameter_mm,100.0,0.14494832145140804,496.0,0.11939598893734706,1.4494832145140804,342.1909236570755,390.1922052639431
3,100,45,025,rep_1,xanthan,1,count,100.0,0.16282536689468913,500.0,0.1271630091424864,1.6282536689468912,307.0774594497834,387.18312425881646
3,100,45,025,rep_1,xanthan,1,mean_diameter_mm,100.0,0.1750625439912763,500.0,0.3120958241132105,1.750625439912763,285.61220955689754,262.1394578218837
3,100,45,025,rep_2,xanthan,1,count,100.0,0.17909344789992873,500.0,0.06984317716827226,1.7909344789992871,279.18385952309256,434.7164344655284
3,100,45,025,rep_2,xanthan,1,mean_diameter_mm,100.0,0.12282258722750494,500.0,0.0540003684299495,1.2282258722750494,407.09124541876594,448.76627177048425
3,100,55,000,rep_1,water,10,count,7.6923,0.16944252435826038,500.0,0.8858730052713988,22.027550194124043,22.698847379468347,30.258398738831577
3,100,55,000,rep_1,water,10,mean_diameter_mm,7.6923,0.07898630269164414,491.0,0.5850344028700704,10.268229618143357,47.81739581791509,128.5449122251621
3,100,55,000,rep_2,water,10,count,7.6923,0.0765917893744854,500.0,0.8198746550621459,9.956942575625677,50.21621810132624,49.48839318049164
3,100,55,000,rep_2,water,10,mean_diameter_mm,7.6923,0.0488407854449344,491.0,0.704580864776573,6.349308457149928,77.33125635864911,85.09469887409249
3,100,55,0125,rep_1,xanthan,1,count,100.0,0.11657511834772404,490.0,0.09075392861683329,1.1657511834772403,420.32983276792584,408.46112334678594
3,100,55,0125,rep_1,xanthan,1,mean_diameter_mm,100.0,0.39917096834172433,490.0,0.3851339526383438,3.9917096834172434,122.75441824730056,217.51279912916578
3,100,55,0125,rep_2,xanthan,1,count,100.0,0.17458727415928688,492.0,0.024392999189468145,1.7458727415928688,281.80748131225056,468.5688449438561
3,100,55,0125,rep_2,xanthan,1,mean_diameter_mm,100.0,0.24762553927986636,492.0,0.13636241025731968,2.4762553927986635,198.68709884724035,373.920934305792
3,100,55,025,rep_1,xanthan,1,count,100.0,0.12322944968617461,500.0,0.09813477435987221,1.232294496861746,405.7471661793002,410.6350361984692
3,100,55,025,rep_1,xanthan,1,mean_diameter_mm,100.0,0.16677516068926274,500.0,0.17919965443235103,1.6677516068926275,299.804837802918,348.03281296871216
3,100,55,025,rep_2,xanthan,1,count,100.0,0.18088116144448774,500.0,0.07361630208007819,1.8088116144448774,276.42458507402364,431.431460254981
3,100,55,025,rep_2,xanthan,1,mean_diameter_mm,100.0,0.13939764436681862,500.0,0.0833849420394287,1.393976443668186,358.6861186005931,423.0329508895888
3,100,70,000,rep_1,water,10,count,7.6923,0.18095017228460739,500.0,0.8813686101138489,23.52354592054488,21.255298911517947,31.527949719266395
3,100,70,000,rep_1,water,10,mean_diameter_mm,7.6923,0.1163830341739451,490.0,0.6453353025806805,15.129809572422435,32.3863957212745,105.62327415140648
3,100,70,000,rep_2,water,10,count,7.6923,0.1618336688160157,500.0,0.8647065794505279,21.038397984480028,23.766068137357642,36.27740204288306
3,100,70,000,rep_2,water,10,mean_diameter_mm,7.6923,0.12107899012210385,484.0,0.6895154386421669,15.740284456157955,30.74912663415357,88.94534152227939
3,100,70,0125,rep_1,xanthan,1,count,100.0,0.1,492.0,0.018156389583691056,1.0,492.0,474.45270811721065
3,100,70,0125,rep_1,xanthan,1,mean_diameter_mm,100.0,0.15205266683397525,492.0,0.08340999740262539,1.5205266683397525,323.5720952774934,416.24341879717593
3,100,70,0125,rep_2,xanthan,1,count,100.0,0.2271622796038402,487.0,0.16157825349538849,2.271622796038402,214.38418422693414,351.5143205540106
3,100,70,0125,rep_2,xanthan,1,mean_diameter_mm,100.0,0.15729652782991574,487.0,0.06656391895673051,1.5729652782991574,309.6063255296974,426.2129661321445
3,100,70,025,rep_1,xanthan,1,count,100.0,0.12436555075623579,499.0,0.06999295364351525,1.2436555075623579,401.23651362109996,433.7164226658068
3,100,70,025,rep_1,xanthan,1,mean_diameter_mm,100.0,0.2357067717361844,499.0,0.090707694395682,2.357067717361844,211.70371827861928,416.00225507527233
3,100,70,025,rep_2,xanthan,1,count,100.0,0.1,500.0,-0.00598622463336213,1.0,500.0,506.0222753262692
3,100,70,025,rep_2,xanthan,1,mean_diameter_mm,100.0,0.10728927559414127,500.0,0.07053294299943483,1.0728927559414128,466.029803287537,434.1141779328952
3,100,80,000,rep_1,water,10,count,7.6923,0.06622775090891755,500.0,0.8667190019832717,8.60961622777551,58.0745978417654,35.69926643354614
3,100,80,000,rep_1,water,10,mean_diameter_mm,7.6923,0.038310936821404476,470.0,0.3803783258455774,4.980426767209349,94.36942293669185,210.97273218498617
3,100,80,000,rep_2,water,10,count,7.6923,0.15900930475634992,500.0,0.9093536684762232,20.671230289555776,24.188207136012945,23.737438752276283
3,100,80,000,rep_2,water,10,mean_diameter_mm,7.6923,0.11957569340130722,488.0,0.6690700833189768,15.544855687025624,31.393022220676187,96.75675153149108
3,100,80,0125,rep_1,xanthan,1,count,100.0,0.1515583711702843,490.0,0.0895976790775295,1.5155837117028432,323.3077765460131,409.4145443019697
3,100,80,0125,rep_1,xanthan,1,mean_diameter_mm,100.0,0.10879407007245176,490.0,0.02216150622928236,1.0879407007245177,450.3921947893694,468.75259831999085
3,100,80,0125,rep_2,xanthan,1,count,100.0,0.1,492.0,0.10292258197479304,1.0,492.0,400.1750411875138
3,100,80,0125,rep_2,xanthan,1,mean_diameter_mm,100.0,0.14244489364937035,492.0,0.2463920818372757,1.4244489364937036,345.39672668861215,297.4786996315878
3,100,80,025,rep_1,xanthan,1,count,100.0,0.10095523496589034,499.0,0.026212223932547605,1.0095523496589034,494.278479138399,473.5083922461618
3,100,80,025,rep_1,xanthan,1,mean_diameter_mm,100.0,0.13868652386607816,499.0,0.09861732752620783,1.3868652386607814,359.8042449184584,409.4145816698785
3,100,80,025,rep_2,xanthan,1,count,100.0,0.1,499.0,0.08327137875689518,1.0,499.0,422.28345636275543
3,100,80,025,rep_2,xanthan,1,mean_diameter_mm,100.0,0.12930429000668406,499.0,0.143944680355431,1.2930429000668406,385.91140322893034,373.4198094001495
3,100,90,000,rep_1,water,10,count,7.6923,0.13140523346606314,500.0,0.9129630040402599,17.08269743328564,29.26938218935786,22.749262734280343
3,100,90,000,rep_1,water,10,mean_diameter_mm,7.6923,0.0798624063807849,473.0,0.5241261658486577,10.382123211625249,45.55908173680354,147.683524236494
3,100,90,000,rep_2,water,10,count,7.6923,0.1336519495846768,500.0,0.894809442150543,17.374770820778803,28.777357995539194,27.757555854817074
3,100,90,000,rep_2,water,10,mean_diameter_mm,7.6923,0.04185350016487096,478.0,0.4290945491400222,5.4409604623936865,87.85213627332803,190.9550391017071
3,100,90,0125,rep_1,xanthan,1,count,100.0,0.1833497767822645,491.0,0.15221685829310455,1.833497767822645,267.79416294740463,361.27011992754217
3,100,90,0125,rep_1,xanthan,1,mean_diameter_mm,100.0,0.1690879622317343,491.0,0.17118316221589108,1.6908796223173432,290.3814047549326,347.46833841262327
3,100,90,0125,rep_2,xanthan,1,count,100.0,0.21685327754129566,486.0,0.07261950033771634,2.1685327754129564,224.11466661252118,420.1927362815648
3,100,90,0125,rep_2,xanthan,1,mean_diameter_mm,100.0,0.10363292871066913,486.0,-0.01563383854572902,1.0363292871066914,468.9629117371125,501.4374374714368
3,100,90,025,rep_1,xanthan,1,count,100.0,0.13936474714563254,499.0,0.00788578851248026,1.3936474714563254,358.05324532936436,491.19155878061287
3,100,90,025,rep_1,xanthan,1,mean_diameter_mm,100.0,0.13413867529838508,499.0,0.08631868050724113,1.3413867529838508,372.0030773302318,419.69910543561497
3,100,90,025,rep_2,xanthan,1,count,100.0,0.1,500.0,0.07488695314357274,1.0,500.0,430.33039155926
3,100,90,025,rep_2,xanthan,1,mean_diameter_mm,100.0,0.11546133346141178,500.0,0.05478269053653912,1.1546133346141179,433.0454057739637,448.0625810149836
3,125,45,000,rep_1,water,10,count,7.6923,0.16990336689343247,500.0,0.8663953026862168,22.087459783606004,22.637279474352024,35.792175730803685
3,125,45,000,rep_1,water,10,mean_diameter_mm,7.6923,0.10862978798449442,491.0,0.6930430898477563,14.121886559870834,34.76872568819806,89.02067749398185
3,125,45,000,rep_2,water,10,count,7.6923,0.11651484070763697,500.0,0.8475845742774302,15.146944438937245,33.00995801599979,41.247212128889366
3,125,45,000,rep_2,water,10,mean_diameter_mm,7.6923,0.09916791426328721,488.0,0.6493050167778823,12.891841746069082,37.85339671492621,103.76440383764464
3,125,45,0125,rep_1,xanthan,1,count,100.0,0.13940457310414445,498.0,0.20337082766059014,1.3940457310414445,357.2336178870983,329.67504172946525
3,125,45,0125,rep_1,xanthan,1,mean_diameter_mm,100.0,0.15340133345138396,498.0,0.09984362001537818,1.5340133345138396,324.6386382670047,407.58328645491775
3,125,45,0125,rep_2,xanthan,1,count,100.0,0.13212041335459887,493.0,0.09348539597749389,1.3212041335459888,373.1444577582678,408.7038577992072
3,125,45,0125,rep_2,xanthan,1,mean_diameter_mm,100.0,0.11336790724025436,493.0,0.17649817109275753,1.1336790724025436,434.8673376806826,345.08035084676874
3,125,45,025,rep_1,xanthan,1,count,100.0,0.1,500.0,0.01168495570701728,1.0,500.0,488.45000546751106
3,125,45,025,rep_1,xanthan,1,mean_diameter_mm,100.0,0.13867284187753956,500.0,0.17730593870727598,1.3867284187753954,360.5608663025342,349.3968875227418
3,125,45,025,rep_2,xanthan,1,count,100.0,0.14210020646311217,500.0,0.15119024929832822,1.4210020646311214,351.86437264592945,368.6661484576668
3,125,45,025,rep_2,xanthan,1,mean_diameter_mm,100.0,0.41118684703658215,500.0,0.29729871659661883,4.111868470365821,121.59922030665452,270.8324900092685
3,125,55,000,rep_1,water,10,count,7.6923,0.3006493487421794,500.0,0.9572453514064728,39.084454420937746,12.792810016356462,10.922148457985548
3,125,55,000,rep_1,water,10,mean_diameter_mm,7.6923,0.27089054809465596,491.0,0.8265515486192675,35.215806468111744,13.94260274699673,46.62512245674998
3,125,55,000,rep_2,water,10,count,7.6923,0.15595339397095595,500.0,0.8757607085170982,20.273961490185762,24.662175679974556,33.11704177371335
3,125,55,000,rep_2,water,10,mean_diameter_mm,7.6923,0.07380408399454588,491.0,0.6613300333126501,9.594540513831477,51.17493633928326,100.09266690491164
3,125,55,0125,rep_1,xanthan,1,count,100.0,0.15825873531780377,499.0,0.18895674838698462,1.5825873531780377,315.30644990808514,340.3913414882006
3,125,55,0125,rep_1,xanthan,1,mean_diameter_mm,100.0,0.24084308023660692,499.0,0.21408808113750852,2.408430802366069,207.18884657586045,323.0161415841836
3,125,55,0125,rep_2,xanthan,1,count,100.0,0.11916793563540742,496.0,0.050625749335388597,1.1916793563540742,416.21934403353674,448.1992075936894
3,125,55,0125,rep_2,xanthan,1,mean_diameter_mm,100.0,0.17647036548575998,496.0,0.14116257080305386,1.7647036548575996,281.0670214427725,373.2889386495687
3,125,55,025,rep_1,xanthan,1,count,100.0,0.1590457761940994,500.0,0.14007219680684602,1.590457761940994,314.3749000852435,377.13743287559765
3,125,55,025,rep_1,xanthan,1,mean_diameter_mm,100.0,0.37671526721103776,500.0,0.25262098120827614,3.767152672110378,132.72623743170396,298.32608187306715
3,125,55,025,rep_2,xanthan,1,count,100.0,0.1707143440468838,500.0,0.13844539720139706,1.7071434404688377,292.88692921005133,378.3908323212226
3,125,55,025,rep_2,xanthan,1,mean_diameter_mm,100.0,0.18168847033766702,500.0,0.15412240328513188,1.8168847033766702,275.19632867773765,366.45922230914783
3,125,70,000,rep_1,water,10,count,7.6923,0.20172356246074533,500.0,0.9323274893511455,26.224089343986233,19.066439007334342,17.51062152295369
3,125,70,000,rep_1,water,10,mean_diameter_mm,7.6923,0.14501628232852523,472.0,0.6689501548645853,18.852135554843834,25.03695131126538,93.62504113647057
3,125,70,000,rep_2,water,10,count,7.6923,0.09180373708129974,500.0,0.8770815929260631,11.93449775506672,41.89535330782797,32.7418923975295
3,125,70,000,rep_2,water,10,mean_diameter_mm,7.6923,0.06349254100163364,484.0,0.5067643299000704,8.254038584250956,58.637961897039325,158.4362329205115
3,125,70,0125,rep_1,xanthan,1,count,100.0,0.19278325544158054,496.0,0.07388512889035309,1.9278325544158055,257.2837557203218,427.74870767140146
3,125,70,0125,rep_1,xanthan,1,mean_diameter_mm,100.0,0.14434571889403297,496.0,0.07406635907953238,1.4434571889403298,343.61947399640115,427.59284099553895
3,125,70,0125,rep_2,xanthan,1,count,100.0,0.13744898816344892,495.0,0.10273607630032171,1.374489881634489,360.1336078308307,402.7669464859161
3,125,70,0125,rep_2,xanthan,1,mean_diameter_mm,100.0,0.13175633639170695,495.0,0.08237114361717751,1.3175633639170694,375.69350632851723,419.65853079888825
3,125,70,025,rep_1,xanthan,1,count,100.0,0.15570038599585792,500.0,0.14432248873517003,1.5570038599585792,321.1295828215233,373.879531202178
3,125,70,025,rep_1,xanthan,1,mean_diameter_mm,100.0,0.21425559667539673,500.0,0.2206307217590441,2.1425559667539673,233.36613267447763,319.2485918746217
3,125,70,025,rep_2,xanthan,1,count,100.0,0.1623192134793845,500.0,0.1129530821483696,1.623192134793845,308.0350066281605,398.5104727592536
3,125,70,025,rep_2,xanthan,1,mean_diameter_mm,100.0,0.17042186913589025,500.0,0.17677486289883168,1.7042186913589024,293.38957642889847,349.78021839847105
3,125,80,000,rep_1,water,10,count,7.6923,0.13101879833745528,500.0,0.8847792358410387,17.03246081633,29.355711155995802,30.566116701605836
3,125,80,000,rep_1,water,10,mean_diameter_mm,7.6923,0.06411287754865223,475.0,0.6220717877301039,8.334682416007206,56.990773768144656,110.67074970794712
3,125,80,000,rep_2,water,10,count,7.6923,0.10383115373337849,500.0,0.8987519828260188,13.498063483402685,37.042350601981056,26.661727832217498
3,125,80,000,rep_2,water,10,mean_diameter_mm,7.6923,0.08171327267679808,478.0,0.6411229674945121,10.62273607071982,44.9978232366654,104.52795124762449
3,125,80,0125,rep_1,xanthan,1,count,100.0,0.10948374034310303,489.0,0.06328211893732842,1.0948374034310302,446.6416642942221,430.79351724398265
3,125,80,0125,rep_1,xanthan,1,mean_diameter_mm,100.0,0.18001345389576265,489.0,0.16918527044021817,1.8001345389576264,271.6463627675057,347.4799187315851
3,125,80,0125,rep_2,xanthan,1,count,100.0,0.1,492.0,0.1095436890110589,1.0,492.0,394.85106295998446
3,125,80,0125,rep_2,xanthan,1,mean_diameter_mm,100.0,0.14440633947319872,492.0,0.18283190936387084,1.4440633947319872,340.7052639065845,339.90180465219015
3,125,80,025,rep_1,xanthan,1,count,100.0,0.1,500.0,0.016979712345295158,1.0,500.0,483.3037845896281
3,125,80,025,rep_1,xanthan,1,mean_diameter_mm,100.0,0.14835958660567156,500.0,0.065106321538767,1.4835958660567155,337.01900324713216,438.87340613591755
3,125,80,025,rep_2,xanthan,1,count,100.0,0.19743882350589223,500.0,0.10181534131466337,1.9743882350589224,253.24300009571235,407.5930988642984
3,125,80,025,rep_2,xanthan,1,mean_diameter_mm,100.0,0.13972681752591443,500.0,0.09386202551069729,1.397268175259144,357.8411137198252,414.1920796940771
3,125,90,000,rep_1,water,10,count,7.6923,0.16859990121006288,500.0,0.8970914540761661,21.91800907531725,22.81229094676624,27.1227161196474
3,125,90,000,rep_1,water,10,mean_diameter_mm,7.6923,0.05629176648982085,459.0,0.6258636646352626,7.317936961613672,62.72259550850057,105.6229877496765
3,125,90,000,rep_2,water,10,count,7.6923,0.13537203452197616,500.0,0.893447142406446,17.598382086238985,28.411702709362917,28.137267528401246
3,125,90,000,rep_2,water,10,mean_diameter_mm,7.6923,0.03466201849811355,470.0,0.6029247775766402,4.506066910821673,104.30382178108766,116.42801780201195
3,125,90,0125,rep_1,xanthan,1,count,100.0,0.22606458924013398,486.0,0.19490168380640882,2.2606458924013397,214.98280718514178,327.4560467800612
3,125,90,0125,rep_1,xanthan,1,mean_diameter_mm,100.0,0.13370678433740665,486.0,0.014668498037364648,1.3370678433740664,363.4819298126173,471.9483367031728
3,125,90,0125,rep_2,xanthan,1,count,100.0,0.11116386723730554,490.0,0.11001820439968034,1.1116386723730554,440.7907103069554,392.86840352316864
3,125,90,0125,rep_2,xanthan,1,mean_diameter_mm,100.0,0.13171066639608436,490.0,0.0893711472074319,1.3171066639608437,372.0275763592729,409.6015751951928
3,125,90,025,rep_1,xanthan,1,count,100.0,0.19975017023559927,500.0,0.09853357361955084,1.9975017023559927,250.3126777865897,410.304449508181
3,125,90,025,rep_1,xanthan,1,mean_diameter_mm,100.0,0.24041162020787532,500.0,0.2199998829787314,2.4041162020787534,207.9766358912551,319.67220976973914
3,125,90,025,rep_2,xanthan,1,count,100.0,0.11158077135004928,499.0,0.09369626704139852,1.1158077135004927,447.20967059328336,413.5019715937494
3,125,90,025,rep_2,xanthan,1,mean_diameter_mm,100.0,0.1248140337560822,499.0,0.07175243172899108,1.248140337560822,399.7947866785322,432.18519767665856
3,150,45,000,rep_1,water,10,count,7.6923,0.13021177809619502,500.0,0.8527398155992912,16.92754808005343,29.537650558451215,39.741193868896175
3,150,45,000,rep_1,water,10,mean_diameter_mm,7.6923,0.12392053569394053,483.0,0.5810575438020136,16.109685749898016,29.981962869949694,127.98345457878314
3,150,45,000,rep_2,water,10,count,7.6923,0.15190418774095074,500.0,0.8431489952722938,19.747564153887748,25.319578460595295,42.54973556940635
3,150,45,000,rep_2,water,10,mean_diameter_mm,7.6923,0.13712682672059734,490.0,0.6485733357694465,17.82650530018295,27.487159807759472,104.45338507952994
3,150,45,0125,rep_1,xanthan,1,count,100.0,0.2296046046778889,496.0,0.17696772025622234,2.2960460467788892,216.02354216538285,346.8438460351696
3,150,45,0125,rep_1,xanthan,1,mean_diameter_mm,100.0,0.1775373480814562,496.0,0.1317686527136345,1.7753734808145618,279.3778353456251,380.5042198522533
3,150,45,0125,rep_2,xanthan,1,count,100.0,0.16639017337749276,499.0,0.15655652383457788,1.6639017337749278,299.8975179068469,363.9063771921136
3,150,45,0125,rep_2,xanthan,1,mean_diameter_mm,100.0,0.15281193420632214,499.0,0.11680250702530245,1.5281193420632215,326.54517632521095,394.6226358035827
3,150,45,025,rep_1,xanthan,1,count,100.0,0.23782111300102476,500.0,0.25115351118130746,2.3782111300102478,210.2420570194899,299.2624334769482
3,150,45,025,rep_1,xanthan,1,mean_diameter_mm,100.0,0.13740503779500238,500.0,0.2117868454030138,1.374050377950024,363.8876769176113,325.2276411429618
3,150,45,025,rep_2,xanthan,1,count,100.0,0.16021098541049278,500.0,0.12778630168227964,1.602109854104928,312.0884617986085,386.6928056390956
3,150,45,025,rep_2,xanthan,1,mean_diameter_mm,100.0,0.15905892309927588,500.0,0.11566624244043816,1.590589230992759,314.3489156455104,396.32540804727876
3,150,55,000,rep_1,water,10,count,7.6923,0.2733173961375667,500.0,0.9193718619583369,35.531297029180706,14.072100987176633,21.003782445627333
3,150,55,000,rep_1,water,10,mean_diameter_mm,7.6923,0.12337479208996699,451.0,0.597018178485566,16.038739010434718,28.11941759926275,113.80258781735108
3,150,55,000,rep_2,water,10,count,7.6923,0.190050186057223,500.0,0.8786238091641395,24.706548893987883,20.237549248396668,32.30454927798043
3,150,55,000,rep_2,water,10,mean_diameter_mm,7.6923,0.1767621427798459,463.0,0.7308315322902954,22.979101540481505,20.148742507810784,72.00296402312776
3,150,55,0125,rep_1,xanthan,1,count,100.0,0.15297066775852075,494.0,0.1761624606439256,1.5297066775852077,322.93772867608027,346.02000834059066
3,150,55,0125,rep_1,xanthan,1,mean_diameter_mm,100.0,0.1912868403401082,494.0,0.20667264496027063,1.9128684034010819,258.25090692159876,324.7804738314339
3,150,55,0125,rep_2,xanthan,1,count,100.0,0.14228018666729436,498.0,0.18207163862649284,1.4228018666729436,350.0135975815909,344.5885263242601
3,150,55,0125,rep_2,xanthan,1,mean_diameter_mm,100.0,0.25949701216172244,498.0,0.27666153326322,2.5949701216172247,191.90972406635606,282.15979494123775
3,150,55,025,rep_1,xanthan,1,count,100.0,0.16208216345256277,500.0,0.13899450138957153,1.6208216345256274,308.48551706698873,377.967364003954
3,150,55,025,rep_1,xanthan,1,mean_diameter_mm,100.0,0.17283024199961144,500.0,0.16467923838237686,1.7283024199961143,289.3012207904703,358.6055001623452
3,150,55,025,rep_2,xanthan,1,count,100.0,0.16363706508727321,499.0,0.10309744771087927,1.636370650872732,304.94313726163836,405.7251465145034
3,150,55,025,rep_2,xanthan,1,mean_diameter_mm,100.0,0.1461271772138734,499.0,0.06953561395317498,1.4612717721387338,341.48336367961036,434.11525766891674
3,150,70,000,rep_1,water,9,count,7.6923,0.16164963322307074,450.0,0.8844343687264088,21.014473333472527,21.41381289262318,27.596893230228655
3,150,70,000,rep_1,water,9,mean_diameter_mm,7.6923,0.08429503676437738,443.0,0.544312847430359,10.958365737734798,40.42573597215714,130.71794936126392
3,150,70,000,rep_2,water,9,count,7.6923,0.09251238982101426,450.0,0.8784113428366396,12.026622703354555,37.41698821851979,29.12828222219195
3,150,70,000,rep_2,water,9,mean_diameter_mm,7.6923,0.07206536490491001,436.0,0.6546521689491422,9.368506806145108,46.5388998505091,90.99897680235777
3,150,70,0125,rep_1,xanthan,1,count,100.0,0.2337631026546058,494.0,0.24436458409797365,2.337631026546058,211.32505275218926,299.9795238677501
3,150,70,0125,rep_1,xanthan,1,mean_diameter_mm,100.0,0.18804935755299027,494.0,0.18492997998696234,1.8804935755299026,262.6969889332359,339.80454262020686
3,150,70,0125,rep_2,xanthan,1,count,100.0,0.11954034506598796,498.0,0.14876614690431025,1.1954034506598796,416.59575244248873,369.0171929108603
3,150,70,0125,rep_2,xanthan,1,mean_diameter_mm,100.0,0.15972292425987245,498.0,0.12255933284009105,1.5972292425987247,311.7899339169021,389.2582240086195
3,150,70,025,rep_1,xanthan,1,count,100.0,0.1703388551174073,499.0,0.14745664392774332,1.703388551174073,292.9454936491505,370.7496374101305
3,150,70,025,rep_1,xanthan,1,mean_diameter_mm,100.0,0.20236184150929254,499.0,0.35644525598485577,2.0236184150929253,246.58799123306343,236.74661092783703
3,150,70,025,rep_2,xanthan,1,count,100.0,0.1708670983719719,500.0,0.15162306860780755,1.7086709837197191,292.62508977094984,368.33967402971183
3,150,70,025,rep_2,xanthan,1,mean_diameter_mm,100.0,0.15927574819504495,500.0,0.04784750418470213,1.5927574819504495,313.9209865068177,454.3373401247629
3,150,80,000,rep_1,water,9,count,7.6923,0.13459066157236874,450.0,0.8653456163939809,17.496803501211435,25.718983468542877,32.48431394705699
3,150,80,000,rep_1,water,9,mean_diameter_mm,7.6923,0.04944940757153346,423.0,0.47647671514215223,6.428429412728763,65.80145364316031,149.98567009134905
3,150,80,000,rep_2,water,10,count,7.6923,0.2477543482164734,500.0,0.9459986207604792,32.20809747623902,15.52404641003296,13.87497880610457
3,150,80,000,rep_2,water,10,mean_diameter_mm,7.6923,0.1456276949429374,468.0,0.5941261226289378,18.931619274201136,24.720547842294824,119.15554981082961
3,150,80,0125,rep_1,xanthan,1,count,100.0,0.16708172548265154,489.0,0.19864803554181235,1.6708172548265154,292.6711455650929,326.91924484982354
3,150,80,0125,rep_1,xanthan,1,mean_diameter_mm,100.0,0.14667881403534874,489.0,0.11505578147073535,1.4667881403534875,333.38147926540626,388.0861657791132
3,150,80,0125,rep_2,xanthan,1,count,100.0,0.1271874198349097,491.0,0.17488697458563152,1.271874198349097,386.04446936444026,344.8250804051509
3,150,80,0125,rep_2,xanthan,1,mean_diameter_mm,100.0,0.17231897178312258,491.0,0.166443332984875,1.7231897178312257,284.93670483245654,350.87544497948915
3,150,80,025,rep_1,xanthan,1,count,100.0,0.1176243424583322,500.0,0.08545965285818033,1.176243424583322,425.08207871778103,421.26869696800605
3,150,80,025,rep_1,xanthan,1,mean_diameter_mm,100.0,0.11801704583169152,500.0,0.12223099557664656,1.1801704583169152,423.6676121456798,391.08214257276023
3,150,80,025,rep_2,xanthan,1,count,100.0,0.15720147574406737,500.0,0.1197354878606018,1.5720147574406738,318.0631718839761,393.06806012786836
3,150,80,025,rep_2,xanthan,1,mean_diameter_mm,100.0,0.18772816546665436,500.0,0.1155621825782743,1.8772816546665436,266.3425590705054,396.4090174595303
3,150,90,000,rep_1,water,10,count,7.6923,0.19246068112812534,500.0,0.865770438323376,25.019913566569862,19.984081826248616,35.97161765443282
3,150,90,000,rep_1,water,10,mean_diameter_mm,7.6923,0.06061645996564117,465.0,0.5500566105556195,7.880147675681028,59.00904642117804,134.97808703686022
3,150,90,000,rep_2,water,10,count,7.6923,0.1705714757726501,500.0,0.8895902366591246,22.174314024758537,22.548611850708408,29.21526614576621
3,150,90,000,rep_2,water,10,mean_diameter_mm,7.6923,0.04836343805887687,471.0,0.45934623738578256,6.2872532349072285,74.91347690355116,174.4945206748626
3,150,90,0125,rep_1,xanthan,1,count,100.0,0.12609161408354713,488.0,0.12046297512980993,1.2609161408354714,387.0201865103065,383.0684972762501
3,150,90,0125,rep_1,xanthan,1,mean_diameter_mm,100.0,0.12726316753381808,488.0,0.05972615107226563,1.2726316753381808,383.45737376866884,432.99265363268734
3,150,90,0125,rep_2,xanthan,1,count,100.0,0.2418537856640989,491.0,0.18701414294280438,2.418537856640989,203.01522204904842,336.28584645626853
3,150,90,0125,rep_2,xanthan,1,mean_diameter_mm,100.0,0.2479021516228414,491.0,0.20990769680457533,2.479021516228414,198.06201631803822,320.63216218353637
3,150,90,025,rep_1,xanthan,1,count,100.0,0.20222317778798488,499.0,0.2591149863403826,2.0222317778798486,246.75707575081347,293.62022200266773
3,150,90,025,rep_1,xanthan,1,mean_diameter_mm,100.0,0.17638856876343748,499.0,0.14858914086763414,1.7638856876343747,282.8981512227309,369.89207331885416
3,150,90,025,rep_2,xanthan,1,count,100.0,0.14537377079655855,500.0,0.15133789249369572,1.4537377079655853,343.94099930153055,368.55475401238533
3,150,90,025,rep_2,xanthan,1,mean_diameter_mm,100.0,0.1431840969632189,500.0,0.07605259836444918,1.431840969632189,349.20079157145494,429.32260144156
3,75,45,000,rep_1,water,10,count,7.6923,0.12416909696639153,500.0,0.8562579705231509,16.141998747629646,30.975098425987795,38.718225526686396
3,75,45,000,rep_1,water,10,mean_diameter_mm,7.6923,0.08813540873581162,491.0,0.6061838527301415,11.457614593270105,42.853597143021396,120.38704534404754
3,75,45,000,rep_2,water,10,count,7.6923,0.09502184796384973,500.0,0.838308409399423,12.352852588153052,40.47648075065048,43.97836341656127
3,75,45,000,rep_2,water,10,mean_diameter_mm,7.6923,0.0796835814748244,489.0,0.6643168966809131,10.358875950603123,47.205893991956636,98.6284750520709
3,75,45,0125,rep_1,xanthan,1,count,100.0,0.3282147765564013,489.0,0.16760657940150733,3.282147765564013,148.98780765769968,348.6109018684221
3,75,45,0125,rep_1,xanthan,1,mean_diameter_mm,100.0,0.11923661517160729,489.0,-0.00605935076060137,1.1923661517160729,410.1089244241152,494.9621719349168
3,75,45,0125,rep_2,xanthan,1,count,100.0,0.1575444114771082,491.0,0.09649297526284778,1.575444114771082,311.6581511184509,404.5825729431582
3,75,45,0125,rep_2,xanthan,1,mean_diameter_mm,100.0,0.1,491.0,0.005413258443341631,1.0,491.0,485.7128011822801
3,75,45,025,rep_1,xanthan,1,count,100.0,0.6877508401302782,500.0,0.25645306340742857,6.877508401302783,72.70074725103741,295.89125063538575
3,75,45,025,rep_1,xanthan,1,mean_diameter_mm,100.0,0.1111530948011826,500.0,0.03649809659354491,1.111530948011826,449.8300302788153,464.78710697733453
3,75,45,025,rep_2,xanthan,1,count,100.0,0.215768462290783,500.0,0.2718619131050073,2.15768462290783,231.72988058197723,286.248876309765
3,75,45,025,rep_2,xanthan,1,mean_diameter_mm,100.0,0.1403380682977942,500.0,0.19795026195422463,1.4033806829779418,356.2825155459682,334.7591980727923
3,75,55,000,rep_1,water,10,count,7.6923,0.05959894162859968,500.0,0.8784194602998983,7.747870159588118,64.53386410731751,32.36245744619012
3,75,55,000,rep_1,water,10,mean_diameter_mm,7.6923,0.11241599154077755,484.0,0.7521131399827968,14.614093514394595,33.11871513092957,68.47573795919614
3,75,55,000,rep_2,water,10,count,7.6923,0.14061951523935984,500.0,0.8873001632727738,18.28055526167204,27.351466782211258,29.85742250236258
3,75,55,000,rep_2,water,10,mean_diameter_mm,7.6923,0.08601493891817251,484.0,0.7101862746366602,11.181953241315666,43.28403003973326,82.02021332773103
3,75,55,0125,rep_1,xanthan,1,count,100.0,0.12476934317461405,493.0,0.04998866175816421,1.2476934317461406,395.129113816083,446.05775929902165
3,75,55,0125,rep_1,xanthan,1,mean_diameter_mm,100.0,0.1,493.0,-0.007543751549653429,1.0,493.0,500.49467700926107
3,75,55,0125,rep_2,xanthan,1,count,100.0,0.1374511550000334,492.0,0.04806946003227367,1.374511550000334,357.94533701799776,446.86907072905194
3,75,55,0125,rep_2,xanthan,1,mean_diameter_mm,100.0,0.1619553109461954,492.0,0.1093497765031633,1.619553109461954,303.787506025938,395.0060830603991
3,75,55,025,rep_1,xanthan,1,count,100.0,0.14674518947412157,500.0,0.054699019732775994,1.4674518947412156,340.72667171701374,448.1377921953177
3,75,55,025,rep_1,xanthan,1,mean_diameter_mm,100.0,0.14668283739479326,500.0,0.22624170883458428,1.4668283739479326,340.8715081330628,315.4999073962314
3,75,55,025,rep_2,xanthan,1,count,100.0,0.1749078051202231,500.0,0.12361808677031652,1.7490780512022313,285.86488730810174,389.9821138286947
3,75,55,025,rep_2,xanthan,1,mean_diameter_mm,100.0,0.15147520924963323,500.0,0.09675026025629645,1.5147520924963322,330.08701719368025,411.7846024183417
3,75,70,000,rep_1,water,10,count,7.6923,0.12802490814771625,500.0,0.8374196435937938,16.643254702457813,30.042200815815303,44.241487504785944
3,75,70,000,rep_1,water,10,mean_diameter_mm,7.6923,0.11969561923304081,483.0,0.662255309526929,15.560446060741366,31.040241270370615,98.13816479546671
3,75,70,000,rep_2,water,10,count,7.6923,0.12877319573140253,500.0,0.8915702584640908,16.740532185614512,29.86762872626358,28.661304292221097
3,75,70,000,rep_2,water,10,mean_diameter_mm,7.6923,0.04016433573790825,485.0,0.5246704224806431,5.22136886729694,92.8875190254621,151.2030676910537
3,75,70,0125,rep_1,xanthan,1,count,100.0,0.4784958110312314,492.0,0.07513618966073583,4.784958110312314,102.82221675873504,423.2328881334612
3,75,70,0125,rep_1,xanthan,1,mean_diameter_mm,100.0,0.14874917495344578,492.0,0.021446372472658737,1.487491749534458,330.75813708142033,471.3398546592214
3,75,70,0125,rep_2,xanthan,1,count,100.0,0.12532770295142387,493.0,0.0862162137534151,1.2532770295142386,393.3687352357231,414.73824540224973
3,75,70,0125,rep_2,xanthan,1,mean_diameter_mm,100.0,0.11095909387673608,493.0,0.11672729380213365,1.1095909387673608,444.3078820990295,389.93713735871444
3,75,70,025,rep_1,xanthan,1,count,100.0,0.10254380554920817,499.0,0.047641088598632475,1.0254380554920817,486.6213003578676,453.6163214302386
3,75,70,025,rep_1,xanthan,1,mean_diameter_mm,100.0,0.13053485248892185,499.0,0.0693280278596041,1.3053485248892185,382.2733856020168,434.29640110305894
3,75,70,025,rep_2,xanthan,1,count,100.0,0.19962329011161034,500.0,0.12169604610988703,1.9962329011161035,250.47177597385934,391.50710967384026
3,75,70,025,rep_2,xanthan,1,mean_diameter_mm,100.0,0.10697441625657803,500.0,0.06198854283860527,1.0697441625657802,467.40147550863986,441.62974425984373
3,75,80,000,rep_1,water,10,count,7.6923,0.08712490361804297,500.0,0.8567987532829658,11.326248796594381,44.14524252286793,38.56132670916628
3,75,80,000,rep_1,water,10,mean_diameter_mm,7.6923,0.08271338764380075,480.0,0.6612546258463845,10.752751146445243,44.63973856204078,97.87649470706171
3,75,80,000,rep_2,water,10,count,7.6923,0.07107869419181402,500.0,0.8664927864246611,9.240239485175307,54.111151643004625,35.76419221825045
3,75,80,000,rep_2,water,10,mean_diameter_mm,7.6923,0.06367767111381584,483.0,0.6318938144630225,8.278105522901582,58.346683146737945,108.95027975387232
3,75,80,0125,rep_1,xanthan,1,count,100.0,0.12835204224009766,495.0,0.004763405470043209,1.2835204224009766,385.6580630591323,490.30658522228265
3,75,80,0125,rep_1,xanthan,1,mean_diameter_mm,100.0,0.139636048503887,495.0,0.09817015372322493,1.39636048503887,354.49298752264593,406.49964160245486
3,75,80,0125,rep_2,xanthan,1,count,100.0,0.1039587767466473,490.0,0.04382570343969753,1.039587767466473,471.3406749621095,448.8540603767717
3,75,80,0125,rep_2,xanthan,1,mean_diameter_mm,100.0,0.13237865990829686,490.0,0.09786961296880548,1.3237865990829687,370.15029487338774,402.6378765051451
3,75,80,025,rep_1,xanthan,1,count,100.0,0.1472175225657233,500.0,0.06925952112797054,1.4721752256572331,339.63348335574767,435.22665007003343
3,75,80,025,rep_1,xanthan,1,mean_diameter_mm,100.0,0.15542156128199497,500.0,0.144635107421116,1.5542156128199498,321.70568605523533,373.6408603201228
3,75,80,025,rep_2,xanthan,1,count,100.0,0.1,500.0,0.05650871299638715,1.0,500.0,446.51372742954334
3,75,80,025,rep_2,xanthan,1,mean_diameter_mm,100.0,0.11429913957312479,500.0,0.057403682950941594,1.1429913957312479,437.448612358203,445.71261300060667
3,75,90,000,rep_1,water,10,count,7.6923,0.13113197111855282,500.0,0.8264786564682639,17.04717329258516,29.330375858704976,47.501607236753145
3,75,90,000,rep_1,water,10,mean_diameter_mm,7.6923,0.06857502681255044,488.0,0.5445567564700688,8.914762400393958,54.74066251933248,143.8964945196
3,75,90,000,rep_2,water,10,count,7.6923,0.1122289617229828,500.0,0.8847977030598867,14.589779613767378,34.270565645020724,30.560918222970937
3,75,90,000,rep_2,water,10,mean_diameter_mm,7.6923,0.03332353701641867,482.0,0.582255402615424,4.332064144198571,111.26335713322399,127.25688634498256
3,75,90,0125,rep_1,xanthan,1,count,100.0,0.1,490.0,0.07879292145022017,1.0,490.0,418.42271998094594
3,75,90,0125,rep_1,xanthan,1,mean_diameter_mm,100.0,0.1850089154501473,490.0,0.18606480668148623,1.850089154501473,264.85210121240664,336.26176451686564
3,75,90,0125,rep_2,xanthan,1,count,100.0,0.1,488.0,-0.0011301638601294885,1.0,488.0,489.104287953823
3,75,90,0125,rep_2,xanthan,1,mean_diameter_mm,100.0,0.15919573296725598,488.0,0.15627284897565455,1.5919573296725598,306.5408795224265,356.09142778423035
3,75,90,025,rep_1,xanthan,1,count,100.0,0.21846505263722385,500.0,0.09243219468022754,2.1846505263722387,228.86955783737372,415.38862079464445
3,75,90,025,rep_1,xanthan,1,mean_diameter_mm,100.0,0.10566747185675189,500.0,0.0140085503798042,1.056674718567519,473.1825141778967,486.1849780511642
3,75,90,025,rep_2,xanthan,1,count,100.0,0.1393261433555893,499.0,-0.018635321005130167,1.3932614335558928,358.15245292941773,517.9512122875345
3,75,90,025,rep_2,xanthan,1,mean_diameter_mm,100.0,0.1,499.0,-0.05351946258093095,1.0,499.0,555.4326698163471
4,100,45,000,rep_1,water,10,count,7.6923,0.1733562287004113,500.0,0.7590634144230899,22.53633226738574,22.186396351796468,68.4843376314346
4,100,45,000,rep_1,water,10,mean_diameter_mm,7.6923,0.19621283548729165,490.0,0.7967209274373948,25.507694121042032,19.209890069827395,55.438072788378136
4,100,45,000,rep_2,water,10,count,7.6923,0.08736820419276937,500.0,0.8552878470741545,11.35787790293792,44.022308064314196,38.999919380181616
4,100,45,000,rep_2,water,10,mean_diameter_mm,7.6923,0.17645072760000136,491.0,0.7731659328028139,22.9386175266177,21.404951690320893,62.811677651492516
4,100,45,0125,rep_1,xanthan,1,count,100.0,0.1995184258140782,493.0,0.13222536326683532,1.995184258140782,247.09497280186213,377.85136227214696
4,100,45,0125,rep_1,xanthan,1,mean_diameter_mm,100.0,0.1,493.0,0.03760793630349297,1.0,493.0,457.2625852233285
4,100,45,0125,rep_2,xanthan,1,count,100.0,0.2282879526839206,492.0,0.12579333701522172,2.282879526839206,215.51728604846957,382.0502964858953
4,100,45,0125,rep_2,xanthan,1,mean_diameter_mm,100.0,0.1,492.0,0.08343898964425886,1.0,492.0,416.219114694304
4,100,45,025,rep_1,xanthan,1,count,100.0,0.10352947536909882,500.0,0.11426204008944128,1.0352947536909882,482.9542487464768,397.4549648301135
4,100,45,025,rep_1,xanthan,1,mean_diameter_mm,100.0,0.1,500.0,0.1508272807582809,1.0,500.0,368.9401239611728
4,100,45,025,rep_2,xanthan,1,count,100.0,0.11837397851676812,499.0,0.030972950856133122,1.1837397851676812,421.54534827036736,469.01763729227616
4,100,45,025,rep_2,xanthan,1,mean_diameter_mm,100.0,0.17760933327200576,499.0,0.1466733337219108,1.7760933327200574,280.9537037312053,371.34377677612684
4,100,55,000,rep_1,water,10,count,7.6923,0.15886108111109612,500.0,0.8693137067086449,20.651961196403693,24.210775685898025,34.955687967820616
4,100,55,000,rep_1,water,10,mean_diameter_mm,7.6923,0.14165675953465873,490.0,0.7323819888204858,18.415397154902788,26.608169016303066,75.69509861231323
4,100,55,000,rep_2,water,10,count,7.6923,0.13717970309768793,500.0,0.8494895900760419,17.833379236078667,28.037311009931937,40.68971534945755
4,100,55,000,rep_2,water,10,mean_diameter_mm,7.6923,0.06857696449333218,491.0,0.7616386459130166,8.915014299147483,55.07562674879309,66.43554575067358
4,100,55,0125,rep_1,xanthan,1,count,100.0,0.16419082251231334,491.0,0.17834346443956542,1.6419082251231334,299.0422926733179,342.37331570557933
4,100,55,0125,rep_1,xanthan,1,mean_diameter_mm,100.0,0.15157807411705676,491.0,0.19124371357502076,1.5157807411705677,323.92547725657425,333.3485265101101
4,100,55,0125,rep_2,xanthan,1,count,100.0,0.23942383379546525,495.0,0.12323205023263471,2.3942383379546524,206.7463343782508,386.3851063054684
4,100,55,0125,rep_2,xanthan,1,mean_diameter_mm,100.0,0.15827437523046547,495.0,0.14702795159557286,1.5827437523046546,312.7480359844882,368.1001525489077
4,100,55,025,rep_1,xanthan,1,count,100.0,0.1348690662793606,497.0,0.08785448206600241,1.348690662793606,368.50555409832873,416.7251501802352
4,100,55,025,rep_1,xanthan,1,mean_diameter_mm,100.0,0.12263378980484485,497.0,0.09897578226222559,1.2263378980484485,405.2716635365412,407.4785299580174
4,100,55,025,rep_2,xanthan,1,count,100.0,0.11547846106477505,499.0,0.04537864568128789,1.1547846106477504,432.11521473263934,455.6780050682874
4,100,55,025,rep_2,xanthan,1,mean_diameter_mm,100.0,0.11976535292471835,499.0,0.15711125368649426,1.1976535292471835,416.6480437073145,363.4926918828467
4,100,70,000,rep_1,water,10,count,7.6923,0.14067972627455821,500.0,0.7907509540105121,18.28838270407527,27.339760332584415,58.42494332359841
4,100,70,000,rep_1,water,10,mean_diameter_mm,7.6923,0.142384403626893,486.0,0.6051495089018858,18.50999098148707,26.256090588378846,119.55106836431966
4,100,70,000,rep_2,water,10,count,7.6923,0.0961111591232277,500.0,0.8753732946993512,12.49446318048278,40.01772567396371,33.22717286550361
4,100,70,000,rep_2,water,10,mean_diameter_mm,7.6923,0.1423746598350009,488.0,0.7808406295924482,18.508724287274404,26.3659446445762,60.05577982762059
4,100,70,0125,rep_1,xanthan,1,count,100.0,0.12562574871054802,485.0,0.10310350604075634,1.2562574871054801,386.06735082429606,394.3372468568343
4,100,70,0125,rep_1,xanthan,1,mean_diameter_mm,100.0,0.13478640594854185,485.0,0.09537639391801514,1.3478640594854185,359.82857216710795,400.5403543346771
4,100,70,0125,rep_2,xanthan,1,count,100.0,0.1516755039252127,487.0,0.1053821635268146,1.516755039252127,321.08019251422905,394.14322099460264
4,100,70,0125,rep_2,xanthan,1,mean_diameter_mm,100.0,0.12275099671021776,487.0,0.015973783566723514,1.2275099671021776,396.73812274590045,471.68615485394866
4,100,70,025,rep_1,xanthan,1,count,100.0,0.10662932507854228,499.0,0.050024152320198405,1.0662932507854228,467.9763279308396,451.45432792641714
4,100,70,025,rep_1,xanthan,1,mean_diameter_mm,100.0,0.10061687434899058,499.0,0.03573558610477525,1.0061687434899058,495.94066922533665,464.566390292051
4,100,70,025,rep_2,xanthan,1,count,100.0,0.12219148574479345,498.0,0.11738693183480992,1.2219148574479346,407.5570380084519,393.36535574522424
4,100,70,025,rep_2,xanthan,1,mean_diameter_mm,100.0,0.11817308431924076,498.0,0.08154069820176757,1.1817308431924076,421.41575881583077,422.90847959397877
4,100,80,000,rep_1,water,10,count,7.6923,0.10579514239057466,500.0,0.842326810657995,13.75338226415697,36.354693732541875,42.7918620165147
4,100,80,000,rep_1,water,10,mean_diameter_mm,7.6923,0.1120458961103872,486.0,0.4864660354195331,14.565981060331396,33.36541479678011,167.89990543959337
4,100,80,000,rep_2,water,10,count,7.6923,0.05794656639183271,500.0,0.852863840625187,7.533061163999416,66.37407942331673,39.7050652478508
4,100,80,000,rep_2,water,10,mean_diameter_mm,7.6923,0.027967895320233974,479.0,0.30903037623971136,3.635830027460444,131.7443324859089,252.83939608179867
4,100,80,0125,rep_1,xanthan,1,count,100.0,0.1941305793949657,482.0,0.14061393063252037,1.941305793949657,248.28648917765477,363.1588869034939
4,100,80,0125,rep_1,xanthan,1,mean_diameter_mm,100.0,0.1181531688993239,482.0,0.03601070489983953,1.181531688993239,407.9450466628645,448.4923158040134
4,100,80,0125,rep_2,xanthan,1,count,100.0,0.2099041546593106,475.0,0.11984143195746388,2.099041546593106,226.29375810638854,373.33439171777746
4,100,80,0125,rep_2,xanthan,1,mean_diameter_mm,100.0,0.1504344735822514,475.0,0.12662072724041815,1.504344735822514,315.75209371161156,368.2296486564394
4,100,80,025,rep_1,xanthan,1,count,100.0,0.13854625462270903,499.0,0.027361472953649546,1.3854625462270904,360.16852376044613,472.4205041491037
4,100,80,025,rep_1,xanthan,1,mean_diameter_mm,100.0,0.13807103171985394,499.0,0.07045228907356413,1.3807103171985395,361.4081779387806,433.31619025611235
4,100,80,025,rep_2,xanthan,1,count,100.0,0.17235311673779968,497.0,0.1621261997448938,1.723531167377997,288.36148101463385,358.32879322245697
4,100,80,025,rep_2,xanthan,1,mean_diameter_mm,100.0,0.15488776296849033,497.0,0.11315124229006865,1.5488776296849034,320.8775118671624,395.9604192464083
4,100,90,000,rep_1,water,10,count,7.6923,0.20159197025827574,500.0,0.91129579485765,26.206982340558188,19.078884913284924,23.20525304900714
4,100,90,000,rep_1,water,10,mean_diameter_mm,7.6923,0.10027635408625764,466.0,0.43907669418766276,13.03593906715256,35.747328796143904,181.63747739386474
4,100,90,000,rep_2,water,10,count,7.6923,0.09570215343620223,500.0,0.8654731892689225,12.441292387998676,40.18875084732501,36.05702068111697
4,100,90,000,rep_2,water,10,mean_diameter_mm,7.6923,0.09210510290402871,483.0,0.7728332341918599,11.973675351199084,40.33849138490553,61.89050710985112
4,100,90,0125,rep_1,xanthan,1,count,100.0,0.11706859248328579,482.0,0.04829012432666306,1.1706859248328578,411.7244341763283,437.592751690946
4,100,90,0125,rep_1,xanthan,1,mean_diameter_mm,100.0,0.11517024794698727,482.0,0.08318673603378288,1.1517024794698727,418.5108642137022,407.9665846443068
4,100,90,0125,rep_2,xanthan,1,count,100.0,0.13628278248137654,487.0,0.07227687425000719,1.3628278248137653,357.34521348399244,421.3474831826939
4,100,90,0125,rep_2,xanthan,1,mean_diameter_mm,100.0,0.1917574085948576,487.0,0.09120015138250089,1.917574085948576,253.96671949657335,405.59518408789285
4,100,90,025,rep_1,xanthan,1,count,100.0,0.10821181354583528,496.0,0.04867036327343166,1.082118135458353,458.3603062801542,449.959793221833
4,100,90,025,rep_1,xanthan,1,mean_diameter_mm,100.0,0.1,496.0,0.01842239062055473,1.0,496.0,478.05556784306873
4,100,90,025,rep_2,xanthan,1,count,100.0,0.11244437101844951,499.0,0.08159306171301436,1.124443710184495,443.7749933414859,423.71301964472605
4,100,90,025,rep_2,xanthan,1,mean_diameter_mm,100.0,0.12227337860589182,499.0,0.11549086036811604,1.2227337860589182,408.1019153059989,395.67339935950383
4,125,45,000,rep_1,water,10,count,7.6923,0.14490610182807848,500.0,0.8596431946626073,18.837812075462278,26.542360545749847,37.7375632433773
4,125,45,000,rep_1,water,10,mean_diameter_mm,7.6923,0.1714050432973555,491.0,0.8809671322346745,22.282677911334126,22.035053504509523,31.071855042644657
4,125,45,000,rep_2,water,10,count,7.6923,0.12556040847670058,500.0,0.8728096026395384,16.322869424840498,30.631869127072054,33.95710839510844
4,125,45,000,rep_2,water,10,mean_diameter_mm,7.6923,0.19921930667454874,491.0,0.9089158159615918,25.898535766227102,18.958600765387164,23.428133388024836
4,125,45,0125,rep_1,xanthan,1,count,100.0,0.15737193532450272,495.0,0.22219186328039792,1.573719353245027,314.5414708024683,315.02012019848644
4,125,45,0125,rep_1,xanthan,1,mean_diameter_mm,100.0,0.17644397177254625,495.0,0.10096129569365968,1.7644397177254625,280.54231324950223,404.21417208063747
4,125,45,0125,rep_2,xanthan,1,count,100.0,0.18405088552360743,497.0,0.21422645882797492,1.8405088552360742,270.03401726977944,321.628183213412
4,125,45,0125,rep_2,xanthan,1,mean_diameter_mm,100.0,0.15067847848517127,497.0,0.15593032741617216,1.5067847848517126,329.84139805268296,362.91341902229374
4,125,45,025,rep_1,xanthan,1,count,100.0,0.1781331244303472,498.0,0.10238889027340724,1.7813312443034721,279.56619612020876,405.4924143266526
4,125,45,025,rep_1,xanthan,1,mean_diameter_mm,100.0,0.1508563340311883,498.0,0.11781828594343496,1.5085633403118832,330.11540628916686,393.02138739784465
4,125,45,025,rep_2,xanthan,1,count,100.0,0.15739053895686445,499.0,0.09833908262348193,1.5739053895686446,317.0457406825193,409.64471253830555
4,125,45,025,rep_2,xanthan,1,mean_diameter_mm,100.0,0.1744883245325005,499.0,0.08575645820956639,1.744883245325005,285.9790197063044,420.1748227274848
4,125,55,000,rep_1,water,10,count,7.6923,0.18644538001251518,500.0,0.89765804600457,24.237923639550612,20.62882973952922,26.96533082209047
4,125,55,000,rep_1,water,10,mean_diameter_mm,7.6923,0.1611902688565549,491.0,0.9056288313726741,20.95475590610804,23.431434954433417,24.31546113974346
4,125,55,000,rep_2,water,10,count,7.6923,0.2076705044004225,500.0,0.9015078338693168,26.997192569247495,18.52044425424998,25.898438170056
4,125,55,000,rep_2,water,10,mean_diameter_mm,7.6923,0.2197707148214517,491.0,0.9109481788994575,28.570221497010216,17.185726055759897,22.88102034538055
4,125,55,0125,rep_1,xanthan,1,count,100.0,0.13877963591695155,492.0,0.1519318981471103,1.3877963591695155,354.51887213079476,362.2171647323685
4,125,55,0125,rep_1,xanthan,1,mean_diameter_mm,100.0,0.16800743134403498,492.0,0.13069186760926052,1.68007431344035,292.84418913144,378.263621936694
4,125,55,0125,rep_2,xanthan,1,count,100.0,0.18713792436858276,492.0,0.11719952613571352,1.8713792436858276,262.9076931680441,388.7737355596292
4,125,55,0125,rep_2,xanthan,1,mean_diameter_mm,100.0,0.1792914534690748,492.0,0.15737002714744192,1.792914534690748,274.41352640094635,358.20345863392953
4,125,55,025,rep_1,xanthan,1,count,100.0,0.11154445114695115,499.0,0.12096769796066853,1.1154445114695115,447.35528739354885,391.3021931993413
4,125,55,025,rep_1,xanthan,1,mean_diameter_mm,100.0,0.11071052487268199,499.0,0.09616188549528552,1.1071052487268198,450.72498804775256,411.44946299064907
4,125,55,025,rep_2,xanthan,1,count,100.0,0.11724564244192635,500.0,0.12283051994278348,1.1724564244192635,426.45508147363176,390.6063579844244
4,125,55,025,rep_2,xanthan,1,mean_diameter_mm,100.0,0.1,500.0,0.11631218257305287,1.0,500.0,395.80676052019953
4,125,70,000,rep_1,water,10,count,7.6923,0.14451844295399616,500.0,0.8650445478283132,18.78741637143587,26.613558251691973,36.18022216381669
4,125,70,000,rep_1,water,10,mean_diameter_mm,7.6923,0.25206533868462827,489.0,0.8284918083272205,32.768526797528466,14.92285579456939,45.86703935234725
4,125,70,000,rep_2,water,10,count,7.6923,0.22936337910766144,500.0,0.9290042504630531,29.817269101265087,16.768805966163615,18.40217550580941
4,125,70,000,rep_2,water,10,mean_diameter_mm,7.6923,0.24081321788873644,487.0,0.8982101335478354,31.305749631285366,15.55624783740419,26.114951177482446
4,125,70,0125,rep_1,xanthan,1,count,100.0,0.13557294736379594,489.0,0.12177349543969833,1.3557294736379595,360.691428126748,382.8337560798369
4,125,70,0125,rep_1,xanthan,1,mean_diameter_mm,100.0,0.10773002809907273,489.0,0.09870506427894683,1.0773002809907273,453.91244078233836,401.13879320000893
4,125,70,0125,rep_2,xanthan,1,count,100.0,0.1292436932951924,484.0,0.120483412606314,1.292436932951924,374.48635802641815,379.91283361203176
4,125,70,0125,rep_2,xanthan,1,mean_diameter_mm,100.0,0.12923888308405737,484.0,0.04074252040779011,1.2923888308405738,374.5002962345356,446.1051710856517
4,125,70,025,rep_1,xanthan,1,count,100.0,0.15729156517563891,500.0,0.07761235927125842,1.5729156517563891,317.88099981183177,427.977478539923
4,125,70,025,rep_1,xanthan,1,mean_diameter_mm,100.0,0.14918702055094038,500.0,0.04025655002451873,1.491870205509404,335.1497993280678,461.30132511679943
4,125,70,025,rep_2,xanthan,1,count,100.0,0.11606547930620954,497.0,0.06639847790193475,1.1606547930620954,428.20656320109674,435.1093574285911
4,125,70,025,rep_2,xanthan,1,mean_diameter_mm,100.0,0.12894574409731857,497.0,0.0540137442549384,1.2894574409731856,385.43342665493617,446.061706185472
4,125,80,000,rep_1,water,10,count,7.6923,0.18998685868065068,500.0,0.8951901088451129,24.698316326800914,20.24429493023516,27.651550803722795
4,125,80,000,rep_1,water,10,mean_diameter_mm,7.6923,0.2604590879825772,484.0,0.8398599240545598,33.859715297450336,14.294272581684867,42.127009640378816
4,125,80,000,rep_2,water,10,count,7.6923,0.22459599525283394,500.0,0.9404041927568937,29.19750858037699,17.124748799150595,15.356544648162608
4,125,80,000,rep_2,water,10,mean_diameter_mm,7.6923,0.15392428890882814,487.0,0.7947912666213601,20.010177568325226,24.337615112965736,55.681490663549596
4,125,80,0125,rep_1,xanthan,1,count,100.0,0.13850282522245067,485.0,0.08260309110840756,1.3850282522245068,350.1733623274738,410.98857417530513
4,125,80,0125,rep_1,xanthan,1,mean_diameter_mm,100.0,0.1475897775456795,485.0,0.041296497027963515,1.475897775456795,328.61354496580293,446.5310315251652
4,125,80,0125,rep_2,xanthan,1,count,100.0,0.1765932893728228,487.0,0.22650909065543878,1.765932893728228,275.77491858812834,307.1237512389741
4,125,80,0125,rep_2,xanthan,1,mean_diameter_mm,100.0,0.17569150323804444,487.0,0.21782632017173342,1.7569150323804446,277.19041104689256,312.7856376290587
4,125,80,025,rep_1,xanthan,1,count,100.0,0.16665624751208158,494.0,0.098383036165373,1.666562475120816,296.41853058295214,405.5040595758494
4,125,80,025,rep_1,xanthan,1,mean_diameter_mm,100.0,0.18501051114643385,494.0,0.060962139484715135,1.8501051114643385,267.0118562123231,437.2302138131421
4,125,80,025,rep_2,xanthan,1,count,100.0,0.1758845553830569,497.0,0.19492652762226967,1.758845553830569,282.5717124039627,334.85030796656235
4,125,80,025,rep_2,xanthan,1,mean_diameter_mm,100.0,0.18587773799781476,497.0,0.1655987712477219,1.8587773799781475,267.3800560268508,355.7805832670594
4,125,90,000,rep_1,water,10,count,7.6923,0.2056791147087192,500.0,0.9019929806223584,26.738311650445144,18.699759601002178,25.764295761378758
4,125,90,000,rep_1,water,10,mean_diameter_mm,7.6923,0.0858479211447476,455.0,0.5958769525339175,11.160240909058096,40.76972922965344,115.21940103534365
4,125,90,000,rep_2,water,10,count,7.6923,0.13558686496425099,500.0,0.8900286798911822,17.6263100716627,28.366685821772492,29.092500362256246
4,125,90,000,rep_2,water,10,mean_diameter_mm,7.6923,0.1598672856070859,467.0,0.7113945962075754,20.782767911689078,22.470539149760707,78.75373912581583
4,125,90,0125,rep_1,xanthan,1,count,100.0,0.14975925493989056,478.0,0.09047610885664575,1.4975925493989055,319.1789383513271,398.6812883249293
4,125,90,0125,rep_1,xanthan,1,mean_diameter_mm,100.0,0.13599884626622383,478.0,0.041018849477610746,1.3599884626622385,351.4735699038899,440.3311142538162
4,125,90,0125,rep_2,xanthan,1,count,100.0,0.12471008729157308,480.0,0.14413195919985697,1.247100872915731,384.89268223969447,359.064054002452
4,125,90,0125,rep_2,xanthan,1,mean_diameter_mm,100.0,0.1268178473208383,480.0,0.05074374552240264,1.2681784732083832,378.49562198106156,433.63855753689285
4,125,90,025,rep_1,xanthan,1,count,100.0,0.1,491.0,0.09237915241651179,1.0,491.0,407.95527375056906
4,125,90,025,rep_1,xanthan,1,mean_diameter_mm,100.0,0.1,491.0,0.044563574086545175,1.0,491.0,449.10553724194716
4,125,90,025,rep_2,xanthan,1,count,100.0,0.19111181808448535,490.0,0.13477873798744786,1.9111181808448536,256.39440036271554,373.6044782950807
4,125,90,025,rep_2,xanthan,1,mean_diameter_mm,100.0,0.16902824930723184,490.0,0.1460672880844909,1.6902824930723186,289.8923712505347,365.09813445417177
4,150,45,000,rep_1,water,10,count,7.6923,0.042558646420437045,500.0,0.8491468388687995,5.532629567286382,90.37294001326707,40.78993565040073
4,150,45,000,rep_1,water,10,mean_diameter_mm,7.6923,0.25403655388682256,491.0,0.936780356488137,33.02478503007196,14.86762138051471,16.027034175733537
4,150,45,000,rep_2,water,10,count,7.6923,0.1590375696438625,500.0,0.873304691583798,20.67490472860685,24.183908296717544,33.81599079567954
4,150,45,000,rep_2,water,10,mean_diameter_mm,7.6923,0.21856184333222162,491.0,0.9212913073978489,28.413068046256857,17.280780773151474,20.114580188257527
4,150,45,0125,rep_1,xanthan,1,count,100.0,0.1787762406701489,499.0,0.25426093270724803,1.7877624067014892,279.1198640991002,296.68770259460763
4,150,45,0125,rep_1,xanthan,1,mean_diameter_mm,100.0,0.21221535178999365,499.0,0.16755581857536261,2.1221535178999367,235.13850237083966,355.777119964806
4,150,45,0125,rep_2,xanthan,1,count,100.0,0.2374566468964096,499.0,0.2931531217126317,2.374566468964096,210.14362264522694,272.7570202964552
4,150,45,0125,rep_2,xanthan,1,mean_diameter_mm,100.0,0.15884649321373567,499.0,0.2426681428834892,1.5884649321373567,314.1397646900339,304.1106339334001
4,150,45,025,rep_1,xanthan,1,count,100.0,0.20343445865138224,500.0,0.2934962616939141,2.0343445865138223,245.77940399803686,273.0984847922464
4,150,45,025,rep_1,xanthan,1,mean_diameter_mm,100.0,0.18662523658940958,500.0,0.1781456250390665,1.8662523658940957,267.9166061019068,348.79150653964416
4,150,45,025,rep_2,xanthan,1,count,100.0,0.17586214134129385,500.0,0.2169693004204891,1.7586214134129388,284.3136084813474,321.71341516542645
4,150,45,025,rep_2,xanthan,1,mean_diameter_mm,100.0,0.15788428164732277,500.0,0.11210437254424342,1.5788428164732278,316.6876365291924,399.1961768050835
4,150,55,000,rep_1,water,10,count,7.6923,0.19380353549210078,500.0,0.8856909120512909,25.194484808457908,19.845613188809786,30.309603556492053
4,150,55,000,rep_1,water,10,mean_diameter_mm,7.6923,0.25447472715161845,491.0,0.93031514513986,33.081747611458006,14.842021218671652,17.725221616001818
4,150,55,000,rep_2,water,10,count,7.6923,0.1772666912704861,500.0,0.9234350413283262,23.044692909856103,21.69696953462775,19.903182854253803
4,150,55,000,rep_2,water,10,mean_diameter_mm,7.6923,0.2305640797334167,485.0,0.9038173395855192,29.973360338704506,16.181035243276376,24.502660697049354
4,150,55,0125,rep_1,xanthan,1,count,100.0,0.17864397238854296,497.0,0.2722291669229466,1.7864397238854295,278.20697970096995,284.3057787411993
4,150,55,0125,rep_1,xanthan,1,mean_diameter_mm,100.0,0.1484107153074049,497.0,0.17319250886597154,1.484107153074049,334.88148006736435,350.2607798704901
4,150,55,0125,rep_2,xanthan,1,count,100.0,0.16822921868150414,496.0,0.3126641770156363,1.6822921868150413,294.835822152298,259.71499349919674
4,150,55,0125,rep_2,xanthan,1,mean_diameter_mm,100.0,0.245108235151874,496.0,0.24158240927811558,2.45108235151874,202.35958195883074,302.9803919473791
4,150,55,025,rep_1,xanthan,1,count,100.0,0.21404769869286358,500.0,0.19738232174843814,2.1404769869286357,233.59279406103244,335.1551395378737
4,150,55,025,rep_1,xanthan,1,mean_diameter_mm,100.0,0.11842559454934312,500.0,0.06280756593929351,1.1842559454934312,422.20602894391243,440.9041034782387
4,150,55,025,rep_2,xanthan,1,count,100.0,0.20966201923073494,497.0,0.236568785787159,2.0966201923073493,237.04817964814458,306.8372077839991
4,150,55,025,rep_2,xanthan,1,mean_diameter_mm,100.0,0.1880014716743823,497.0,0.20230876359623323,1.880014716743823,264.35963270585546,329.7427054485076
4,150,70,000,rep_1,water,10,count,7.6923,0.10117460009637984,500.0,0.9052430924650927,13.152711165240543,38.014976054623624,24.86740613564077
4,150,70,000,rep_1,water,10,mean_diameter_mm,7.6923,0.2654389132485746,478.0,0.9334256976274569,34.50709322940792,13.852224434616675,16.459136015997732
4,150,70,000,rep_2,water,10,count,7.6923,0.13936700310708405,500.0,0.850267346179199,18.117728521649447,27.59727851107462,40.462437530986776
4,150,70,000,rep_2,water,10,mean_diameter_mm,7.6923,0.17508479798977172,491.0,0.889715661655858,22.761046499716823,21.571943100512037,28.654898313921617
4,150,70,0125,rep_1,xanthan,1,count,100.0,0.12002521131652825,490.0,0.12014690569895646,1.2002521131652826,408.2475628455934,384.8852449746253
4,150,70,0125,rep_1,xanthan,1,mean_diameter_mm,100.0,0.15115637743391683,490.0,0.06648893004266863,1.511563774339168,324.16759935532343,428.9031150663624
4,150,70,0125,rep_2,xanthan,1,count,100.0,0.17383535961822769,492.0,0.25196275111880867,1.738353596182277,283.0264228638618,293.96587567853317
4,150,70,0125,rep_2,xanthan,1,mean_diameter_mm,100.0,0.15411241307163095,492.0,0.1442975243738842,1.5411241307163095,319.2474831805534,367.916218501309
4,150,70,025,rep_1,xanthan,1,count,100.0,0.16565827459460775,499.0,0.11865985317438354,1.6565827459460776,301.2225022994672,393.1389260265387
4,150,70,025,rep_1,xanthan,1,mean_diameter_mm,100.0,0.1390851258999813,499.0,0.06071307497041389,1.3908512589998128,358.7730871803217,441.8764948314009
4,150,70,025,rep_2,xanthan,1,count,100.0,0.1933013151035514,496.0,0.173574419257365,1.933013151035514,256.59421910000617,349.28086478549454
4,150,70,025,rep_2,xanthan,1,mean_diameter_mm,100.0,0.15301004609314142,496.0,0.0674554982453137,1.5301004609314144,324.1617218375786,433.312745712259
4,150,80,000,rep_1,water,10,count,7.6923,0.1485350913855561,500.0,0.9186965715537736,19.30958118970348,25.893881130193382,21.187151124262012
4,150,80,000,rep_1,water,10,mean_diameter_mm,7.6923,0.16978258910648084,482.0,0.8553547374317805,22.071758655601162,21.837861111157203,37.577189499830254
4,150,80,000,rep_2,water,10,count,7.6923,0.17988332312791291,500.0,0.9071991606022256,23.38485539148407,21.381359500819585,24.329089828371988
4,150,80,000,rep_2,water,10,mean_diameter_mm,7.6923,0.16437294034139463,486.0,0.8536105069485347,21.368503612884915,22.74375449046178,38.38200817070977
4,150,80,0125,rep_1,xanthan,1,count,100.0,0.13620555821607802,490.0,0.2333963364015281,1.3620555821607803,359.7503702621728,304.55400594036155
4,150,80,0125,rep_1,xanthan,1,mean_diameter_mm,100.0,0.1,490.0,0.16005426845766035,1.0,490.0,354.78806435749783
4,150,80,0125,rep_2,xanthan,1,count,100.0,0.16807625176582713,488.0,0.19951566691966605,1.6807625176582712,290.34440908398403,325.66173607915425
4,150,80,0125,rep_2,xanthan,1,mean_diameter_mm,100.0,0.12504529147927915,488.0,0.12416486150604901,1.2504529147927914,390.2585968867648,380.2000598136897
4,150,80,025,rep_1,xanthan,1,count,100.0,0.17948438941572778,499.0,0.1548356478392687,1.7948438941572777,278.01860742562934,365.19223537763764
4,150,80,025,rep_1,xanthan,1,mean_diameter_mm,100.0,0.13116791262408406,499.0,0.06877859896228382,1.3116791262408407,380.428406625705,434.77618242823604
4,150,80,025,rep_2,xanthan,1,count,100.0,0.13848659936385257,498.0,0.059157624318919536,1.3848659936385257,359.6015804327612,442.3699479012555
4,150,80,025,rep_2,xanthan,1,mean_diameter_mm,100.0,0.1414802484981962,498.0,0.02815984670472121,1.414802484981962,351.9925963420606,470.7209660951122
4,150,90,000,rep_1,water,10,count,7.6923,0.1565935688805295,500.0,0.8846348150325825,20.357184311653143,24.56135349296725,30.606774332942337
4,150,90,000,rep_1,water,10,mean_diameter_mm,7.6923,0.10245062905579484,480.0,0.7324365598969858,13.318595095848426,36.03983727605189,74.13284516293258
4,150,90,000,rep_2,water,10,count,7.6923,0.08181567203586218,500.0,0.8313893760613494,10.636048000710083,47.00994203548339,46.033526824664264
4,150,90,000,rep_2,water,10,mean_diameter_mm,7.6923,0.21860585026839405,489.0,0.84650641367101,28.418788953680178,17.206926051529564,40.64885080233964
4,150,90,0125,rep_1,xanthan,1,count,100.0,0.19313829337035196,478.0,0.1701703788982223,1.9313829337035195,247.491055066647,338.97504674500897
4,150,90,0125,rep_1,xanthan,1,mean_diameter_mm,100.0,0.1625280118836799,478.0,0.11433037582695756,1.6252801188367991,294.10314841118037,379.9143319956088
4,150,90,0125,rep_2,xanthan,1,count,100.0,0.17224697811978204,481.0,0.1605276854343474,1.7224697811978202,279.2501820644473,347.9332620616931
4,150,90,0125,rep_2,xanthan,1,mean_diameter_mm,100.0,0.12085032909737312,481.0,0.03673366124005372,1.2085032909737312,398.012983160718,446.9143100739455
4,150,90,025,rep_1,xanthan,1,count,100.0,0.15940592296311165,492.0,0.23314281412937998,1.5940592296311167,308.6459968704264,305.9611029033332
4,150,90,025,rep_1,xanthan,1,mean_diameter_mm,100.0,0.15938881393780516,492.0,0.12058910354013239,1.5938881393780517,308.6791273771461,386.10955585002205
4,150,90,025,rep_2,xanthan,1,count,100.0,0.12031833868724603,500.0,0.24051174646620738,1.2031833868724604,415.5642485221589,306.1189286184972
4,150,90,025,rep_2,xanthan,1,mean_diameter_mm,100.0,0.1,500.0,0.14177843044500946,1.0,500.0,375.8266694618227
4,75,45,000,rep_1,water,10,count,7.6923,0.15514018341166458,500.0,0.8603128913958694,20.168244011760404,24.79144935515668,37.5439823188339
4,75,45,000,rep_1,water,10,mean_diameter_mm,7.6923,0.03226717915991748,491.0,0.6198742250782395,4.194737485526758,117.05142495665427,115.21990571679703
4,75,45,000,rep_2,water,10,count,7.6923,0.14296307138190564,500.0,0.8696876723139494,18.585217864865598,26.903101359130385,34.848688798588064
4,75,45,000,rep_2,water,10,mean_diameter_mm,7.6923,0.09309609097282108,490.0,0.6900722520447388,12.102503928970668,40.487489438202154,89.85686636434875
4,75,45,0125,rep_1,xanthan,1,count,100.0,0.15789157784735008,495.0,0.06868061211593568,1.5789157784735008,313.5062723095763,431.3759338160427
4,75,45,0125,rep_1,xanthan,1,mean_diameter_mm,100.0,0.20170662428786165,495.0,0.10159494463047375,2.0170662428786166,245.4059214701697,403.69693468146045
4,75,45,0125,rep_2,xanthan,1,count,100.0,0.1177938021549512,495.0,0.08118174924868836,1.1779380215495119,420.2258446067095,420.66473508080355
4,75,45,0125,rep_2,xanthan,1,mean_diameter_mm,100.0,0.11633273579631664,495.0,0.06815806191512751,1.1633273579631664,425.5036182306243,431.8291232338818
4,75,45,025,rep_1,xanthan,1,count,100.0,0.1535874248602853,498.0,0.08848602212088236,1.535874248602853,324.2452957675528,417.0324209578033
4,75,45,025,rep_1,xanthan,1,mean_diameter_mm,100.0,0.15091377044281187,498.0,0.18085126800351556,1.5091377044281187,329.9897673610341,345.4593136220732
4,75,45,025,rep_2,xanthan,1,count,100.0,0.10781833310529265,499.0,0.055046567978210705,1.0781833310529265,462.81553946181793,446.92981038976393
4,75,45,025,rep_2,xanthan,1,mean_diameter_mm,100.0,0.11675577833165501,499.0,0.08451978584196858,1.16755778331655,427.38784078210404,421.2229530789068
4,75,55,000,rep_1,water,10,count,7.6923,0.08321546899339476,500.0,0.822652090701418,10.818021787163104,46.21917110513779,48.65105913612195
4,75,55,000,rep_1,water,10,mean_diameter_mm,7.6923,0.06877170365124906,489.0,0.6265863046055387,8.940330414992792,54.69596505963077,112.25921214931998
4,75,55,000,rep_2,water,10,count,7.6923,0.03508574416111623,500.0,0.8339584441144443,4.561151302096411,109.62144574554858,45.26862547469865
4,75,55,000,rep_2,water,10,mean_diameter_mm,7.6923,0.03479618633317968,479.0,0.2941983785983248,4.523508746822104,105.89125097558646,261.2265493776597
4,75,55,0125,rep_1,xanthan,1,count,100.0,0.14915314106443103,487.0,0.06139657377627049,1.4915314106443103,326.510053039799,430.6588883593922
4,75,55,0125,rep_1,xanthan,1,mean_diameter_mm,100.0,0.14470881962648785,487.0,0.06148988863222734,1.4470881962648783,336.5378843231601,430.57821758908926
4,75,55,0125,rep_2,xanthan,1,count,100.0,0.1,492.0,-0.01732645131961044,1.0,492.0,509.3498392435532
4,75,55,0125,rep_2,xanthan,1,mean_diameter_mm,100.0,0.1768035251638463,492.0,0.12381836973490055,1.7680352516384628,278.27499454213756,383.58632827128235
4,75,55,025,rep_1,xanthan,1,count,100.0,0.17729913767834318,499.0,0.053717389229336915,1.772991376783432,281.4452492743015,448.12302387826463
4,75,55,025,rep_1,xanthan,1,mean_diameter_mm,100.0,0.1110310958041195,499.0,0.09808105003868045,1.110310958041195,449.42364693971257,409.85823042374244
4,75,55,025,rep_2,xanthan,1,count,100.0,0.19388017078613837,500.0,-0.0003230452455137325,1.9388017078613835,257.8912520927839,500.3231496374677
4,75,55,025,rep_2,xanthan,1,mean_diameter_mm,100.0,0.19778866725976219,500.0,0.15626474548864835,1.9778866725976219,252.79507007513934,364.8538355092636
4,75,70,000,rep_1,water,10,count,7.6923,0.1242026799324347,500.0,0.8441723877710355,16.146364537581047,30.96672311815072,42.24865670429703
4,75,70,000,rep_1,water,10,mean_diameter_mm,7.6923,0.02428837940568979,484.0,0.5262781033054618,3.1574924802321527,153.28619245497433,150.22255610140877
4,75,70,000,rep_2,water,10,count,7.6923,0.07954068917452307,500.0,0.8097990768431146,10.340299932987934,48.35449679799761,52.54752463700513
4,75,70,000,rep_2,water,10,mean_diameter_mm,7.6923,0.07402951153825471,491.0,0.6291576889829559,9.623846123819236,51.01910334837586,111.76546993620924
4,75,70,0125,rep_1,xanthan,1,count,100.0,0.1,487.0,0.06536315957460362,1.0,487.0,427.24223866433994
4,75,70,0125,rep_1,xanthan,1,mean_diameter_mm,100.0,0.1,487.0,0.07671781395322974,1.0,487.0,417.60098957953016
4,75,70,0125,rep_2,xanthan,1,count,100.0,0.1,490.0,0.033181083522140754,1.0,490.0,458.52685132325007
4,75,70,0125,rep_2,xanthan,1,mean_diameter_mm,100.0,0.14511520228785021,490.0,0.07513121018900787,1.4511520228785022,337.6627619124542,421.51665090972125
4,75,70,025,rep_1,xanthan,1,count,100.0,0.1,500.0,0.13522279748258612,1.0,500.0,380.8843534657254
4,75,70,025,rep_1,xanthan,1,mean_diameter_mm,100.0,0.1583564806210889,500.0,0.1724449141257501,1.5835648062108891,315.7433140967476,352.91853625862154
4,75,70,025,rep_2,xanthan,1,count,100.0,0.1574440350364497,499.0,0.022835053293940238,1.5744403503644968,316.9380153935188,476.7193956015084
4,75,70,025,rep_2,xanthan,1,mean_diameter_mm,100.0,0.13905924305991718,499.0,0.14603452589299176,1.390592430599172,358.8398649523737,371.82891261269543
4,75,80,000,rep_1,water,10,count,7.6923,0.10459979848138364,500.0,0.8336943201451601,13.597987400567272,36.770147321885396,45.347165562926186
4,75,80,000,rep_1,water,10,mean_diameter_mm,7.6923,0.08135053141953975,486.0,0.5387820527867568,10.575579660119827,45.9549278261021,145.66840179848325
4,75,80,000,rep_2,water,10,count,7.6923,0.12399353464441237,500.0,0.8449610952677682,16.119175622949232,31.018956036941418,42.016849333543874
4,75,80,000,rep_2,water,10,mean_diameter_mm,7.6923,0.02294077357813169,475.0,0.3810625046302564,2.982303547460667,159.27285483881974,212.87617998096164
4,75,80,0125,rep_1,xanthan,1,count,100.0,0.1980324995214975,489.0,0.08209615839426322,1.980324995214975,246.92916626390226,414.80137884535804
4,75,80,0125,rep_1,xanthan,1,mean_diameter_mm,100.0,0.14921709796593496,489.0,0.06587933263410271,1.4921709796593496,327.71043443803916,428.55226886994143
4,75,80,0125,rep_2,xanthan,1,count,100.0,0.1,486.0,0.07490171285863273,1.0,486.0,418.268723709657
4,75,80,0125,rep_2,xanthan,1,mean_diameter_mm,100.0,0.12632652574843659,486.0,0.05445901964634993,1.263265257484366,384.71730075741016,435.7996924394411
4,75,80,025,rep_1,xanthan,1,count,100.0,0.104096352340284,496.0,0.10116660630768205,1.04096352340284,476.48163345686623,404.8627707357307
4,75,80,025,rep_1,xanthan,1,mean_diameter_mm,100.0,0.11968125820688232,496.0,0.1699633667035672,1.1968125820688231,414.4341456893853,351.8897957249822
4,75,80,025,rep_2,xanthan,1,count,100.0,0.16531713705354306,498.0,0.06881440061758018,1.6531713705354305,301.23918722274226,433.87367182224835
4,75,80,025,rep_2,xanthan,1,mean_diameter_mm,100.0,0.16517232820372096,498.0,0.07839354539526103,1.6517232820372096,301.50328775760465,425.5960324993771
4,75,90,000,rep_1,water,10,count,7.6923,0.09961908424281535,500.0,0.7985449247270106,12.950493902059897,38.608566111943446,56.005016194846235
4,75,90,000,rep_1,water,10,mean_diameter_mm,7.6923,0.020865025700199748,477.0,0.507102138762934,2.7124560534820206,175.85538367991913,156.0028837880002
4,75,90,000,rep_2,water,10,count,7.6923,0.1925805124241046,500.0,0.865521307219435,25.035491650625247,19.971646931388015,36.04319400162893
4,75,90,000,rep_2,water,10,mean_diameter_mm,7.6923,0.0708497091883718,466.0,0.4786191993409257,9.210471404959739,50.5945873464266,164.3177994817234
4,75,90,0125,rep_1,xanthan,1,count,100.0,0.13225470075735662,478.0,0.11846822503201689,1.3225470075735664,361.42382634623397,376.74041962402094
4,75,90,0125,rep_1,xanthan,1,mean_diameter_mm,100.0,0.20398097444370217,478.0,0.034285735539650294,2.039809744437022,234.33558021948062,446.30937327120364
4,75,90,0125,rep_2,xanthan,1,count,100.0,0.10488220860184523,489.0,0.10179503542031362,1.0488220860184523,466.2373213900807,398.6424094858186
4,75,90,0125,rep_2,xanthan,1,mean_diameter_mm,100.0,0.1351735516310944,489.0,0.13833571508840853,1.351735516310944,361.7571589259876,370.1490076581177
4,75,90,025,rep_1,xanthan,1,count,100.0,0.13190584288339402,495.0,0.053876923924955106,1.3190584288339404,375.26768274972056,444.38863023297046
4,75,90,025,rep_1,xanthan,1,mean_diameter_mm,100.0,0.10634223000339538,495.0,0.06240053398640393,1.0634223000339538,465.4782958606334,436.85194126857385
4,75,90,025,rep_2,xanthan,1,count,100.0,0.13810794613155442,492.0,0.08229108583142905,1.3810794613155444,356.2430792587028,417.18239361093816
4,75,90,025,rep_2,xanthan,1,mean_diameter_mm,100.0,0.22430614404060323,492.0,0.08230004162081672,2.243061440406032,219.34307778521648,417.1748703311461
5,100,45,000,rep_1,water,10,count,7.6923,0.1073116212939887,500.0,0.8363695467182793,13.95052471874325,35.84094577662905,44.55270279725007
5,100,45,000,rep_1,water,10,mean_diameter_mm,7.6923,0.08380423595427716,491.0,0.6814014596179002,10.894561568617599,45.06835790568693,93.03660493024685
5,100,45,000,rep_2,water,10,count,7.6923,0.0946570507754518,500.0,0.8359814884327401,12.30542890623764,40.63247236726135,44.66780101014852
5,100,45,000,rep_2,water,10,mean_diameter_mm,7.6923,0.16365103128656236,491.0,0.7570045130721205,21.27465534190845,23.079104789669167,67.90579261118349
5,100,45,0125,rep_1,xanthan,1,count,100.0,0.1150249194094084,498.0,0.040565144972597986,1.150249194094084,432.9496621749133,459.17217207600055
5,100,45,0125,rep_1,xanthan,1,mean_diameter_mm,100.0,0.2277445713711016,498.0,0.09307418969173757,2.2774457137110162,218.66602439823993,413.19158186406924
5,100,45,0125,rep_2,xanthan,1,count,100.0,0.1,499.0,-0.02044397937953954,1.0,499.0,519.8289173781576
5,100,45,0125,rep_2,xanthan,1,mean_diameter_mm,100.0,0.12336419036565406,499.0,0.015038264281994866,1.2336419036565407,404.4933935212102,484.214165532915
5,100,45,025,rep_1,xanthan,1,count,100.0,0.1788385151131256,500.0,0.08067860357444415,1.7883851511312558,279.58183374745727,425.3444980703863
5,100,45,025,rep_1,xanthan,1,mean_diameter_mm,100.0,0.10212911870941674,500.0,0.08481660327390425,1.0212911870941674,489.57633857844877,421.81479983074246
5,100,45,025,rep_2,xanthan,1,count,100.0,0.1846487736031838,500.0,0.02471331859032339,1.846487736031838,270.7843600816522,475.8826999298486
5,100,45,025,rep_2,xanthan,1,mean_diameter_mm,100.0,0.1842182243237369,500.0,-0.03938254146515977,1.8421822432373691,271.41722912349985,540.9971119255183
5,100,55,000,rep_1,water,10,count,7.6923,0.13525341121219633,500.0,0.8466739855350452,17.582961040546564,28.43662104733058,41.51409931204801
5,100,55,000,rep_1,water,10,mean_diameter_mm,7.6923,0.08149486694134923,491.0,0.6735823382242405,10.594343296718696,46.345487044211,95.76527444831545
5,100,55,000,rep_2,water,10,count,7.6923,0.08494795998091371,500.0,0.8207751091736541,11.043245840764623,45.27654343746644,49.21664677953714
5,100,55,000,rep_2,water,10,mean_diameter_mm,7.6923,0.07879464964786066,491.0,0.7332911896661675,10.243314697536583,47.93370256583845,75.55223649358857
5,100,55,0125,rep_1,xanthan,1,count,100.0,0.15671119475483952,495.0,0.03874360901747698,1.567111947548395,315.8676703182455,458.07445591546656
5,100,55,0125,rep_1,xanthan,1,mean_diameter_mm,100.0,0.13419368034333565,495.0,0.21859725421009396,1.3419368034333565,368.8698295877558,317.4095114933827
5,100,55,0125,rep_2,xanthan,1,count,100.0,0.2561350410332065,497.0,0.07512963233143848,2.561350410332065,194.03826902995547,427.5396742014195
5,100,55,0125,rep_2,xanthan,1,mean_diameter_mm,100.0,0.10761461842658442,497.0,0.028320021795095407,1.0761461842658442,461.8331665962813,469.62515455530627
5,100,55,025,rep_1,xanthan,1,count,100.0,0.17939929543501262,500.0,0.08213695551477507,1.793992954350126,278.7078950268927,424.0974489447111
5,100,55,025,rep_1,xanthan,1,mean_diameter_mm,100.0,0.18802045241399679,500.0,0.10331232188767249,1.8802045241399679,265.9285165951332,406.36167127100146
5,100,55,025,rep_2,xanthan,1,count,100.0,0.12265698652808732,500.0,0.04419411454191374,1.2265698652808732,407.6408642939427,457.6763420455576
5,100,55,025,rep_2,xanthan,1,mean_diameter_mm,100.0,0.14195273311390796,500.0,0.13185007620301292,1.4195273311390795,352.2299212081969,383.50923945216596
5,100,70,000,rep_1,water,10,count,7.6923,0.06357496794547232,500.0,0.7886938335619724,8.264754097665499,60.49786770319426,59.06717026502974
5,100,70,000,rep_1,water,10,mean_diameter_mm,7.6923,0.030154468480391383,491.0,0.5840428231573278,3.9200848225357023,125.25239177921594,128.9327351786293
5,100,70,000,rep_2,water,10,count,7.6923,0.06800700082205342,500.0,0.8340188605510124,8.840918947785893,56.55520686853704,45.250663179963226
5,100,70,000,rep_2,water,10,mean_diameter_mm,7.6923,0.028286454941080477,489.0,0.5575632140562452,3.6772428195832814,132.980067945422,138.9038893407529
5,100,70,0125,rep_1,xanthan,1,count,100.0,0.1110005681116786,493.0,0.06672093113498728,1.110005681116786,444.1418709713166,431.3279767191777
5,100,70,0125,rep_1,xanthan,1,mean_diameter_mm,100.0,0.10779299924367318,493.0,0.13461886989277314,1.0779299924367318,457.3580876857698,376.0142797406337
5,100,70,0125,rep_2,xanthan,1,count,100.0,0.21780786301590227,497.0,0.14787426599320402,2.1780786301590225,228.18276306384485,368.9485010232689
5,100,70,0125,rep_2,xanthan,1,mean_diameter_mm,100.0,0.21396960473236218,497.0,0.10478347764820194,2.1396960473236217,232.2759817319186,402.7238102401465
5,100,70,025,rep_1,xanthan,1,count,100.0,0.1707978888466651,500.0,0.055923911729120666,1.7079788884666511,292.74366526209127,447.0379341655945
5,100,70,025,rep_1,xanthan,1,mean_diameter_mm,100.0,0.12070835135454468,500.0,-0.015591636762709938,1.2070835135454467,414.22154671916576,515.838586246297
5,100,70,025,rep_2,xanthan,1,count,100.0,0.10741802550860402,499.0,0.03262626248778519,1.0741802550860402,464.5402832879579,467.4677688863305
5,100,70,025,rep_2,xanthan,1,mean_diameter_mm,100.0,0.1054162310496288,499.0,0.06831867673973993,1.054162310496288,473.3616398835928,435.1781827175987
5,100,80,000,rep_1,water,10,count,7.6923,0.04404230297823295,500.0,0.7875705055100286,5.725505112675396,87.3285396065888,59.418493937770904
5,100,80,000,rep_1,water,10,mean_diameter_mm,7.6923,0.04492034506118236,484.0,0.45176791584569576,5.839650697604404,82.88166965167129,182.77324208264562
5,100,80,000,rep_2,water,10,count,7.6923,0.09620007825894379,500.0,0.8310707979109827,12.506022679685373,39.9807367063386,46.128528258367695
5,100,80,000,rep_2,water,10,mean_diameter_mm,7.6923,0.051858915041283385,488.0,0.5635449575059471,6.741665697032536,72.3856717212783,136.22253694376911
5,100,80,0125,rep_1,xanthan,1,count,100.0,0.12918366985523405,493.0,0.11753234575614871,1.2918366985523406,381.6271828726233,389.30108394119827
5,100,80,0125,rep_1,xanthan,1,mean_diameter_mm,100.0,0.2180451658356028,493.0,0.21732539913624235,2.180451658356028,226.09994498649053,316.97242043879135
5,100,80,0125,rep_2,xanthan,1,count,100.0,0.13912671638875615,489.0,0.09394230852706202,1.3912671638875613,351.4781435893356,405.0142385724413
5,100,80,0125,rep_2,xanthan,1,mean_diameter_mm,100.0,0.13242832828121776,489.0,0.11204103555129706,1.3242832828121776,369.2563414087548,390.46394848203965
5,100,80,025,rep_1,xanthan,1,count,100.0,0.1251029866595584,499.0,0.10305103437448064,1.2510298665955841,398.8713725579742,405.7632148461263
5,100,80,025,rep_1,xanthan,1,mean_diameter_mm,100.0,0.10875502514486261,499.0,0.10446016217635253,1.0875502514486262,458.8293730200768,404.60887081108336
5,100,80,025,rep_2,xanthan,1,count,100.0,0.1410463555600272,499.0,0.024434697290107922,1.4104635556002718,353.7843980574409,475.1958200361287
5,100,80,025,rep_2,xanthan,1,mean_diameter_mm,100.0,0.1,499.0,-0.019621256755453554,1.0,499.0,518.9739278078758
5,100,90,000,rep_1,water,10,count,7.6923,0.08638761266972336,500.0,0.8256752979746005,11.230400877464914,44.52200820393752,47.74252634594851
5,100,90,000,rep_1,water,10,mean_diameter_mm,7.6923,0.03425209443675647,487.0,0.557472292661877,4.45277672955507,109.3699571253064,138.3722808354657
5,100,90,000,rep_2,water,10,count,7.6923,0.12649104819391657,500.0,0.8396768626862288,16.443852709061865,30.406499550099984,43.573722256764505
5,100,90,000,rep_2,water,10,mean_diameter_mm,7.6923,0.06299043580879118,483.0,0.5334290285004619,8.188764843907698,58.98325439878076,146.96068422198192
5,100,90,0125,rep_1,xanthan,1,count,100.0,0.11145281836046128,486.0,0.037686949051197086,1.1145281836046128,436.0589594317627,450.69868440452336
5,100,90,0125,rep_1,xanthan,1,mean_diameter_mm,100.0,0.21912399666117985,486.0,0.1311270846694159,2.1912399666117985,221.79223061154582,373.31988825471143
5,100,90,0125,rep_2,xanthan,1,count,100.0,0.13629578897538774,487.0,0.02203444730356601,1.3629578897538774,357.31111258906344,466.00114645813034
5,100,90,0125,rep_2,xanthan,1,mean_diameter_mm,100.0,0.1691135519363945,487.0,0.06645951080245095,1.6911355193639448,287.97219053335607,426.30237119562054
5,100,90,025,rep_1,xanthan,1,count,100.0,0.1351022862472828,500.0,0.10458472605553533,1.351022862472828,370.0899621230918,405.31760616588764
5,100,90,025,rep_1,xanthan,1,mean_diameter_mm,100.0,0.12154579268071324,500.0,0.06304942590337234,1.2154579268071324,411.36759156562687,440.6900334386679
5,100,90,025,rep_2,xanthan,1,count,100.0,0.2166014708763777,500.0,0.09610642007733163,2.166014708763777,230.83869097332587,412.32017410266496
5,100,90,025,rep_2,xanthan,1,mean_diameter_mm,100.0,0.24528450125995502,500.0,0.061358885767346445,2.4528450125995502,203.8449218893349,442.1883713509546
5,125,45,000,rep_1,water,10,count,7.6923,0.09060115085933303,500.0,0.8409634896199648,11.778161389874683,42.45144750944187,43.19382521075025
5,125,45,000,rep_1,water,10,mean_diameter_mm,7.6923,0.07062459445182034,491.0,0.6967981524640617,9.181206459943104,53.47881045287405,87.7370752225043
5,125,45,000,rep_2,water,10,count,7.6923,0.10855098662114437,500.0,0.8039782300513665,14.11164237239114,35.43173691662069,54.330414492599495
5,125,45,000,rep_2,water,10,mean_diameter_mm,7.6923,0.14179748385613458,491.0,0.7454211727115211,18.433691334988833,26.63601071956961,71.61492375187461
5,125,45,0125,rep_1,xanthan,1,count,100.0,0.15192636573011498,495.0,0.07625367320409518,1.5192636573011498,325.81573160206295,424.85748773585044
5,125,45,0125,rep_1,xanthan,1,mean_diameter_mm,100.0,0.1129081614111599,495.0,0.12417680567551238,1.1290816141115991,438.40940620531075,385.6443924139796
5,125,45,0125,rep_2,xanthan,1,count,100.0,0.11502373816976219,496.0,-0.02053968781755989,1.150237381697622,431.21533684460803,516.8026502570776
5,125,45,0125,rep_2,xanthan,1,mean_diameter_mm,100.0,0.1306146998681572,496.0,0.08200612787492208,1.306146998681572,379.74286240420383,420.8155100454971
5,125,45,025,rep_1,xanthan,1,count,100.0,0.1,500.0,0.055862347114012285,1.0,500.0,447.09315350935583
5,125,45,025,rep_1,xanthan,1,mean_diameter_mm,100.0,0.166144776326571,500.0,0.06108922566469178,1.6614477632657099,300.94235344312574,442.4278145634511
5,125,45,025,rep_2,xanthan,1,count,100.0,0.13483116812847257,500.0,0.0660858746864412,1.3483116812847256,370.8341379372905,438.01073979534857
5,125,45,025,rep_2,xanthan,1,mean_diameter_mm,100.0,0.11466424333663039,500.0,0.06102768356081592,1.146642433366304,436.05572709541536,442.4824775956772
5,125,55,000,rep_1,water,10,count,7.6923,0.10057502214266208,500.0,0.8171492161183721,13.074765953312022,38.24160231895723,50.31253962517646
5,125,55,000,rep_1,water,10,mean_diameter_mm,7.6923,0.10012008971434823,491.0,0.670196721073593,13.015624678489948,37.723890487672314,96.95469276743398
5,125,55,000,rep_2,water,10,count,7.6923,0.12103135402528394,500.0,0.8661624511238767,15.734091757378668,31.77812915483474,35.85902952755294
5,125,55,000,rep_2,water,10,mean_diameter_mm,7.6923,0.09804685236661113,491.0,0.653575243821358,12.746103553763,38.521576254968,102.8647205013969
5,125,55,0125,rep_1,xanthan,1,count,100.0,0.13717188461192237,490.0,0.044310817478248735,1.3717188461192236,357.2160588055458,448.4179341993762
5,125,55,0125,rep_1,xanthan,1,mean_diameter_mm,100.0,0.1,490.0,-0.031072036388076048,1.0,490.0,521.4270996440254
5,125,55,0125,rep_2,xanthan,1,count,100.0,0.1084433197063401,495.0,0.006396148847409957,1.084433197063401,456.45965223163495,488.70805684601646
5,125,55,0125,rep_2,xanthan,1,mean_diameter_mm,100.0,0.11926461638552226,495.0,0.06043497068997925,1.1926461638552226,415.04346804748445,438.5791702114933
5,125,55,025,rep_1,xanthan,1,count,100.0,0.139934254765689,499.0,0.0640724833427172,1.39934254765689,356.5960320691626,438.9060314245185
5,125,55,025,rep_1,xanthan,1,mean_diameter_mm,100.0,0.139048135459651,499.0,0.026240761282022757,1.39048135459651,358.86853020391624,473.48134906789005
5,125,55,025,rep_2,xanthan,1,count,100.0,0.14355180539786583,499.0,0.07867121701889516,1.4355180539786583,347.6096999386248,426.21241343414647
5,125,55,025,rep_2,xanthan,1,mean_diameter_mm,100.0,0.10918344838014858,499.0,0.014623653996908537,1.0918344838014857,457.02897957812326,484.615940815668
5,125,70,000,rep_1,water,10,count,7.6923,0.10707561426794951,500.0,0.7837291865640161,13.91984377467721,35.919943362409946,60.62321989936843
5,125,70,000,rep_1,water,10,mean_diameter_mm,7.6923,0.12016411582669723,491.0,0.6624724285249731,15.621350678821317,31.431340995735688,99.68648787834542
5,125,70,000,rep_2,water,10,count,7.6923,0.06496686799817382,500.0,0.7802781445854932,8.445701285463882,59.20171494350187,61.70997944415738
5,125,70,000,rep_2,water,10,mean_diameter_mm,7.6923,0.05723497554016237,491.0,0.5760240886514973,7.440554260775368,65.98970759321278,132.08692301793076
5,125,70,0125,rep_1,xanthan,1,count,100.0,0.12691752910555862,490.0,0.1345127224812091,1.2691752910555862,386.077481537213,373.80697243898186
5,125,70,0125,rep_1,xanthan,1,mean_diameter_mm,100.0,0.10694796653043422,490.0,0.03934658731063919,1.0694796653043421,458.16672901448817,452.90009893215563
5,125,70,0125,rep_2,xanthan,1,count,100.0,0.13463351678679708,493.0,0.03046931260285299,1.346335167867971,366.17924850073166,463.8455731199521
5,125,70,0125,rep_2,xanthan,1,mean_diameter_mm,100.0,0.12004707155104628,493.0,0.005364346962809818,1.2004707155104628,410.6722418383751,487.7389758535707
5,125,70,025,rep_1,xanthan,1,count,100.0,0.16296879055718264,498.0,0.017397003240354775,1.6296879055718265,305.5799814782704,480.96887530412766
5,125,70,025,rep_1,xanthan,1,mean_diameter_mm,100.0,0.1,498.0,0.030113193933007196,1.0,498.0,468.8840335858996
5,125,70,025,rep_2,xanthan,1,count,100.0,0.15011982602985796,499.0,0.0915816593699743,1.5011982602985796,332.40113128078883,415.2696668025857
5,125,70,025,rep_2,xanthan,1,mean_diameter_mm,100.0,0.10857441624689106,499.0,0.0070392112349033,1.0857441624689106,459.5926160591155,492.0239729157927
5,125,80,000,rep_1,water,10,count,7.6923,0.11144396592577407,500.0,0.8480929846849398,14.487730058080688,34.5119627433367,41.09831501280146
5,125,80,000,rep_1,water,10,mean_diameter_mm,7.6923,0.046064489265672394,485.0,0.4716406838219945,5.988389592927003,80.99005458376362,174.1282849566345
5,125,80,000,rep_2,water,10,count,7.6923,0.1213272613147428,500.0,0.8405739695902075,15.772559743476307,31.700624891074206,43.308781131270635
5,125,80,000,rep_2,water,10,mean_diameter_mm,7.6923,0.06842123803723699,484.0,0.5829544857948499,8.894769839610648,54.41399931953565,127.51473948661106
5,125,80,0125,rep_1,xanthan,1,count,100.0,0.1182105357798188,493.0,0.08559825491510199,1.182105357798188,417.0525044555007,415.25496037400046
5,125,80,0125,rep_1,xanthan,1,mean_diameter_mm,100.0,0.1,493.0,0.06650335820768416,1.0,493.0,431.5165450365066
5,125,80,0125,rep_2,xanthan,1,count,100.0,0.12327354568124027,495.0,0.007648381437737417,1.2327354568124027,401.5460066995777,487.48557556103424
5,125,80,0125,rep_2,xanthan,1,mean_diameter_mm,100.0,0.11809357257289742,495.0,0.037808372188477934,1.180935725728974,419.15913729720035,458.9333334846182
5,125,80,025,rep_1,xanthan,1,count,100.0,0.16910634704544678,499.0,-0.029214859238132124,1.6910634704544678,295.08058610354544,529.033864647716
5,125,80,025,rep_1,xanthan,1,mean_diameter_mm,100.0,0.1,499.0,-0.00879056743958095,1.0,499.0,507.85078976906027
5,125,80,025,rep_2,xanthan,1,count,100.0,0.15556346750432143,499.0,0.0956792186774842,1.5556346750432144,320.7693991432392,411.8505326993554
5,125,80,025,rep_2,xanthan,1,mean_diameter_mm,100.0,0.1,499.0,0.04739729973290288,1.0,499.0,453.8380493767745
5,125,90,000,rep_1,water,10,count,7.6923,0.08903962474709104,500.0,0.8029315068448278,11.575162792284626,43.19593676326287,54.65224064447313
5,125,90,000,rep_1,water,10,mean_diameter_mm,7.6923,0.07652186137476825,475.0,0.5421142940629642,9.947851926571799,47.74900184543591,141.03734798220586
5,125,90,000,rep_2,water,10,count,7.6923,0.05877022716225172,500.0,0.8074893805617597,7.640137171229894,65.44385117623628,53.25359626135366
5,125,90,000,rep_2,water,10,mean_diameter_mm,7.6923,0.06176925422023656,488.0,0.6214689041348553,8.03001107864183,60.772020763206555,113.92335327007136
5,125,90,0125,rep_1,xanthan,1,count,100.0,0.10997246952279775,490.0,0.005823373185923387,1.0997246952279776,445.56606042062276,484.32613530929547
5,125,90,0125,rep_1,xanthan,1,mean_diameter_mm,100.0,0.1371737780199521,490.0,0.03900517444038072,1.371737780199521,357.2111281565263,453.20993206587104
5,125,90,0125,rep_2,xanthan,1,count,100.0,0.11326575597718558,482.0,-0.016809068939398736,1.1326575597718558,425.54785940517297,498.480972256427
5,125,90,0125,rep_2,xanthan,1,mean_diameter_mm,100.0,0.1,482.0,0.03948905174550894,1.0,482.0,445.3786947358918
5,125,90,025,rep_1,xanthan,1,count,100.0,0.2233459517760236,499.0,0.1058823441932831,2.233459517760236,223.42021246949153,403.44681564928965
5,125,90,025,rep_1,xanthan,1,mean_diameter_mm,100.0,0.18491136041893483,499.0,0.05789151421731654,1.8491136041893483,269.85902806050774,444.38595837813534
5,125,90,025,rep_2,xanthan,1,count,100.0,0.17612108360968382,500.0,0.09242372387114567,1.7612108360968382,283.8955960026288,415.3957188483328
5,125,90,025,rep_2,xanthan,1,mean_diameter_mm,100.0,0.17754262008806046,500.0,0.13486931509996425,1.7754262008806045,281.62251956854186,381.1587261145708
5,150,45,000,rep_1,water,10,count,7.6923,0.14690530115132272,500.0,0.843379775678827,19.0977082473802,26.18115187033446,42.48181150395266
5,150,45,000,rep_1,water,10,mean_diameter_mm,7.6923,0.12036479559392949,488.0,0.7813276441497614,15.647439074649908,31.18721202056627,59.90594150681964
5,150,45,000,rep_2,water,10,count,7.6923,0.14472673000398634,500.0,0.8255124015955249,18.81449371501194,26.57525669165649,47.791403184106116
5,150,45,000,rep_2,water,10,mean_diameter_mm,7.6923,0.20067801201056928,491.0,0.8279790254326248,26.088167649541656,18.820792881888213,46.20528864798745
5,150,45,0125,rep_1,xanthan,1,count,100.0,0.1989085115431877,497.0,-0.013279889792016329,1.989085115431877,249.86361626465123,510.37786705338544
5,150,45,0125,rep_1,xanthan,1,mean_diameter_mm,100.0,0.15488644903177426,497.0,0.025546021315977177,1.5488644903177424,320.88023394354065,472.239779921824
5,150,45,0125,rep_2,xanthan,1,count,100.0,0.12636585051954388,497.0,0.005949770584505022,1.2636585051954388,393.30246103406984,491.1209072918604
5,150,45,0125,rep_2,xanthan,1,mean_diameter_mm,100.0,0.11343195808021495,497.0,-0.03147341194938141,1.1343195808021493,438.14812722225935,529.3012004664245
5,150,45,025,rep_1,xanthan,1,count,100.0,0.15829804784846718,500.0,0.023460100281539064,1.5829804784846717,315.85986485356494,477.07766011094566
5,150,45,025,rep_1,xanthan,1,mean_diameter_mm,100.0,0.10266895385676596,500.0,0.05256678432138055,1.0266895385676595,487.00213766427663,450.05848074973045
5,150,45,025,rep_2,xanthan,1,count,100.0,0.1171513548149635,499.0,-0.0277448832429082,1.171513548149635,425.9447112567782,527.4795554162563
5,150,45,025,rep_2,xanthan,1,mean_diameter_mm,100.0,0.10104207869473815,499.0,0.03883139786637738,1.0104207869473816,493.8536562648783,461.6948750776693
5,150,55,000,rep_1,water,10,count,7.6923,0.09260811284481917,500.0,0.790598414982675,12.039066708893198,41.53145854991006,58.472514904842875
5,150,55,000,rep_1,water,10,mean_diameter_mm,7.6923,0.11792151697025563,491.0,0.7556757954536232,15.329812535945766,32.029093561887315,68.32877957474803
5,150,55,000,rep_2,water,10,count,7.6923,0.04351299927918972,500.0,0.8216644778972929,5.656695562990225,88.39082719447103,48.94850952700023
5,150,55,000,rep_2,water,10,mean_diameter_mm,7.6923,0.08474202665187688,491.0,0.6709684824322758,11.016474481218475,44.56961261400689,96.68313724899978
5,150,55,0125,rep_1,xanthan,1,count,100.0,0.1213126332614318,496.0,0.01261097426949874,1.213126332614318,408.86096251089316,483.6457131186362
5,150,55,0125,rep_1,xanthan,1,mean_diameter_mm,100.0,0.13270805517131934,496.0,0.06364163203759578,1.3270805517131932,373.7527457242059,436.6449530746992
5,150,55,0125,rep_2,xanthan,1,count,100.0,0.15901753428276932,496.0,0.11981648587732502,1.5901753428276932,311.9152879820154,389.8594354617073
5,150,55,0125,rep_2,xanthan,1,mean_diameter_mm,100.0,0.12642279614681437,496.0,0.06232857108364162,1.2642279614681438,392.3343060882761,437.79772228859275
5,150,55,025,rep_1,xanthan,1,count,100.0,0.19927207558683455,500.0,0.11078533359202739,1.9927207558683455,250.91322932606312,400.26395718264234
5,150,55,025,rep_1,xanthan,1,mean_diameter_mm,100.0,0.15239847689460445,500.0,0.08406139074266027,1.5239847689460444,328.08726844808916,422.4569831003094
5,150,55,025,rep_2,xanthan,1,count,100.0,0.17379351850221605,500.0,0.12952776379405034,1.7379351850221605,287.6977256166343,385.3257370505259
5,150,55,025,rep_2,xanthan,1,mean_diameter_mm,100.0,0.1858607710715678,500.0,0.05299970489458587,1.858607710715678,269.01857617252074,449.6678824806588
5,150,70,000,rep_1,water,10,count,7.6923,0.1168278289691318,500.0,0.8455298417796963,15.187632953620087,32.9215224997139,41.84981318734566
5,150,70,000,rep_1,water,10,mean_diameter_mm,7.6923,0.0684930612052349,485.0,0.6318102424302403,8.9041068607874,54.46924745881935,109.43186148616627
5,150,70,000,rep_2,water,10,count,7.6923,0.07355748584620321,500.0,0.8464363821654589,9.56248272248914,52.2876761726424,41.58378250065814
5,150,70,000,rep_2,water,10,mean_diameter_mm,7.6923,0.08397692961500113,483.0,0.6393832275094985,10.917011766961913,44.24287619270504,106.24599434112672
5,150,70,0125,rep_1,xanthan,1,count,100.0,0.11824729578552406,492.0,0.03494648379956017,1.1824729578552406,416.0771683881764,458.7737988417312
5,150,70,0125,rep_1,xanthan,1,mean_diameter_mm,100.0,0.10305321101753072,492.0,0.05898485664210899,1.030532110175307,477.4232604128214,437.1917573969138
5,150,70,0125,rep_2,xanthan,1,count,100.0,0.17905942159069077,493.0,0.09648401324447312,1.7905942159069077,275.32759551013254,406.23791691449
5,150,70,0125,rep_2,xanthan,1,mean_diameter_mm,100.0,0.16931722184823028,493.0,0.1607676002623476,1.6931722184823028,291.16943605530395,356.4379062416559
5,150,70,025,rep_1,xanthan,1,count,100.0,0.1585265981085013,500.0,0.19032055706120807,1.585265981085013,315.40448477786805,340.1098292958226
5,150,70,025,rep_1,xanthan,1,mean_diameter_mm,100.0,0.11848182875842074,500.0,0.05408739177094433,1.1848182875842075,422.0056402230911,448.6879435299254
5,150,70,025,rep_2,xanthan,1,count,100.0,0.13453869722376746,500.0,0.04604107941752588,1.3453869722376746,371.64028663692943,455.9854002644301
5,150,70,025,rep_2,xanthan,1,mean_diameter_mm,100.0,0.1,500.0,-0.03858106609101933,1.0,500.0,540.1292971568124
5,150,80,000,rep_1,water,10,count,7.6923,0.16327190093045685,500.0,0.8863524513684067,21.225368346327734,23.55671721883246,30.123625240116336
5,150,80,000,rep_1,water,10,mean_diameter_mm,7.6923,0.035471125638144814,457.0,0.48626179411280535,4.61125094420977,99.10542833801817,157.96568344851673
5,150,80,000,rep_2,water,9,count,7.6923,0.09496701055402115,450.0,0.8361022224786232,12.345723717746468,36.4498680100174,40.168787435514496
5,150,80,000,rep_2,water,9,mean_diameter_mm,7.6923,0.05263026172788293,441.0,0.5042804700792756,6.841940866565647,64.45539483613844,145.32683036396702
5,150,80,0125,rep_1,xanthan,1,count,100.0,0.17821033705777287,491.0,0.0931576804468151,1.7821033705777287,275.5171266192184,407.3150533220599
5,150,80,0125,rep_1,xanthan,1,mean_diameter_mm,100.0,0.11880172277226486,491.0,0.07103959268408586,1.1880172277226486,413.2936699421564,425.8661986986423
5,150,80,0125,rep_2,xanthan,1,count,100.0,0.12980508704871713,489.0,0.06516313941292551,1.2980508704871712,376.7186719088086,429.16921165619164
5,150,80,0125,rep_2,xanthan,1,mean_diameter_mm,100.0,0.11555325922186262,489.0,0.14999328786913663,1.1555325922186261,423.18148643572096,361.439746315538
5,150,80,025,rep_1,xanthan,1,count,100.0,0.2173040477192408,500.0,0.18228903641546987,2.173040477192408,230.0923545823709,345.8168596672908
5,150,80,025,rep_1,xanthan,1,mean_diameter_mm,100.0,0.20196698815935124,500.0,0.13462425508612105,2.0196698815935124,247.56521080836328,381.3490417795602
5,150,80,025,rep_2,xanthan,1,count,100.0,0.13877939638588188,499.0,0.14341743007990584,1.3877939638588188,359.5634604235558,373.8220978144932
5,150,80,025,rep_2,xanthan,1,mean_diameter_mm,100.0,0.12564330172568786,499.0,0.07941965373112173,1.2564330172568785,397.1560705157585,425.5708993256825
5,150,90,000,rep_1,water,10,count,7.6923,0.19425497070606085,500.0,0.8604608497066734,25.253171444959353,19.799493346401142,37.501232642258195
5,150,90,000,rep_1,water,10,mean_diameter_mm,7.6923,0.09191273475147284,470.0,0.5379175244251391,11.948667466358934,39.334930135370236,141.21613160066192
5,150,90,000,rep_2,water,10,count,7.6923,0.08980468789283015,500.0,0.811067661839632,11.67462110068902,42.82794239639098,52.16048581212472
5,150,90,000,rep_2,water,10,mean_diameter_mm,7.6923,0.047007660972057407,475.0,0.5809182326660427,6.1110020373695,77.72866006185545,125.9165941479027
5,150,90,0125,rep_1,xanthan,1,count,100.0,0.16721649713535605,488.0,0.12535195247125577,1.6721649713535607,291.8372339811547,379.28422859774565
5,150,90,0125,rep_1,xanthan,1,mean_diameter_mm,100.0,0.18282653860479103,488.0,0.1346920501667167,1.8282653860479103,266.9196735463501,372.14527012558113
5,150,90,0125,rep_2,xanthan,1,count,100.0,0.10534800439931852,494.0,0.06622842422853861,1.053480043993185,468.92202924652236,432.6307083445649
5,150,90,0125,rep_2,xanthan,1,mean_diameter_mm,100.0,0.1,494.0,0.08058518674767715,1.0,494.0,420.3194003738492
5,150,90,025,rep_1,xanthan,1,count,100.0,0.18656299490656664,499.0,0.025836031698244184,1.8656299490656665,267.4699772320369,473.86502829096145
5,150,90,025,rep_1,xanthan,1,mean_diameter_mm,100.0,0.13622570018485353,499.0,0.05448185650683713,1.3622570018485354,366.3038614027121,447.4363884894676
5,150,90,025,rep_2,xanthan,1,count,100.0,0.1256731317422674,500.0,0.03928640819852311,1.256731317422674,397.85751581762804,462.19867027163247
5,150,90,025,rep_2,xanthan,1,mean_diameter_mm,100.0,0.11012022174694194,500.0,0.003431466030670175,1.1012022174694194,454.0492128221537,496.5802686612528
5,75,45,000,rep_1,water,10,count,7.6923,0.09492111701876856,500.0,0.8079354402313564,12.339757552197463,40.51943467162854,53.11709574764064
5,75,45,000,rep_1,water,10,mean_diameter_mm,7.6923,0.02907514771607314,488.0,0.4593522730492666,3.779772982862491,129.10828301397845,180.78985836687767
5,75,45,000,rep_2,water,10,count,7.6923,0.10402076408260141,500.0,0.8188102337413803,13.522712853451036,36.97482934220544,49.80996997303661
5,75,45,000,rep_2,water,10,mean_diameter_mm,7.6923,0.04926192679630886,491.0,0.4014832091350221,6.404056887577038,76.67014965973684,209.68623983449513
5,75,45,0125,rep_1,xanthan,1,count,100.0,0.13972994256504853,498.0,0.12542888447075698,1.3972994256504854,356.4017782145483,386.99594576193766
5,75,45,0125,rep_1,xanthan,1,mean_diameter_mm,100.0,0.10659669864556011,498.0,0.022718563805546578,1.0659669864556012,467.1814477631032,475.87495959188766
5,75,45,0125,rep_2,xanthan,1,count,100.0,0.20759206540388586,491.0,0.14014884601727595,2.0759206540388586,236.52156408036254,370.2910528570762
5,75,45,0125,rep_2,xanthan,1,mean_diameter_mm,100.0,0.10338116154770367,491.0,0.055750585355622106,1.0338116154770367,474.9414619156078,439.14393136161056
5,75,45,025,rep_1,xanthan,1,count,100.0,0.19561161319150935,500.0,0.18267010760321845,1.9561161319150935,255.60854585381173,345.54432683395123
5,75,45,025,rep_1,xanthan,1,mean_diameter_mm,100.0,0.128319386114881,500.0,0.06268846929507063,1.28319386114881,389.65273692344743,441.00955161708424
5,75,45,025,rep_2,xanthan,1,count,100.0,0.30102489524406184,500.0,0.14234335790197222,3.0102489524406186,166.09921900134378,375.3935435284537
5,75,45,025,rep_2,xanthan,1,mean_diameter_mm,100.0,0.17186101286491132,500.0,0.1992422745080551,1.7186101286491131,290.932766928947,333.85986406309195
5,75,55,000,rep_1,water,10,count,7.6923,0.11929713058937613,500.0,0.8832195451956272,15.508642485261383,32.240088097663886,31.005533874767046
5,75,55,000,rep_1,water,10,mean_diameter_mm,7.6923,0.07269682334488659,490.0,0.6571901856536064,9.45059648543174,51.84857916167975,101.3624208518238
5,75,55,000,rep_2,water,10,count,7.6923,0.1351283248907532,500.0,0.8519598161035765,17.566699802497716,28.462944413093894,39.968519459534505
5,75,55,000,rep_2,water,10,mean_diameter_mm,7.6923,0.052085909619977604,491.0,0.5694721483347798,6.77117502177211,72.51326371290556,134.68807037570463
5,75,55,0125,rep_1,xanthan,1,count,100.0,0.19632311576912953,498.0,0.13878676858487288,1.9632311576912953,253.66345580294987,376.6150091273816
5,75,55,0125,rep_1,xanthan,1,mean_diameter_mm,100.0,0.1232233077001938,498.0,0.0735803779174637,1.232233077001938,404.1443208225263,429.7367773170794
5,75,55,0125,rep_2,xanthan,1,count,100.0,0.1373164687036096,494.0,0.04947307600026061,1.3731646870360963,359.75291577463514,447.4248184102577
5,75,55,0125,rep_2,xanthan,1,mean_diameter_mm,100.0,0.11934665661399406,494.0,0.05201609732305521,1.1934665661399406,413.9202672411317,445.1491275789889
5,75,55,025,rep_1,xanthan,1,count,100.0,0.3415506407113385,500.0,0.19318813509525046,3.4155064071133854,146.3911761250581,338.090801095815
5,75,55,025,rep_1,xanthan,1,mean_diameter_mm,100.0,0.10680901774627949,500.0,-0.003469189970852491,1.0680901774627949,468.1252674635861,503.48126714792795
5,75,55,025,rep_2,xanthan,1,count,100.0,0.17290957278074914,499.0,0.08639813956071243,1.7290957278074914,288.59015263008973,419.63191187306666
5,75,55,025,rep_2,xanthan,1,mean_diameter_mm,100.0,0.15217011603502972,499.0,0.06506672797846053,1.5217011603502972,327.92246796022005,438.0304918774847
5,75,70,000,rep_1,water,10,count,7.6923,0.08919108726083291,500.0,0.8520608317126892,11.594852938761218,43.12258229067453,39.939068348663355
5,75,70,000,rep_1,water,10,mean_diameter_mm,7.6923,0.02895815973144385,480.0,0.4929427577358047,3.76456452965223,127.50478739817015,163.02532366072418
5,75,70,000,rep_2,water,10,count,7.6923,0.04794725531970406,500.0,0.7501820296357768,6.233149424710953,80.21627044873648,71.36913936209588
5,75,70,000,rep_2,water,10,mean_diameter_mm,7.6923,0.034391124393113606,485.0,0.5464527603237122,4.470850641955411,108.48047471070876,142.24192092162852
5,75,70,0125,rep_1,xanthan,1,count,100.0,0.15241567897883637,487.0,0.07939080088141239,1.5241567897883639,319.5209333205294,415.3608494760637
5,75,70,0125,rep_1,xanthan,1,mean_diameter_mm,100.0,0.19590582019346464,487.0,0.16773233606583132,1.9590582019346465,248.5888369825197,347.095254466851
5,75,70,0125,rep_2,xanthan,1,count,100.0,0.16914592768399192,491.0,0.10013221987276354,1.691459276839919,290.2818925190527,401.61997990893667
5,75,70,0125,rep_2,xanthan,1,mean_diameter_mm,100.0,0.18441321261430801,491.0,0.14661076887699473,1.84413212614308,266.2499031600868,365.4370984948828
5,75,70,025,rep_1,xanthan,1,count,100.0,0.378875283712205,499.0,0.12819676708872504,3.7887528371220505,131.70560906238532,385.59746483346737
5,75,70,025,rep_1,xanthan,1,mean_diameter_mm,100.0,0.15784234696385077,499.0,0.13310551009577518,1.5784234696385075,316.13822880768595,381.76528717581164
5,75,70,025,rep_2,xanthan,1,count,100.0,0.17987371862965063,500.0,0.1255855384826343,1.7987371862965063,277.97279325139795,388.4264818718867
5,75,70,025,rep_2,xanthan,1,mean_diameter_mm,100.0,0.10514715229102561,500.0,-0.009274029525161792,1.0514715229102563,475.5240528208535,509.3608422525927
5,75,80,000,rep_1,water,10,count,7.6923,0.09679262665930757,500.0,0.7883528922964952,12.583054048764032,39.73598126991376,59.173753853390856
5,75,80,000,rep_1,water,10,mean_diameter_mm,7.6923,0.03219952376315675,489.0,0.5071465640637104,4.1859422751526525,116.81957558341323,159.90835657218656
5,75,80,000,rep_2,water,10,count,7.6923,0.09001574707551685,500.0,0.8294430486510815,11.702058821876012,42.72752407168662,46.61444680518386
5,75,80,000,rep_2,water,10,mean_diameter_mm,7.6923,0.03191501650696344,487.0,0.5991922217381181,4.148956294861542,117.3789178264294,122.05748962522225
5,75,80,0125,rep_1,xanthan,1,count,100.0,0.11938484896910632,492.0,0.053596678270950104,1.1938484896910633,412.1125957342516,441.9437189711298
5,75,80,0125,rep_1,xanthan,1,mean_diameter_mm,100.0,0.10302856565830783,492.0,0.03988996502958315,1.0302856565830782,477.5374643491672,454.2539625257436
5,75,80,0125,rep_2,xanthan,1,count,100.0,0.1,493.0,0.10507159807277666,1.0,493.0,399.2498793015446
5,75,80,0125,rep_2,xanthan,1,mean_diameter_mm,100.0,0.11785508808294212,493.0,0.19700616330606313,1.1785508808294212,418.3103233125112,330.72174030977743
5,75,80,025,rep_1,xanthan,1,count,100.0,0.23796239405467362,499.0,0.04456455878892397,2.379623940546736,209.69699938610933,456.42203840142605
5,75,80,025,rep_1,xanthan,1,mean_diameter_mm,100.0,0.1054240717659185,499.0,-0.008916082348885416,1.054240717659185,473.32643450536574,507.97830145935234
5,75,80,025,rep_2,xanthan,1,count,100.0,0.19007235671983633,500.0,0.08446353957911605,1.9007235671983633,263.05771582397546,422.1149107402019
5,75,80,025,rep_2,xanthan,1,mean_diameter_mm,100.0,0.11379610131571409,500.0,0.0021278778171064877,1.137961013157141,439.3823639114032,497.8766404326147
5,75,90,000,rep_1,water,10,count,7.6923,0.1487417772749634,500.0,0.8653045038699921,19.336450382195622,25.857899982531634,36.10549801669161
5,75,90,000,rep_1,water,10,mean_diameter_mm,7.6923,0.04328904345840469,484.0,0.44620911648584133,5.627581277173887,86.00497730048953,185.33612087313716
5,75,90,000,rep_2,water,10,count,7.6923,0.14765275939984795,500.0,0.8994643348766173,19.19487791685815,26.048615790406696,26.46421500983676
5,75,90,000,rep_2,water,10,mean_diameter_mm,7.6923,0.04269949944012057,486.0,0.5247914926501526,5.550940478156152,87.55273127364427,151.4642071950589
5,75,90,0125,rep_1,xanthan,1,count,100.0,0.13336155505700129,486.0,0.05126803688369593,1.333615550570013,364.42286518950255,438.59769145205587
5,75,90,0125,rep_1,xanthan,1,mean_diameter_mm,100.0,0.11006038867894988,486.0,-0.008262028168280698,1.1006038867894987,441.57576202795315,494.097593928703
5,75,90,0125,rep_2,xanthan,1,count,100.0,0.13606101067018977,492.0,0.021625423619053025,1.3606101067018976,361.6024881606987,471.1710187029538
5,75,90,0125,rep_2,xanthan,1,mean_diameter_mm,100.0,0.12500645926387977,492.0,0.05273829570295508,1.2500645926387977,393.5796621208372,442.7052387250187
5,75,90,025,rep_1,xanthan,1,count,100.0,0.20249365261167446,500.0,0.10991501079347374,2.0249365261167447,246.92132002718057,400.9698853294218
5,75,90,025,rep_1,xanthan,1,mean_diameter_mm,100.0,0.10652653735592539,500.0,0.05193003725577921,1.0652653735592539,469.36661268675715,450.63356362439123
5,75,90,025,rep_2,xanthan,1,count,100.0,0.11056048611516561,500.0,0.07780635151243406,1.1056048611516562,452.24113747037404,427.8104537023259
5,75,90,025,rep_2,xanthan,1,mean_diameter_mm,100.0,0.1,500.0,0.0990868368661053,1.0,500.0,409.8462163839231
6,100,45,000,rep_1,water,10,count,7.6923,0.18857588882511267,500.0,0.8403971504497006,24.514890062154706,20.395767581755702,43.36098040341467
6,100,45,000,rep_1,water,10,mean_diameter_mm,7.6923,0.16019799655343303,491.0,0.7418497491891932,20.825760377706672,23.57657012733135,72.76848833092942
6,100,45,000,rep_2,water,11,count,7.6923,0.23749818764168523,550.0,0.9124035997975825,30.874795268214346,17.813883305850645,25.19239145775977
6,100,45,000,rep_2,water,11,mean_diameter_mm,7.6923,0.16645002529653832,507.0,0.8234047624946277,21.638524927074908,23.430432606134957,49.102529102058085
6,100,45,0125,rep_1,xanthan,1,count,100.0,0.19521095122243842,496.0,0.07156804416047918,1.9521095122243841,254.08410588339348,429.7461580773279
6,100,45,0125,rep_1,xanthan,1,mean_diameter_mm,100.0,0.36642822837049593,496.0,0.26182587540681074,3.6642822837049596,135.36075050923586,290.1623535657649
6,100,45,0125,rep_2,xanthan,1,count,100.0,0.18889234181678743,495.0,0.09957043327157368,1.8889234181678742,262.05403312756636,405.35160099242887
6,100,45,0125,rep_2,xanthan,1,mean_diameter_mm,100.0,0.27382514940601954,495.0,0.24739503765628876,2.7382514940601954,180.77229249166925,298.6539509248775
6,100,45,025,rep_1,xanthan,1,count,100.0,0.15967987895224495,500.0,0.06554070735580686,1.5967987895224494,313.1264898751168,438.49065840154583
6,100,45,025,rep_1,xanthan,1,mean_diameter_mm,100.0,0.4178657701895029,500.0,0.35716978928821025,4.178657701895029,119.65564917491307,236.8274831143024
6,100,45,025,rep_2,xanthan,1,count,100.0,0.16082990554664492,500.0,0.11040856745985606,1.6082990554664491,310.8874548552084,400.56942039593224
6,100,45,025,rep_2,xanthan,1,mean_diameter_mm,100.0,0.5313670852519828,500.0,0.2257720564901025,5.313670852519829,94.09690849836736,315.81236470948585
6,100,55,000,rep_1,water,10,count,7.6923,0.14110205831979644,500.0,0.8391430749913361,18.34328592485946,27.25792979775682,43.73148755961296
6,100,55,000,rep_1,water,10,mean_diameter_mm,7.6923,0.1238574344769176,491.0,0.7147964713589972,16.10148258348187,30.494086333621553,81.66271327334432
6,100,55,000,rep_2,water,10,count,7.6923,0.07455574237655331,500.0,0.8383943057003524,9.692256201208131,51.58757565010254,43.952946818468966
6,100,55,000,rep_2,water,10,mean_diameter_mm,7.6923,0.12122409525843808,491.0,0.8234845463914456,15.759148142745094,31.15650640203148,47.52937878925958
6,100,55,0125,rep_1,xanthan,1,count,100.0,0.16066605885526875,496.0,0.1344701577853586,1.6066605885526875,308.71486083243434,378.41700708683254
6,100,55,0125,rep_1,xanthan,1,mean_diameter_mm,100.0,1.2381884014010822,496.0,0.32634749470237373,12.381884014010822,40.05852416633423,251.91862913919124
6,100,55,0125,rep_2,xanthan,1,count,100.0,0.1161188035343197,497.0,0.1181502101728938,1.1611880353431971,428.00992162574966,391.9682181844807
6,100,55,0125,rep_2,xanthan,1,mean_diameter_mm,100.0,0.5969019481419614,497.0,0.36512800407752666,5.969019481419614,83.26325647739355,231.13684653087665
6,100,55,025,rep_1,xanthan,1,count,100.0,0.15461624988055178,500.0,0.053004351045110094,1.5461624988055178,323.3812748571209,449.66369227961576
6,100,55,025,rep_1,xanthan,1,mean_diameter_mm,100.0,0.24461237846579123,500.0,0.17793058614002896,2.4461237846579125,204.40502771609508,348.9464589563879
6,100,55,025,rep_2,xanthan,1,count,100.0,0.1122731751106456,500.0,0.13758609600524951,1.122731751106456,445.3423531553715,379.05434455607605
6,100,55,025,rep_2,xanthan,1,mean_diameter_mm,100.0,0.30335342317698766,500.0,0.26743225219819156,3.033534231769876,164.82424848335452,288.99680694225185
6,100,70,000,rep_1,water,10,count,7.6923,0.196198316398197,500.0,0.8574875563366651,25.505806637572245,19.603379226730944,38.36161463832302
6,100,70,000,rep_1,water,10,mean_diameter_mm,7.6923,0.13575106026535977,490.0,0.6524474015520368,17.647655482152253,27.76572788921201,103.05972406719236
6,100,70,000,rep_2,water,10,count,7.6923,0.16129016122617396,500.0,0.8793171418438829,20.96774192714454,23.846153855637983,32.108167235070745
6,100,70,000,rep_2,water,10,mean_diameter_mm,7.6923,0.14958132871563698,491.0,0.7156129282406762,19.445592178624985,25.2499381602643,81.39018419324903
6,100,70,0125,rep_1,xanthan,1,count,100.0,0.1581005218566895,491.0,0.08426165979729458,1.5810052185668948,310.56190974819674,414.68544144924147
6,100,70,0125,rep_1,xanthan,1,mean_diameter_mm,100.0,0.21489953607553436,491.0,0.15941580051683335,2.1489953607553436,228.47885526724448,355.97827954583107
6,100,70,0125,rep_2,xanthan,1,count,100.0,0.11805529472032286,490.0,0.1285772151835403,1.1805529472032286,415.05974057396344,378.3499780213291
6,100,70,0125,rep_2,xanthan,1,mean_diameter_mm,100.0,0.39843837875266075,490.0,0.3103422381393929,3.9843837875266077,122.98012092459047,257.89621480228016
6,100,70,025,rep_1,xanthan,1,count,100.0,0.15209768677152824,500.0,0.12208677133970929,1.5209768677152824,328.73609757857076,391.19667528568715
6,100,70,025,rep_1,xanthan,1,mean_diameter_mm,100.0,0.21383934762755796,500.0,0.2830513461705104,2.1383934762755796,233.8203915917502,279.39203523278604
6,100,70,025,rep_2,xanthan,1,count,100.0,0.2042270863733459,499.0,0.12321900791617438,2.0422708637334592,244.33585615954098,389.5177271452306
6,100,70,025,rep_2,xanthan,1,mean_diameter_mm,100.0,0.34936340453361114,499.0,0.30276565973239755,3.493634045336111,142.83121629929985,267.06256278278033
6,100,80,000,rep_1,water,10,count,7.6923,0.0822915098161007,500.0,0.8390713216213778,10.697906974000064,46.73811440080644,43.752701835604434
6,100,80,000,rep_1,water,10,mean_diameter_mm,7.6923,0.09465464493963027,491.0,0.7211571899191066,12.305116147268082,39.90210203005758,79.54637760665744
6,100,80,000,rep_2,water,10,count,7.6923,0.13235999704515058,500.0,0.8370725211279231,17.2068168226864,29.0582508753608,44.344324189238584
6,100,80,000,rep_2,water,10,mean_diameter_mm,7.6923,0.11683325508580066,488.0,0.6461479331111843,15.188338349492435,32.1299136726374,104.89932597696787
6,100,80,0125,rep_1,xanthan,1,count,100.0,0.15091820671405212,493.0,0.1938676024738526,1.5091820671405214,326.6670143610289,332.887223974314
6,100,80,0125,rep_1,xanthan,1,mean_diameter_mm,100.0,0.1604530374218599,493.0,0.18068197777338793,1.604530374218599,307.255012383352,342.11057046832144
6,100,80,0125,rep_2,xanthan,1,count,100.0,0.1773723651789704,491.0,0.14603485013129935,1.773723651789704,276.8187702208156,365.86748521434043
6,100,80,0125,rep_2,xanthan,1,mean_diameter_mm,100.0,0.556407913434572,491.0,0.3807874461460393,5.564079134345719,88.24461121862473,220.1883894518972
6,100,80,025,rep_1,xanthan,1,count,100.0,0.23973504372543492,500.0,0.17490905739646223,2.397350437254349,208.56358429293417,351.129705490524
6,100,80,025,rep_1,xanthan,1,mean_diameter_mm,100.0,0.5781857662165902,500.0,0.3853386011624556,5.781857662165902,86.4773969224103,221.84518583463066
6,100,80,025,rep_2,xanthan,1,count,100.0,0.33353891123819146,499.0,0.21182983254342366,3.3353891123819146,149.60773186779613,324.54797117460674
6,100,80,025,rep_2,xanthan,1,mean_diameter_mm,100.0,0.38164237534599427,499.0,0.19976776405024066,3.816423753459943,130.75067975551985,332.82765023699073
6,100,90,000,rep_1,water,10,count,7.6923,0.10646087121299587,500.0,0.8116131003569864,13.83992709761656,36.12735793139455,51.99424192888954
6,100,90,000,rep_1,water,10,mean_diameter_mm,7.6923,0.05212417818920269,486.0,0.4612016615535936,6.77614994074629,71.72214373203118,179.20592302539563
6,100,90,000,rep_2,water,10,count,7.6923,0.07630153406298877,500.0,0.8318519040237878,9.919209347397887,50.40724340908939,45.89565772398506
6,100,90,000,rep_2,water,10,mean_diameter_mm,7.6923,0.04796452575655662,488.0,0.6473006879280935,6.2353945837469436,78.26288993354345,104.48442446021942
6,100,90,0125,rep_1,xanthan,1,count,100.0,0.21040763099244594,490.0,0.1691258102299178,2.1040763099244595,232.88128747459353,348.23314088607395
6,100,90,0125,rep_1,xanthan,1,mean_diameter_mm,100.0,0.4579819968922417,490.0,0.27314131124744473,4.5798199689224175,106.99110517990334,279.7495881582696
6,100,90,0125,rep_2,xanthan,1,count,100.0,0.19596200035612782,485.0,0.1710516446148851,1.9596200035612783,247.49696324725937,343.31530484635164
6,100,90,0125,rep_2,xanthan,1,mean_diameter_mm,100.0,0.1720866748794783,485.0,0.21565764041701654,1.720866748794783,281.8347209856149,312.9220199424349
6,100,90,025,rep_1,xanthan,1,count,100.0,0.1736011001826284,500.0,0.14995706423400829,1.736011001826284,288.01660788670114,369.59768421102285
6,100,90,025,rep_1,xanthan,1,mean_diameter_mm,100.0,0.35135492488480063,500.0,0.32720907347608297,3.5135492488480065,142.30624493564048,253.46079226305153
6,100,90,025,rep_2,xanthan,1,count,100.0,0.30001060156409437,500.0,0.2399174044092069,3.000106015640944,166.6607771169646,306.5053336971891
6,100,90,025,rep_2,xanthan,1,mean_diameter_mm,100.0,0.414681956906051,500.0,0.3303563759019283,4.14681956906051,120.57433212925596,251.6782856939668
6,125,45,000,rep_1,water,10,count,7.6923,0.05305066788418889,500.0,0.8460949045549111,6.896593721538277,72.4995585050174,41.683960847666995
6,125,45,000,rep_1,water,10,mean_diameter_mm,7.6923,0.09516599376295899,491.0,0.7843788429317474,12.37159156077623,39.68769883712466,59.33156433673405
6,125,45,000,rep_2,water,10,count,7.6923,0.10728773866906023,500.0,0.8184461465145421,13.947419974397803,35.84892409619924,49.920052302193945
6,125,45,000,rep_2,water,10,mean_diameter_mm,7.6923,0.10245019653443296,491.0,0.7954084744654073,13.318538868015152,36.86590585241677,55.95074350275409
6,125,45,0125,rep_1,xanthan,1,count,100.0,0.16149403918150493,500.0,0.11242803984467925,1.6149403918150491,309.60895060531897,398.93455053472326
6,125,45,0125,rep_1,xanthan,1,mean_diameter_mm,100.0,0.47205518580555594,500.0,0.41351703881272817,4.720551858055559,105.91981934204506,207.4552145759358
6,125,45,0125,rep_2,xanthan,1,count,100.0,0.19269612357879187,497.0,0.14490782624557264,1.926961235787919,257.919044124819,371.1921611624967
6,125,45,0125,rep_2,xanthan,1,mean_diameter_mm,100.0,0.5052513292205768,497.0,0.3472490839093772,5.052513292205768,98.36688619240138,240.79972231687302
6,125,45,025,rep_1,xanthan,1,count,100.0,0.23858319970700104,499.0,0.40459400419475755,2.38583199707001,209.15135710008556,211.5256017180177
6,125,45,025,rep_1,xanthan,1,mean_diameter_mm,100.0,0.4533220589046361,499.0,0.4918016646064723,4.533220589046361,110.07626701549351,169.98973481388762
6,125,45,025,rep_2,xanthan,1,count,100.0,0.27541177310968534,500.0,0.20123275777964944,2.754117731096853,181.54634217502036,332.478130090619
6,125,45,025,rep_2,xanthan,1,mean_diameter_mm,100.0,0.4050963550268198,500.0,0.38273563071495426,4.0509635502681975,123.4274250546878,223.20404406078848
6,125,55,000,rep_1,water,10,count,7.6923,0.15844170770742544,500.0,0.8798511187442221,20.597442599407906,24.274858278491962,31.95702044107615
6,125,55,000,rep_1,water,10,mean_diameter_mm,7.6923,0.14119052184073919,491.0,0.7236811513955357,18.354786194082287,26.750515904037165,78.71093476595023
6,125,55,000,rep_2,water,10,count,7.6923,0.09662912432160352,500.0,0.8488047801132557,12.561798723607179,39.803216959714405,40.88999052606362
6,125,55,000,rep_2,water,10,mean_diameter_mm,7.6923,0.11235555207052018,491.0,0.7505214862318951,14.606236375404,33.61577804031801,69.97569080046841
6,125,55,0125,rep_1,xanthan,1,count,100.0,0.3258980238176277,498.0,0.20788251175729439,3.2589802381762776,152.808536291917,326.5835089962218
6,125,55,0125,rep_1,xanthan,1,mean_diameter_mm,100.0,0.7120917192436039,498.0,0.30732975094810466,7.12091719243604,69.93481128090973,263.85828348026087
6,125,55,0125,rep_2,xanthan,1,count,100.0,0.2307046219560432,496.0,0.22953010287853906,2.3070462195604318,214.99352539824898,310.8122916857093
6,125,55,0125,rep_2,xanthan,1,mean_diameter_mm,100.0,0.4717793037704886,496.0,0.4311596644302967,4.717793037704886,105.13390393260963,197.14418555450735
6,125,55,025,rep_1,xanthan,1,count,100.0,0.344251416283572,500.0,0.2771384201736409,3.44251416283572,145.24268495329366,283.0004831144608
6,125,55,025,rep_1,xanthan,1,mean_diameter_mm,100.0,0.43939859784206253,500.0,0.4083183403050724,4.393985978420625,113.7918970282468,210.06673092347728
6,125,55,025,rep_2,xanthan,1,count,100.0,0.23611795092136023,500.0,0.24839750419790885,2.3611795092136023,211.7585715312795,301.0269138133984
6,125,55,025,rep_2,xanthan,1,mean_diameter_mm,100.0,0.5367046886488734,500.0,0.4616667473865,5.367046886488735,93.16110154705828,184.15047533100642
6,125,70,000,rep_1,water,10,count,7.6923,0.11983583783776054,500.0,0.8325821992737276,15.578674497583366,32.09515675274955,45.678114955122325
6,125,70,000,rep_1,water,10,mean_diameter_mm,7.6923,0.11335661946451145,490.0,0.7309849807917838,14.736375266761755,33.25105333773677,76.15164826660155
6,125,70,000,rep_2,water,10,count,7.6923,0.19101921473687483,500.0,0.9056381829707204,24.832522748316475,20.13488541086296,24.758586879849855
6,125,70,000,rep_2,water,10,mean_diameter_mm,7.6923,0.11522143000785648,474.0,0.7980570146590292,14.978800879822222,31.64472268527985,53.235784110979374
6,125,70,0125,rep_1,xanthan,1,count,100.0,0.2187295288039388,493.0,0.24725439781255262,2.187295288039388,225.39252139198237,297.53639877258144
6,125,70,0125,rep_1,xanthan,1,mean_diameter_mm,100.0,0.2570927861468715,493.0,0.2646215706389704,2.570927861468715,191.75956174762516,286.67988439562015
6,125,70,0125,rep_2,xanthan,1,count,100.0,0.20901860686034,495.0,0.20143676563970167,2.0901860686034,236.821021551801,329.0134048776818
6,125,70,0125,rep_2,xanthan,1,mean_diameter_mm,100.0,0.33478448557263174,495.0,0.32220005146828185,3.3478448557263176,147.85631393680856,253.7520507207823
6,125,70,025,rep_1,xanthan,1,count,100.0,0.2775001247225734,500.0,0.24454365755709273,2.775001247225734,180.18009919810575,303.5073690889189
6,125,70,025,rep_1,xanthan,1,mean_diameter_mm,100.0,0.37904565499542264,500.0,0.304023159933836,3.7904565499542264,131.9102312374582,266.85754572851175
6,125,70,025,rep_2,xanthan,1,count,100.0,0.20783284234544586,500.0,0.178728959441622,2.0783284234544586,240.5779540699027,348.371452987557
6,125,70,025,rep_2,xanthan,1,mean_diameter_mm,100.0,0.2748250476057255,500.0,0.2681203875810381,2.748250476057255,181.93392645830414,288.5686641372572
6,125,80,000,rep_1,water,10,count,7.6923,0.1507401293340893,500.0,0.8548122295422697,19.59623640966802,25.51510348963332,39.13813165162271
6,125,80,000,rep_1,water,10,mean_diameter_mm,7.6923,0.11693261092177232,490.0,0.6869641532773842,15.201254621085022,32.23418146817576,90.92520703305098
6,125,80,000,rep_2,water,10,count,7.6923,0.21283815770460265,500.0,0.9153161918043413,27.668988170586513,18.070772842048648,22.107004722776743
6,125,80,000,rep_2,water,10,mean_diameter_mm,7.6923,0.16367631204900482,488.0,0.7285455003840792,21.27794184431247,22.934549007165415,76.6365685966235
6,125,80,0125,rep_1,xanthan,1,count,100.0,0.19420841865001412,494.0,0.19386708910525255,1.9420841865001413,254.36590413222237,333.5628074649916
6,125,80,0125,rep_1,xanthan,1,mean_diameter_mm,100.0,0.3368281207476654,494.0,0.35440505604514505,3.3682812074766537,146.66233891144734,235.4715828106507
6,125,80,0125,rep_2,xanthan,1,count,100.0,0.17543282837938773,493.0,0.15849859439283212,1.7543282837938772,281.01923941729285,358.10159371126525
6,125,80,0125,rep_2,xanthan,1,mean_diameter_mm,100.0,0.212947178189905,493.0,0.22921042350540027,2.12947178189905,231.51281185813394,309.14093628345177
6,125,80,025,rep_1,xanthan,1,count,100.0,0.15924619618128455,497.0,0.24387925515206824,1.5924619618128455,312.09536674535025,302.11293309452316
6,125,80,025,rep_1,xanthan,1,mean_diameter_mm,100.0,0.4079491823482905,497.0,0.3506786526459122,4.079491823482905,121.82889965340867,238.926341956174
6,125,80,025,rep_2,xanthan,1,count,100.0,0.18777481870452248,500.0,0.26019288209363184,1.8777481870452248,266.2763854331218,293.5293193678746
6,125,80,025,rep_2,xanthan,1,mean_diameter_mm,100.0,0.44981601469639354,500.0,0.36076464715221723,4.498160146963936,111.15655816244748,234.8809377821369
6,125,90,000,rep_1,water,10,count,7.6923,0.09186411688215866,500.0,0.8578923426206974,11.942347137027761,41.86781662456691,38.244319684005234
6,125,90,000,rep_1,water,10,mean_diameter_mm,7.6923,0.10854864713747313,473.0,0.546221786019545,14.111338239209745,33.51914552552662,138.81391217834135
6,125,90,000,rep_2,water,9,count,7.6923,0.19305581070140332,450.0,0.8612197306349578,25.097280488462918,17.93022954048199,33.55386802877041
6,125,90,000,rep_2,water,9,mean_diameter_mm,7.6923,0.08391630190271475,411.0,0.5275193243178335,10.909130156483073,37.67486445798349,127.12739839942284
6,125,90,0125,rep_1,xanthan,1,count,100.0,0.18849259042054786,488.0,0.2302240730077807,1.8849259042054785,258.89611836264646,305.3514076129017
6,125,90,0125,rep_1,xanthan,1,mean_diameter_mm,100.0,0.5496167987530606,488.0,0.2747833830635414,5.4961679875306055,88.78913474026754,277.6202716217485
6,125,90,0125,rep_2,xanthan,1,count,100.0,0.20124320988303104,493.0,0.2682560368196941,2.0124320988303106,244.9772095597895,284.4455404702939
6,125,90,0125,rep_2,xanthan,1,mean_diameter_mm,100.0,0.3378155646783464,493.0,0.36478565191501466,3.378155646783464,145.93762145607874,229.4577710180956
6,125,90,025,rep_1,xanthan,1,count,100.0,0.16449940833879156,499.0,0.17421832540693377,1.6449940833879158,303.3445560924415,350.9271203710229
6,125,90,025,rep_1,xanthan,1,mean_diameter_mm,100.0,1.2963203288058058,499.0,0.3701718498362995,12.963203288058057,38.49357206792306,229.37578740158426
6,125,90,025,rep_2,xanthan,1,count,100.0,0.17855567701887254,497.0,0.18492725095243875,1.7855567701887252,278.3445524095374,341.8700649774302
6,125,90,025,rep_2,xanthan,1,mean_diameter_mm,100.0,0.2458313079688649,497.0,0.23068853539145864,2.458313079688649,202.17115716723364,310.67795540065504
6,150,45,000,rep_1,water,10,count,7.6923,0.22462607365667867,500.0,0.9125569173548869,29.201418776787,17.122455721139946,22.86025630182266
6,150,45,000,rep_1,water,10,mean_diameter_mm,7.6923,0.13274979936137754,491.0,0.8227445225731143,17.257491174470253,28.45141249304866,47.748018627283976
6,150,45,000,rep_2,water,10,count,7.6923,0.0908226243674256,500.0,0.7798166276931394,11.806952974718302,42.347928468134626,61.855634136940616
6,150,45,000,rep_2,water,10,mean_diameter_mm,7.6923,0.13286450145343598,491.0,0.7990442132744712,17.272402461349138,28.426850352678052,54.84539543508215
6,150,45,0125,rep_1,xanthan,1,count,100.0,0.19752561247718517,498.0,0.2122876828963813,1.9752561247718519,252.11920305146276,323.58716454197594
6,150,45,0125,rep_1,xanthan,1,mean_diameter_mm,100.0,0.3149767387175558,498.0,0.365744652911385,3.149767387175558,158.10691355419863,231.27248726678664
6,150,45,0125,rep_2,xanthan,1,count,100.0,0.14896299123319562,499.0,0.13609898249122707,1.4896299123319563,334.98253215044224,379.4445857099485
6,150,45,0125,rep_2,xanthan,1,mean_diameter_mm,100.0,0.23718281594861595,499.0,0.19344217912465114,2.3718281594861597,210.38623645825376,337.2365747220353
6,150,45,025,rep_1,xanthan,1,count,100.0,0.23188451465544668,500.0,0.2655620429409907,2.318845146554467,215.6245753378321,290.1627625273422
6,150,45,025,rep_1,xanthan,1,mean_diameter_mm,100.0,0.41853374033142676,500.0,0.3764927388184757,4.185337403314268,119.46468153417263,226.4840356937578
6,150,45,025,rep_2,xanthan,1,count,100.0,0.2584580161153049,499.0,0.35235367447775723,2.5845801611530486,193.0681073468362,238.97263159387717
6,150,45,025,rep_2,xanthan,1,mean_diameter_mm,100.0,0.8729390939950051,499.0,0.4954478617996621,8.72939093995005,57.16320914398815,168.3586057349937
6,150,55,000,rep_1,water,10,count,7.6923,0.10411365371351934,500.0,0.8575405515718554,13.534788517546032,36.94184060222421,38.34625529644428
6,150,55,000,rep_1,water,10,mean_diameter_mm,7.6923,0.2057257298810246,491.0,0.8831010030551617,26.74437162890483,18.359003038580877,30.480259639176804
6,150,55,000,rep_2,water,10,count,7.6923,0.17441969517053116,500.0,0.9049655089905985,22.674583046752097,22.05112212952555,24.943887582447186
6,150,55,000,rep_2,water,10,mean_diameter_mm,7.6923,0.16240496481813144,474.0,0.7739584419374618,21.112666539023625,22.450977432143944,60.39808824643273
6,150,55,0125,rep_1,xanthan,1,count,100.0,0.23938073207432656,496.0,0.2261854068560911,2.3938073207432655,207.20130467559704,313.01305337131953
6,150,55,0125,rep_1,xanthan,1,mean_diameter_mm,100.0,0.5101503835251004,496.0,0.34939136619977157,5.1015038352510045,97.2262328948334,239.1462480404952
6,150,55,0125,rep_2,xanthan,1,count,100.0,0.2921965487876878,495.0,0.2732117064617198,2.921965487876878,169.40651833628283,282.56118246134355
6,150,55,0125,rep_2,xanthan,1,mean_diameter_mm,100.0,0.42985817867707854,495.0,0.2746690190586517,4.298581786770785,115.15425890543725,281.6722068220651
6,150,55,025,rep_1,xanthan,1,count,100.0,0.3582972318184074,499.0,0.4448476302859905,3.582972318184074,139.26984516947195,191.73027430751137
6,150,55,025,rep_1,xanthan,1,mean_diameter_mm,100.0,0.3181200987271162,499.0,0.5128199921493566,3.181200987271162,156.8589982200536,160.69514230313675
6,150,55,025,rep_2,xanthan,1,count,100.0,0.2880889129149953,500.0,0.3799040862263649,2.8808891291499528,173.5575294935186,224.68804896049568
6,150,55,025,rep_2,xanthan,1,mean_diameter_mm,100.0,0.38887293014209784,500.0,0.4850690599178921,3.8887293014209785,128.5767049450563,173.3693583618858
6,150,70,000,rep_1,water,9,count,7.6923,0.14612551768451676,450.0,0.8591678786520743,18.996336295323474,23.68877835200155,34.08753740545153
6,150,70,000,rep_1,water,9,mean_diameter_mm,7.6923,0.10647102424220868,430.0,0.5567416138865928,13.84124699273412,31.066565044733753,122.43592920530112
6,150,70,000,rep_2,water,10,count,7.6923,0.1043588800744045,500.0,0.8691866575764147,13.566667976340561,36.855033297193486,34.99204905335612
6,150,70,000,rep_2,water,10,mean_diameter_mm,7.6923,0.09811764133727281,484.0,0.7203646573433313,12.755306129151595,37.94499286017471,78.67140566281542
6,150,70,0125,rep_1,xanthan,1,count,100.0,0.14444609643567644,491.0,0.14386220557884824,1.4444609643567643,339.91918931409003,367.49501383172435
6,150,70,0125,rep_1,xanthan,1,mean_diameter_mm,100.0,0.2481335129662246,491.0,0.28624185358992776,2.481335129662246,197.87734197227678,272.46450495232875
6,150,70,0125,rep_2,xanthan,1,count,100.0,0.13379593225837613,497.0,0.25979289447218307,1.3379593225837612,371.4612182979023,292.0185794518689
6,150,70,0125,rep_2,xanthan,1,mean_diameter_mm,100.0,0.21310770174282706,497.0,0.24287791322907176,2.1310770174282707,233.21540983054987,302.75674957287487
6,150,70,025,rep_1,xanthan,1,count,100.0,0.2188862612218589,498.0,0.27803469196333486,2.188862612218589,227.5154215801771,281.3215679223314
6,150,70,025,rep_1,xanthan,1,mean_diameter_mm,100.0,0.22743748606815772,498.0,0.36071054131019115,2.274374860681577,218.96126650413336,233.97051816838183
6,150,70,025,rep_2,xanthan,1,count,100.0,0.2991578452647412,496.0,0.26335262159885375,2.9915784526474116,165.79876070475854,289.21228597646825
6,150,70,025,rep_2,xanthan,1,mean_diameter_mm,100.0,0.24036549157405016,496.0,0.3389157670674702,2.4036549157405016,206.35241637720517,244.89798955217734
6,150,80,000,rep_1,water,10,count,7.6923,0.24463657394000168,500.0,0.9047423138799289,31.80278641498663,15.721892839062107,25.00539979238262
6,150,80,000,rep_1,water,10,mean_diameter_mm,7.6923,0.18009729855247208,465.0,0.7477206432097385,23.412672224493598,19.86103916465937,67.12165434633113
6,150,80,000,rep_2,water,10,count,7.6923,0.2972040813237375,500.0,0.9225321730888354,38.63656920865508,12.941107614906803,20.147342134384406
6,150,80,000,rep_2,water,10,mean_diameter_mm,7.6923,0.1455847248485726,454.0,0.6675530466549476,18.926033156347593,23.988122405234886,90.51041411930844
6,150,80,0125,rep_1,xanthan,1,count,100.0,0.1699378132230443,489.0,0.2060316518302784,1.6993781322304429,287.7523199372849,321.9239906894511
6,150,80,0125,rep_1,xanthan,1,mean_diameter_mm,100.0,0.2136698649717296,489.0,0.2617501520825193,2.136698649717296,228.85772875117368,286.1138356399724
6,150,80,0125,rep_2,xanthan,1,count,100.0,0.10848900944737735,493.0,0.12015885066301485,1.0848900944737736,454.4239112434056,387.23229867477534
6,150,80,0125,rep_2,xanthan,1,mean_diameter_mm,100.0,0.3509260832416541,493.0,0.2731711579376934,3.5092608324165413,140.48542514878017,281.44418517706714
6,150,80,025,rep_1,xanthan,1,count,100.0,0.28483723091886076,499.0,0.2369829965937176,2.8483723091886075,175.1877724657933,307.8017125119702
6,150,80,025,rep_1,xanthan,1,mean_diameter_mm,100.0,0.4452708321848629,499.0,0.37803787167898184,4.452708321848629,112.06662640611285,225.21812238298713
6,150,80,025,rep_2,xanthan,1,count,100.0,0.5577389381562231,498.0,0.29371917459925956,5.577389381562231,89.2890859738593,271.873415773187
6,150,80,025,rep_2,xanthan,1,mean_diameter_mm,100.0,0.38769380936504083,498.0,0.31463718504626526,3.876938093650408,128.45188341171016,259.6234807057799
6,150,90,000,rep_1,water,10,count,7.6923,0.16945181948334162,500.0,0.8793008628773407,22.02875856159297,22.697602254888185,32.112776486959234
6,150,90,000,rep_1,water,10,mean_diameter_mm,7.6923,0.05440168044823863,470.0,0.42754747467015675,7.072225530496552,66.45715665787041,188.47197146083886
6,150,90,000,rep_2,water,9,count,7.6923,0.2370243650480133,450.0,0.8800353214631219,30.813198269439997,14.604131517444662,28.71441016309335
6,150,90,000,rep_2,water,9,mean_diameter_mm,7.6923,0.17074488647167546,445.0,0.6367240334706764,22.196857438175247,20.047882959984555,98.76912772078828
6,150,90,0125,rep_1,xanthan,1,count,100.0,0.17807881801495362,487.0,0.21144668035867076,1.7807881801495362,273.47441174003393,316.9974154798374
6,150,90,0125,rep_1,xanthan,1,mean_diameter_mm,100.0,0.26344512262858916,487.0,0.19916298524052028,2.6344512262858917,184.8582335253872,325.23320932028383
6,150,90,0125,rep_2,xanthan,1,count,100.0,0.21420633504343245,484.0,0.2669572930002684,2.1420633504343245,225.95036692162452,280.03522466624685
6,150,90,0125,rep_2,xanthan,1,mean_diameter_mm,100.0,0.35909029325343045,484.0,0.3019849161898941,3.5909029325343047,134.78504128164045,259.4801954793288
6,150,90,025,rep_1,xanthan,1,count,100.0,0.25142116528464886,497.0,0.26178909613593127,2.514211652846489,197.6762773481368,290.77031997185475
6,150,90,025,rep_1,xanthan,1,mean_diameter_mm,100.0,0.37237185727556565,497.0,0.3019866010102554,3.723718572755657,133.46873301228186,266.4487169289775
6,150,90,025,rep_2,xanthan,1,count,100.0,0.187822297489611,497.0,0.3243524992698374,1.87822297489611,264.61182013146794,253.5554605348859
6,150,90,025,rep_2,xanthan,1,mean_diameter_mm,100.0,0.2277823134364106,497.0,0.30023278705705564,2.2778231343641058,218.19077719515138,267.47849177055264
6,75,45,000,rep_1,water,10,count,7.6923,0.08550830932790125,500.0,0.8207720291806382,11.116091328718491,44.979839155175604,49.21757582689136
6,75,45,000,rep_1,water,10,mean_diameter_mm,7.6923,0.058992407622098314,489.0,0.579771981328559,7.66902065989344,63.763030729244974,130.07668420446356
6,75,45,000,rep_2,water,10,count,7.6923,0.08502123155713362,500.0,0.8039834655861873,11.052771155198524,45.23752396382799,54.328805710566485
6,75,45,000,rep_2,water,10,mean_diameter_mm,7.6923,0.036587153142082864,491.0,0.6491320511194794,4.756334664805436,103.2307511145423,104.46474724894802
6,75,45,0125,rep_1,xanthan,1,count,100.0,0.1312021769958848,496.0,0.11376336953939245,1.3120217699588481,378.0425076449434,394.67393230058474
6,75,45,0125,rep_1,xanthan,1,mean_diameter_mm,100.0,2.7699882204876713,496.0,0.4386558872782935,27.69988220487671,17.906213330852236,193.53250653754674
6,75,45,0125,rep_2,xanthan,1,count,100.0,0.16425307529656422,495.0,0.11099518549728327,1.6425307529656423,301.3642204910085,396.0929704496193
6,75,45,0125,rep_2,xanthan,1,mean_diameter_mm,100.0,0.7539235012992105,495.0,0.4610231243239093,7.539235012992105,65.65652869912975,182.60734482428126
6,75,45,025,rep_1,xanthan,1,count,100.0,0.43422214836277906,499.0,0.25121601884040484,4.342221483627791,114.91813623083571,298.6240592930715
6,75,45,025,rep_1,xanthan,1,mean_diameter_mm,100.0,0.10476893664971487,499.0,0.07428268294034275,1.0476893664971487,476.28621226572125,429.9919830676644
6,75,45,025,rep_2,xanthan,1,count,100.0,0.12629845054136535,499.0,0.06096114411750189,1.2629845054136535,395.0959001168167,441.6565033351222
6,75,45,025,rep_2,xanthan,1,mean_diameter_mm,100.0,0.12758296692370305,499.0,0.18603284119829233,1.2758296692370303,391.1180403089475,342.460679108754
6,75,55,000,rep_1,water,10,count,7.6923,0.13480063300391593,500.0,0.872022974449612,17.524099814608885,28.532136046336447,34.18147835178524
6,75,55,000,rep_1,water,10,mean_diameter_mm,7.6923,0.0682777526210924,491.0,0.6747965138248337,8.876116716858728,55.316983277994304,95.33988779768082
6,75,55,000,rep_2,water,10,count,7.6923,0.13062000686766115,500.0,0.8313073178123898,16.98061787341382,29.44533607241931,46.057993802242905
6,75,55,000,rep_2,water,10,mean_diameter_mm,7.6923,0.07630737483665054,485.0,0.6148567603140689,9.919968648733219,48.89128354875744,115.67247067247467
6,75,55,0125,rep_1,xanthan,1,count,100.0,0.17051039124729556,495.0,0.11104294455241057,1.7051039124729557,290.3048878012888,396.05466611718293
6,75,55,0125,rep_1,xanthan,1,mean_diameter_mm,100.0,0.9592746681435813,495.0,0.45670676243962155,9.592746681435813,51.60148771132878,184.61516039233334
6,75,55,0125,rep_2,xanthan,1,count,100.0,0.13719536687885803,495.0,0.05601408225012675,1.3719536687885803,360.79935588282615,442.48749816909105
6,75,55,0125,rep_2,xanthan,1,mean_diameter_mm,100.0,0.21275763289733726,495.0,0.23767079784701034,2.1275763289733725,232.65910287639562,304.8896004673893
6,75,55,025,rep_1,xanthan,1,count,100.0,0.19353194806146454,499.0,0.19042024016334527,1.9353194806146454,257.8385661893512,339.3594014354611
6,75,55,025,rep_1,xanthan,1,mean_diameter_mm,100.0,0.436438980839417,499.0,0.35600741240159495,4.36438980839417,114.33442517903816,236.98417742603937
6,75,55,025,rep_2,xanthan,1,count,100.0,0.19836056105728833,500.0,0.049638747262241344,1.9836056105728832,252.06623601734796,452.70873203593766
6,75,55,025,rep_2,xanthan,1,mean_diameter_mm,100.0,0.19570079308233376,500.0,0.13158159319604124,1.9570079308233377,255.49206629410222,383.71886394475365
6,75,70,000,rep_1,water,10,count,7.6923,0.09410314821750729,500.0,0.8277196029904651,12.233421501697448,40.87164003387135,47.12987613845537
6,75,70,000,rep_1,water,10,mean_diameter_mm,7.6923,0.10403255404046935,491.0,0.6510183904987239,13.524245549506565,36.30516750103774,103.78441042886675
6,75,70,000,rep_2,water,10,count,7.6923,0.1134241124849402,500.0,0.8433848635464555,14.745149368191594,33.9094564263015,42.480314217248
6,75,70,000,rep_2,water,10,mean_diameter_mm,7.6923,0.04301860986114545,478.0,0.5636843411494619,5.5924248743737826,85.47276194810297,133.3765897900122
6,75,70,0125,rep_1,xanthan,1,count,100.0,0.17834058713393877,486.0,0.2556647747104639,1.7834058713393879,272.51227990799447,288.09195477680544
6,75,70,0125,rep_1,xanthan,1,mean_diameter_mm,100.0,0.4751371373646001,486.0,0.3006961810782823,4.751371373646001,102.28625838334843,261.29211489973636
6,75,70,0125,rep_2,xanthan,1,count,100.0,0.17176060986899686,489.0,0.011617990472498676,1.7176060986899686,284.6985699299531,477.76809745465613
6,75,70,0125,rep_2,xanthan,1,mean_diameter_mm,100.0,0.25679816320248633,489.0,0.21865283006288827,2.567981632024863,190.42192276680018,313.52552316276206
6,75,70,025,rep_1,xanthan,1,count,100.0,0.15638969504590527,500.0,0.1292234599420992,1.563896950459053,319.71416010066025,385.5643151899049
6,75,70,025,rep_1,xanthan,1,mean_diameter_mm,100.0,0.34067324143858285,500.0,0.14742816654963303,3.4067324143858286,146.7682045964684,371.5142517435701
6,75,70,025,rep_2,xanthan,1,count,100.0,0.15536662818456784,500.0,0.03894083634510239,1.5536662818456783,321.8194317804367,462.5187161936067
6,75,70,025,rep_2,xanthan,1,mean_diameter_mm,100.0,0.3156135043607034,500.0,0.2519401826891478,3.156135043607034,158.4216115887639,298.7602074182296
6,75,80,000,rep_1,water,10,count,7.6923,0.05521882040908299,500.0,0.8102264033307973,7.178453831634621,69.65288232356632,52.417088912199404
6,75,80,000,rep_1,water,10,mean_diameter_mm,7.6923,0.04263132216944906,487.0,0.5139109986258575,5.542077424105801,87.87318594318918,156.36675067694043
6,75,80,000,rep_2,water,10,count,7.6923,0.14099997571118392,500.0,0.843952023903555,18.33001517246908,27.277664273348734,42.31345883015416
6,75,80,000,rep_2,water,10,mean_diameter_mm,7.6923,0.06400067350185396,488.0,0.5216469735339857,8.32009587533689,58.65317026532947,153.4102725373056
6,75,80,0125,rep_1,xanthan,1,count,100.0,0.12598983480402262,488.0,0.0790560482119495,1.2598983480402262,387.3328358268623,416.49425830778796
6,75,80,0125,rep_1,xanthan,1,mean_diameter_mm,100.0,0.5128665178297059,488.0,0.2564002775490354,5.128665178297059,95.15146398424811,288.8224963337038
6,75,80,0125,rep_2,xanthan,1,count,100.0,0.15684323715462373,482.0,0.08812784398223025,1.5684323715462372,307.3132184365851,403.92531229790194
6,75,80,0125,rep_2,xanthan,1,mean_diameter_mm,100.0,0.394598349941919,482.0,0.2993208310698258,3.9459834994191905,122.14952243742165,259.92607164334333
6,75,80,025,rep_1,xanthan,1,count,100.0,0.13533257330666432,500.0,0.03537304144132632,1.3533257330666433,369.4602029527639,465.8354621711185
6,75,80,025,rep_1,xanthan,1,mean_diameter_mm,100.0,0.16146950662586462,500.0,0.1398920573118564,1.6146950662586461,309.6559904394411,377.2760487148617
6,75,80,025,rep_2,xanthan,1,count,100.0,0.13612513147746325,500.0,0.07800681349903711,1.3612513147746323,367.3091034499971,427.6379216511262
6,75,80,025,rep_2,xanthan,1,mean_diameter_mm,100.0,0.19267557700573973,500.0,0.14539276341481028,1.9267557700573974,259.5035695598852,373.0629631521817
6,75,90,000,rep_1,water,10,count,7.6923,0.13277261086342318,500.0,0.839689622091959,17.260456672701686,28.96794734236529,43.569952230786605
6,75,90,000,rep_1,water,10,mean_diameter_mm,7.6923,0.05780701699912325,491.0,0.4950911112058888,7.514919724805747,65.33669260355164,165.81615831957743
6,75,90,000,rep_2,water,10,count,7.6923,0.08374851564779481,500.0,0.812701923343729,10.887317921531247,45.924993061071326,51.66267940809014
6,75,90,000,rep_2,water,10,mean_diameter_mm,7.6923,0.07877900841032927,486.0,0.7010379561718362,10.241281334624139,47.45499944005166,85.41582083651642
6,75,90,0125,rep_1,xanthan,1,count,100.0,0.20835272656169349,486.0,0.0493439667430674,2.083527265616935,233.2582865701519,440.29302764933595
6,75,90,0125,rep_1,xanthan,1,mean_diameter_mm,100.0,0.23767556755381627,486.0,0.2267185508200483,2.376755675538163,204.48042051691166,306.35779009800444
6,75,90,0125,rep_2,xanthan,1,count,100.0,0.3185883027310003,488.0,0.16906482499678627,3.1858830273100027,153.17574305671928,346.85532977410634
6,75,90,0125,rep_2,xanthan,1,mean_diameter_mm,100.0,2.032491308293737,488.0,0.36015376944308547,20.32491308293737,24.009942773613766,229.5659266816743
6,75,90,025,rep_1,xanthan,1,count,100.0,0.11497063576572224,500.0,0.09375730676323038,1.1497063576572224,434.89365494930297,414.2796064689272
6,75,90,025,rep_1,xanthan,1,mean_diameter_mm,100.0,0.21777744106221972,500.0,0.19067338854812832,2.177774410622197,229.5921917170238,339.86088008515105
6,75,90,025,rep_2,xanthan,1,count,100.0,0.1473202035282761,498.0,0.15488726561849575,1.473202035282761,338.0391745823347,364.4218394741722
6,75,90,025,rep_2,xanthan,1,mean_diameter_mm,100.0,0.25486020567068607,498.0,0.1902228581525162,2.5486020567068604,195.4012391575496,338.818074176468
