position,rpm,lmin,xanthan,rep,fluid,n_bursts,metric,dt_ms,tau_s,N,rho1,tau_int,N_eff,N_eff_ar1
1,100,45,000,rep_1,water,10,epsilon_obs_mid,7.6923,0.09161769988922265,491.0,0.7677525639132492,11.91031289591184,41.22477757645926,64.50760895300884
1,100,45,000,rep_1,water,10,a_obs_m2_m3_mid,7.6923,0.11027003514890231,491.0,0.7984597383826708,14.335118904476204,34.25154707622851,55.022787745639825
1,100,45,000,rep_2,water,10,epsilon_obs_mid,7.6923,0.03488032467321998,491.0,0.7728274079530821,4.534446741965338,108.28222888933719,62.91742907101345
1,100,45,000,rep_2,water,10,a_obs_m2_m3_mid,7.6923,0.07174557914710501,491.0,0.8310010425613721,9.326934616058269,52.6432338396198,45.31864601578184
1,100,45,0125,rep_1,xanthan,1,epsilon_obs_mid,100.0,0.11502539754828396,500.0,0.053759505578647816,1.1502539754828396,434.6866089205352,448.9831358160542
1,100,45,0125,rep_1,xanthan,1,a_obs_m2_m3_mid,100.0,0.14625483024144767,500.0,0.11042960570632596,1.4625483024144768,341.86905087139013,400.55235816944605
1,100,45,0125,rep_2,xanthan,1,epsilon_obs_mid,100.0,0.1,500.0,0.009483562467906539,1.0,500.0,490.60553056978773
1,100,45,0125,rep_2,xanthan,1,a_obs_m2_m3_mid,100.0,0.21745999654193848,500.0,0.19241062030675365,2.174599965419385,229.92734661594272,338.63728062296605
1,100,45,025,rep_1,xanthan,1,epsilon_obs_mid,100.0,0.5211718535165067,500.0,0.5909854141383647,5.211718535165067,95.937644488348,128.54127455440772
1,100,45,025,rep_1,xanthan,1,a_obs_m2_m3_mid,100.0,1.0932966831891804,500.0,0.5830114350362748,10.932966831891804,45.7332403626694,131.70737612333477
1,100,45,025,rep_2,xanthan,1,epsilon_obs_mid,100.0,0.45641531513041694,500.0,0.5674403895291628,4.564153151304169,109.54934758425648,137.98279454849705
1,100,45,025,rep_2,xanthan,1,a_obs_m2_m3_mid,100.0,0.3686695739232874,500.0,0.43541213444472093,3.6866957392328743,135.6228002976019,196.66402840243714
1,100,55,000,rep_1,water,10,epsilon_obs_mid,7.6923,0.09270502409014152,491.0,0.7742904206482751,12.05166518338358,40.74125795304817,62.460689733761406
1,100,55,000,rep_1,water,10,a_obs_m2_m3_mid,7.6923,0.10213860420576092,491.0,0.8471357776988162,13.278031824780744,36.97837198158001,40.63390144680502
1,100,55,000,rep_2,water,10,epsilon_obs_mid,7.6923,0.08209263838013603,491.0,0.8077153756249431,10.672053661471343,46.00801453731694,52.22711044072077
1,100,55,000,rep_2,water,10,a_obs_m2_m3_mid,7.6923,0.11527570594184659,491.0,0.8733725424985389,14.985856758296816,32.76422615798468,33.1883169112189
1,100,55,0125,rep_1,xanthan,1,epsilon_obs_mid,100.0,0.13961725306980582,500.0,0.08424866877881035,1.3961725306980584,358.12192906417516,422.2976507098693
1,100,55,0125,rep_1,xanthan,1,a_obs_m2_m3_mid,100.0,0.17759026070348632,500.0,0.15300409906167364,1.7759026070348634,281.54697111167894,367.2996052779084
1,100,55,0125,rep_2,xanthan,1,epsilon_obs_mid,100.0,0.13259591276924657,499.0,-0.006163914262215124,1.3259591276924656,376.331358620682,505.1897394570092
1,100,55,0125,rep_2,xanthan,1,a_obs_m2_m3_mid,100.0,0.1622536502402818,499.0,0.14856754304812622,1.6225365024028178,307.5431580497757,369.90841208298247
1,100,55,025,rep_1,xanthan,1,epsilon_obs_mid,100.0,0.34525964395232256,500.0,0.4506531036106596,3.4525964395232256,144.81854707266214,189.34468034501907
1,100,55,025,rep_1,xanthan,1,a_obs_m2_m3_mid,100.0,0.3557190381414179,500.0,0.41227670200087685,3.557190381414179,140.5603710761251,208.0765395217708
1,100,55,025,rep_2,xanthan,1,epsilon_obs_mid,100.0,0.4303196176068507,500.0,0.4671149771090188,4.303196176068507,116.19270410692984,181.60983672221874
1,100,55,025,rep_2,xanthan,1,a_obs_m2_m3_mid,100.0,0.556507142193839,500.0,0.4755607638437737,5.5650714219383906,89.84610656188904,177.70845125689166
1,100,70,000,rep_1,water,10,epsilon_obs_mid,7.6923,0.05347513873188367,491.0,0.8513638967891581,6.9517749869198635,70.62944369227179,39.41976334479352
1,100,70,000,rep_1,water,10,a_obs_m2_m3_mid,7.6923,0.196249200256211,491.0,0.9250284225518592,25.512421545728973,19.245527090398763,19.12233819292891
1,100,70,000,rep_2,water,10,epsilon_obs_mid,7.6923,0.2593266611717423,491.0,0.9237540249367695,33.71249966482616,14.564330882657254,19.46027052875258
1,100,70,000,rep_2,water,10,a_obs_m2_m3_mid,7.6923,0.32992595622985177,491.0,0.9801355612118249,42.890417200297925,11.44777859602143,4.925642282301607
1,100,70,0125,rep_1,xanthan,1,epsilon_obs_mid,100.0,0.1,499.0,-0.0028768349706963007,1.0,499.0,501.8793647579841
1,100,70,0125,rep_1,xanthan,1,a_obs_m2_m3_mid,100.0,0.21914067051828715,499.0,0.2245029349562871,2.1914067051828714,227.7076175863753,316.02458794484403
1,100,70,0125,rep_2,xanthan,1,epsilon_obs_mid,100.0,0.16817179361697657,498.0,0.00815117544496595,1.6817179361697658,296.1257588381504,489.94707010126456
1,100,70,0125,rep_2,xanthan,1,a_obs_m2_m3_mid,100.0,0.2698425017982765,498.0,0.2055955606534391,2.698425017982765,184.55209860612877,328.1477003616062
1,100,70,025,rep_1,xanthan,1,epsilon_obs_mid,100.0,1.3437146429975473,500.0,0.5329308190985359,13.437146429975474,37.2102814094966,152.3451597039883
1,100,70,025,rep_1,xanthan,1,a_obs_m2_m3_mid,100.0,1.758137475888689,500.0,0.49715235905038474,17.581374758886888,28.439186744896848,167.93469212063422
1,100,70,025,rep_2,xanthan,1,epsilon_obs_mid,100.0,0.5472461109157027,499.0,0.4664790599915527,5.472461109157027,91.18383667725425,181.54159600870724
1,100,70,025,rep_2,xanthan,1,a_obs_m2_m3_mid,100.0,0.32920825626939215,499.0,0.42102592001044165,3.2920825626939214,151.57578538724945,203.30949762877427
1,100,80,000,rep_1,water,10,epsilon_obs_mid,7.6923,0.05006190494466628,491.0,0.871022416230094,6.508054150860767,75.44497765665632,33.846731648797046
1,100,80,000,rep_1,water,10,a_obs_m2_m3_mid,7.6923,0.16447596511060972,491.0,0.8978880994742635,21.381896846276106,22.96335089117751,26.41722827179596
1,100,80,000,rep_2,water,10,epsilon_obs_mid,7.6923,0.041024761871516637,491.0,0.7602496767485831,5.333224376521539,92.06438082026513,66.87540425167724
1,100,80,000,rep_2,water,10,a_obs_m2_m3_mid,7.6923,0.17722219812508785,491.0,0.8891674906149967,23.038908795170215,21.311773242616912,28.805684185429868
1,100,80,0125,rep_1,xanthan,1,epsilon_obs_mid,100.0,0.1,497.0,-0.010574601615797947,1.0,497.0,507.62349321461585
1,100,80,0125,rep_1,xanthan,1,a_obs_m2_m3_mid,100.0,0.18904054228034117,497.0,0.03591508124342651,1.8904054228034117,262.9065670278097,462.5381107946463
1,100,80,0125,rep_2,xanthan,1,epsilon_obs_mid,100.0,0.1,497.0,-0.0151048280403466,1.0,497.0,512.2444640806093
1,100,80,0125,rep_2,xanthan,1,a_obs_m2_m3_mid,100.0,0.12616555789252926,497.0,0.07496786136391392,1.2616555789252926,393.926843666285,427.6788073634291
1,100,80,025,rep_1,xanthan,1,epsilon_obs_mid,100.0,0.34924833985020853,500.0,0.5183567488052988,3.492483398502085,143.1646032202897,158.60674758210695
1,100,80,025,rep_1,xanthan,1,a_obs_m2_m3_mid,100.0,0.25845603787699367,500.0,0.41060279054400134,2.5845603787699365,193.45649809812676,208.9167884138017
1,100,80,025,rep_2,xanthan,1,epsilon_obs_mid,100.0,0.4305114908163601,500.0,0.6055583125740133,4.305114908163601,116.14091857382759,122.83630072383427
1,100,80,025,rep_2,xanthan,1,a_obs_m2_m3_mid,100.0,0.5913327519956618,500.0,0.44788133533243824,5.913327519956618,84.55476181770297,190.66433525810785
1,100,90,000,rep_1,water,10,epsilon_obs_mid,7.6923,0.14237406446656006,491.0,0.9029773823802059,18.508646889299698,26.528141302639423,25.03345845957146
1,100,90,000,rep_1,water,10,a_obs_m2_m3_mid,7.6923,0.17479400190380862,491.0,0.9035301320468277,22.723242970738088,21.607831269167278,24.88361196261974
1,100,90,000,rep_2,water,10,epsilon_obs_mid,7.6923,0.10376089615728,491.0,0.7161667865816463,13.48892998937639,36.40021857824911,81.20545676449117
1,100,90,000,rep_2,water,10,a_obs_m2_m3_mid,7.6923,0.2506781816888743,491.0,0.9049216927400221,32.58819620774987,15.066805074753853,24.506754814419747
1,100,90,0125,rep_1,xanthan,1,epsilon_obs_mid,100.0,0.1,492.0,-0.03238219558272277,1.0,492.0,524.9304404155612
1,100,90,0125,rep_1,xanthan,1,a_obs_m2_m3_mid,100.0,0.12868371976043566,492.0,-0.010808166881957773,1.2868371976043564,382.3327464545888,502.75143956488495
1,100,90,0125,rep_2,xanthan,1,epsilon_obs_mid,100.0,0.1,493.0,-0.004100527188179833,1.0,493.0,497.05976699247566
1,100,90,0125,rep_2,xanthan,1,a_obs_m2_m3_mid,100.0,0.15750631309759053,493.0,0.08261621956360167,1.5750631309759053,313.00332685365976,417.75672263385513
1,100,90,025,rep_1,xanthan,1,epsilon_obs_mid,100.0,0.3972879203533666,500.0,0.4553860581118772,3.9728792035336657,125.8533105047031,187.1029129530997
1,100,90,025,rep_1,xanthan,1,a_obs_m2_m3_mid,100.0,0.17579242938237175,500.0,0.24124946843029388,1.7579242938237174,284.4263554219585,305.63982135244555
1,100,90,025,rep_2,xanthan,1,epsilon_obs_mid,100.0,0.4586322014477718,500.0,0.3648317160102334,4.586322014477718,109.01981989525416,232.69106239944827
1,100,90,025,rep_2,xanthan,1,a_obs_m2_m3_mid,100.0,0.23073678741911627,500.0,0.1579183549690198,2.3073678741911627,216.6971316506141,363.61874799605806
1,125,45,000,rep_1,water,10,epsilon_obs_mid,7.6923,0.05234579678396037,491.0,0.8410373719907064,6.804960386875234,72.15324881934573,42.39492991289325
1,125,45,000,rep_1,water,10,a_obs_m2_m3_mid,7.6923,0.08809578761582737,491.0,0.8550858364070125,11.452463842521402,42.87287056755294,38.35555904085166
1,125,45,000,rep_2,water,10,epsilon_obs_mid,7.6923,0.019307115962699187,491.0,0.5969360214122387,2.5099275850784792,195.6231737198297,123.92757808266828
1,125,45,000,rep_2,water,10,a_obs_m2_m3_mid,7.6923,0.09967947363200923,491.0,0.7394508646571926,12.95834453050573,37.890642500214305,73.54598399566207
1,125,45,0125,rep_1,xanthan,1,epsilon_obs_mid,100.0,0.11925533041731957,500.0,0.02556605040622633,1.1925533041731957,419.2684706422016,475.0712785431035
1,125,45,0125,rep_1,xanthan,1,a_obs_m2_m3_mid,100.0,0.21383720389688698,500.0,0.10999470859390842,2.13837203896887,233.8227356550648,400.905195545261
1,125,45,0125,rep_2,xanthan,1,epsilon_obs_mid,100.0,0.1,500.0,0.07092445245816023,1.0,500.0,433.77268368897273
1,125,45,0125,rep_2,xanthan,1,a_obs_m2_m3_mid,100.0,0.15308623557651335,500.0,0.09239925326155045,1.5308623557651335,326.6132961706392,415.4162244383853
1,125,45,025,rep_1,xanthan,1,epsilon_obs_mid,100.0,0.13889259493947043,500.0,0.25822338514709053,1.3889259493947042,359.9903941732104,294.7714307369169
1,125,45,025,rep_1,xanthan,1,a_obs_m2_m3_mid,100.0,0.15921707794476697,500.0,0.2646984753850233,1.5921707794476696,314.03666393968865,290.7023053028994
1,125,45,025,rep_2,xanthan,1,epsilon_obs_mid,100.0,0.17662710060222697,500.0,0.21458002850162722,1.7662710060222695,283.0822667049407,323.3298560273999
1,125,45,025,rep_2,xanthan,1,a_obs_m2_m3_mid,100.0,0.2350298167683741,500.0,0.28370523448797313,2.3502981676837407,212.73896515553966,278.99503182976923
1,125,55,000,rep_1,water,10,epsilon_obs_mid,7.6923,0.0966359646289212,491.0,0.8144814074315447,12.56268796444772,39.08399232628599,50.20146725011184
1,125,55,000,rep_1,water,10,a_obs_m2_m3_mid,7.6923,0.09713838949993686,491.0,0.8537937991121415,12.628003262995055,38.88183981063897,38.72450359383035
1,125,55,000,rep_2,water,10,epsilon_obs_mid,7.6923,0.18954354307131316,491.0,0.9255471093660115,24.64068523995595,19.92639389767546,18.98492595869264
1,125,55,000,rep_2,water,10,a_obs_m2_m3_mid,7.6923,0.23313225567202286,491.0,0.9511121227521923,30.307223544586517,16.200758188148267,12.30270031576361
1,125,55,0125,rep_1,xanthan,1,epsilon_obs_mid,100.0,0.1,500.0,0.011803728536832201,1.0,500.0,488.33397406639176
1,125,55,0125,rep_1,xanthan,1,a_obs_m2_m3_mid,100.0,0.14703099599343275,500.0,0.005449857701069121,1.4703099599343277,340.0643494398506,494.5796822593123
1,125,55,0125,rep_2,xanthan,1,epsilon_obs_mid,100.0,0.30675161114180893,499.0,0.17113283142273147,3.0675161114180898,162.67233223082113,353.16635826663327
1,125,55,0125,rep_2,xanthan,1,a_obs_m2_m3_mid,100.0,0.3646081943142498,499.0,0.20567496658222356,3.646081943142498,136.85923898076743,328.7521120215938
1,125,55,025,rep_1,xanthan,1,epsilon_obs_mid,100.0,0.1,500.0,0.045512636904329995,1.0,500.0,456.4685922505071
1,125,55,025,rep_1,xanthan,1,a_obs_m2_m3_mid,100.0,0.10371267827816039,500.0,0.16195488402397729,1.0371267827816038,482.1011358505135,360.618612434323
1,125,55,025,rep_2,xanthan,1,epsilon_obs_mid,100.0,0.3114108458758276,500.0,0.1661905572104983,3.1141084587582766,160.5595972721421,357.49279465268324
1,125,55,025,rep_2,xanthan,1,a_obs_m2_m3_mid,100.0,0.27539303343404276,500.0,0.27724789420003493,2.7539303343404278,181.55869586285343,282.9333714629605
1,125,70,000,rep_1,water,10,epsilon_obs_mid,7.6923,0.21667898833112054,491.0,0.9291862326343285,28.16829665134232,17.43094394657343,18.022915148563136
1,125,70,000,rep_1,water,10,a_obs_m2_m3_mid,7.6923,0.2815850094069764,491.0,0.9688155969698983,36.60608782899476,13.413069495262787,7.777031993928302
1,125,70,000,rep_2,water,10,epsilon_obs_mid,7.6923,0.020223485117699704,491.0,0.7138977864048354,2.6290556943566554,186.7590713479162,81.96298985244405
1,125,70,000,rep_2,water,10,a_obs_m2_m3_mid,7.6923,0.147374427072191,491.0,0.8450120762656228,19.158694678079506,25.628050775389177,41.245838730555484
1,125,70,0125,rep_1,xanthan,1,epsilon_obs_mid,100.0,0.1,498.0,-0.01912981745157346,1.0,498.0,517.4248928357312
1,125,70,0125,rep_1,xanthan,1,a_obs_m2_m3_mid,100.0,0.11674952117742061,498.0,0.053932306668696514,1.1674952117742061,426.55421193822707,447.0322318595481
1,125,70,0125,rep_2,xanthan,1,epsilon_obs_mid,100.0,0.1990285454735571,500.0,0.18559581274645204,1.990285454735571,251.22024522177392,343.4577697128363
1,125,70,0125,rep_2,xanthan,1,a_obs_m2_m3_mid,100.0,0.17673138585698298,500.0,0.10596921575593789,1.7673138585698296,282.91522616396895,404.18429894225653
1,125,70,025,rep_1,xanthan,1,epsilon_obs_mid,100.0,0.1520188550916425,499.0,0.16430796824693003,1.520188550916425,328.2487555239017,358.16153046918004
1,125,70,025,rep_1,xanthan,1,a_obs_m2_m3_mid,100.0,0.12641859508593076,499.0,0.17570701869846161,1.2641859508593074,394.7204125000866,349.85093320682233
1,125,70,025,rep_2,xanthan,1,epsilon_obs_mid,100.0,0.1595074963327179,500.0,0.12252024328861386,1.5950749633271792,313.4648913033191,390.8525311493092
1,125,70,025,rep_2,xanthan,1,a_obs_m2_m3_mid,100.0,0.1,500.0,0.04757420124114501,1.0,500.0,454.58631838701257
1,125,80,000,rep_1,water,10,epsilon_obs_mid,7.6923,0.09581507088497195,491.0,0.7042539402918218,12.455971671018023,39.418843665359006,85.20521025866061
1,125,80,000,rep_1,water,10,a_obs_m2_m3_mid,7.6923,0.28224583264261693,491.0,0.9354647316849333,36.69199493553514,13.381665424914813,16.371683877242532
1,125,80,000,rep_2,water,10,epsilon_obs_mid,7.6923,0.05212997297549069,491.0,0.7809277091558531,6.776903263717053,72.45197118701266,60.398012929711186
1,125,80,000,rep_2,water,10,a_obs_m2_m3_mid,7.6923,0.12521553322511414,491.0,0.8402816266984363,16.278035597300434,30.163344776161317,42.61397829187728
1,125,80,0125,rep_1,xanthan,1,epsilon_obs_mid,100.0,0.18944901716782145,499.0,0.034017198979008796,1.8944901716782143,263.39540181301976,466.167698356882
1,125,80,0125,rep_1,xanthan,1,a_obs_m2_m3_mid,100.0,0.15366749938243016,499.0,0.06655083009490874,1.5366749938243016,324.7270906375236,436.72661690319194
1,125,80,0125,rep_2,xanthan,1,epsilon_obs_mid,100.0,0.1,497.0,0.0038333629365196295,1.0,497.0,493.2041879662636
1,125,80,0125,rep_2,xanthan,1,a_obs_m2_m3_mid,100.0,0.2135639478496906,497.0,0.08380972507976431,2.135639478496906,232.7171814363517,420.13515481404767
1,125,80,025,rep_1,xanthan,1,epsilon_obs_mid,100.0,0.2553800266872929,500.0,0.13003490314340407,2.5538002668729294,195.78665038368044,384.9284187756612
1,125,80,025,rep_1,xanthan,1,a_obs_m2_m3_mid,100.0,0.23601575238098407,500.0,0.20495457549538712,2.360157523809841,211.8502663300559,329.90680340698725
1,125,80,025,rep_2,xanthan,1,epsilon_obs_mid,100.0,0.13597374614194283,500.0,0.0965812909821462,1.3597374614194282,367.7180442451373,411.9250968656927
1,125,80,025,rep_2,xanthan,1,a_obs_m2_m3_mid,100.0,0.1384624435076568,500.0,0.12635426357007112,1.3846244350765677,361.1087507439161,387.8201400245238
1,125,90,000,rep_1,water,10,epsilon_obs_mid,7.6923,0.05920447211103843,491.0,0.5664734339279341,7.696589071024066,63.79449330983579,135.88583076550088
1,125,90,000,rep_1,water,10,a_obs_m2_m3_mid,7.6923,0.1774964841667318,491.0,0.7833194440346398,23.074566016241153,21.27884007241597,59.65849435157355
1,125,90,000,rep_2,water,10,epsilon_obs_mid,7.6923,0.04654177679734314,491.0,0.5830824367597263,6.050437034091642,81.15116267360914,129.30882106807425
1,125,90,000,rep_2,water,10,a_obs_m2_m3_mid,7.6923,0.061049086888806725,491.0,0.7188410512513563,7.936389231934106,61.866925329762694,80.31518896705492
1,125,90,0125,rep_1,xanthan,1,epsilon_obs_mid,100.0,0.19079931685548557,499.0,0.13644411907772233,1.9079931685548555,261.5313347153913,379.1778032429116
1,125,90,0125,rep_1,xanthan,1,a_obs_m2_m3_mid,100.0,0.17082260203803198,499.0,0.16018324198334646,1.70822602038032,292.1159109196232,361.20894276485814
1,125,90,0125,rep_2,xanthan,1,epsilon_obs_mid,100.0,0.13638231794321667,498.0,0.09014710393663779,1.3638231794321667,365.1499750923315,415.6381653479035
1,125,90,0125,rep_2,xanthan,1,a_obs_m2_m3_mid,100.0,0.14043840370126126,498.0,0.17262327988019888,1.4043840370126126,354.6038596816716,351.3776450538799
1,125,90,025,rep_1,xanthan,1,epsilon_obs_mid,100.0,0.2432760169046403,500.0,0.1642776785827898,2.432760169046403,205.5278635197282,358.901633515163
1,125,90,025,rep_1,xanthan,1,a_obs_m2_m3_mid,100.0,0.11394912532894755,500.0,0.1452838161774431,1.1394912532894754,438.7923106532003,373.1460148783472
1,125,90,025,rep_2,xanthan,1,epsilon_obs_mid,100.0,0.2391285905450092,498.0,0.1780168190323679,2.391285905450092,208.2561515814503,347.4887773318229
1,125,90,025,rep_2,xanthan,1,a_obs_m2_m3_mid,100.0,0.21025300741478478,498.0,0.1996675424599299,2.1025300741478476,236.85749189668007,332.23001352332363
1,150,45,000,rep_1,water,10,epsilon_obs_mid,7.6923,0.17877607376984056,491.0,0.7732976543690628,23.2409128309921,21.126536791844263,62.770540202622904
1,150,45,000,rep_1,water,10,a_obs_m2_m3_mid,7.6923,0.2836804654880648,491.0,0.9100861113562337,36.878497391945814,13.313991478059336,23.11294713971962
1,150,45,000,rep_2,water,10,epsilon_obs_mid,7.6923,0.08987673461233553,491.0,0.7540585436249267,11.683987183590801,42.023325794945166,68.84448385092368
1,150,45,000,rep_2,water,10,a_obs_m2_m3_mid,7.6923,0.2113913946155909,491.0,0.8936787435381196,27.480908780935593,17.866949157832174,27.567367010333886
1,150,45,0125,rep_1,xanthan,1,epsilon_obs_mid,100.0,0.17263780429530187,499.0,0.11474016113337096,1.7263780429530187,289.0444546818067,396.27589908066136
1,150,45,0125,rep_1,xanthan,1,a_obs_m2_m3_mid,100.0,0.17834060938439622,499.0,0.29884901505759487,1.7834060938439622,279.80166812397334,269.37260407495916
1,150,45,0125,rep_2,xanthan,1,epsilon_obs_mid,100.0,0.13659261500692113,498.0,0.1961043550730268,1.3659261500692113,364.5877926670973,334.70326353689296
1,150,45,0125,rep_2,xanthan,1,a_obs_m2_m3_mid,100.0,0.1187141801751759,498.0,0.15669795449553134,1.187141801751759,419.49495777601794,363.07180887544985
1,150,45,025,rep_1,xanthan,1,epsilon_obs_mid,100.0,0.17281982139074706,454.0,0.1432941930083805,1.7281982139074705,262.7013477658342,340.196284344588
1,150,45,025,rep_1,xanthan,1,a_obs_m2_m3_mid,100.0,0.196944064094804,454.0,0.228866508615439,1.9694406409480398,230.52230697415467,284.8922992319495
1,150,45,025,rep_2,xanthan,1,epsilon_obs_mid,100.0,0.14963554820026537,500.0,0.023919681815512996,1.4963554820026537,334.1451987938206,476.6391033981289
1,150,45,025,rep_2,xanthan,1,a_obs_m2_m3_mid,100.0,0.1752245231979378,500.0,0.13043100124674337,1.752245231979378,285.3481869288285,384.6183437088225
1,150,55,000,rep_1,water,10,epsilon_obs_mid,7.6923,0.02416269723580848,491.0,0.67572414398672,3.141153781808884,156.31199046779867,95.01530778432364
1,150,55,000,rep_1,water,10,a_obs_m2_m3_mid,7.6923,0.05532141152109007,491.0,0.7130380926744058,7.191790689532398,68.27228727813882,82.250533189776
1,150,55,000,rep_2,water,10,epsilon_obs_mid,7.6923,0.09015393223430826,488.0,0.6954068785761137,11.720022910482983,41.63814386092266,87.67302122761996
1,150,55,000,rep_2,water,10,a_obs_m2_m3_mid,7.6923,0.20953446199939818,488.0,0.8316258250404386,27.239507299429064,17.915155169132902,44.85992513151637
1,150,55,0125,rep_1,xanthan,1,epsilon_obs_mid,100.0,0.159698325682986,499.0,0.26043447391753705,1.59698325682986,312.4641400377328,292.7904664239558
1,150,55,0125,rep_1,xanthan,1,a_obs_m2_m3_mid,100.0,0.1815548665065116,499.0,0.1405184100927438,1.8155486650651158,274.8480443415176,376.040675510749
1,150,55,0125,rep_2,xanthan,1,epsilon_obs_mid,100.0,0.1088697242464044,499.0,-0.0077114900753325185,1.088697242464044,458.3459758478081,506.75587645952504
1,150,55,0125,rep_2,xanthan,1,a_obs_m2_m3_mid,100.0,0.14372961676777832,499.0,0.16054493301249897,1.4372961676777831,347.17966360838943,360.94085331054697
1,150,55,025,rep_1,xanthan,1,epsilon_obs_mid,100.0,0.22704270222481665,498.0,0.2547918386559534,2.2704270222481666,219.341998276114,295.75715502488976
1,150,55,025,rep_1,xanthan,1,a_obs_m2_m3_mid,100.0,0.23461362407224037,498.0,0.3034521380007669,2.346136240722404,212.26388790049967,266.1247200128602
1,150,55,025,rep_2,xanthan,1,epsilon_obs_mid,100.0,0.18816403789527342,156.0,0.22591129820553693,1.8816403789527343,82.90638410237827,98.50454731651386
1,150,55,025,rep_2,xanthan,1,a_obs_m2_m3_mid,100.0,0.15901046655508766,156.0,0.10716389540922734,1.5901046655508766,98.10674943586514,125.801096742483
1,150,70,000,rep_1,water,10,epsilon_obs_mid,7.6923,0.0519253565330421,491.0,0.5598592156240805,6.750303099598573,72.73747456306056,138.54399356297927
1,150,70,000,rep_1,water,10,a_obs_m2_m3_mid,7.6923,0.12118879064950883,491.0,0.6923261920276274,15.754558538994687,31.165582887308958,89.26638400215032
1,150,70,000,rep_2,water,10,epsilon_obs_mid,7.6923,0.057753175080452704,491.0,0.783845425032185,7.50792026837912,65.39760445618073,59.496128319124
1,150,70,000,rep_2,water,10,a_obs_m2_m3_mid,7.6923,0.21819717849956727,491.0,0.8960183319052663,28.36566157060531,17.309661499621505,26.92748175235745
1,150,70,0125,rep_1,xanthan,1,epsilon_obs_mid,100.0,0.22208030774571186,499.0,0.19879064194659535,2.2208030774571186,224.6934926672422,333.5056645249152
1,150,70,0125,rep_1,xanthan,1,a_obs_m2_m3_mid,100.0,0.14504411266760286,499.0,0.08096246240673992,1.4504411266760286,344.03326741262276,424.2513012320282
1,150,70,0125,rep_2,xanthan,1,epsilon_obs_mid,100.0,0.11800712313895166,497.0,0.056749468148958766,1.1800712313895165,421.1610170470725,443.6202983391389
1,150,70,0125,rep_2,xanthan,1,a_obs_m2_m3_mid,100.0,0.1301224808679218,497.0,0.1014665148473146,1.301224808679218,381.94783613484117,405.4332438628771
1,150,70,025,rep_1,xanthan,1,epsilon_obs_mid,100.0,0.1315012366779478,500.0,0.16819184659557251,1.3150123667794782,380.2245611001526,356.0237797535318
1,150,70,025,rep_1,xanthan,1,a_obs_m2_m3_mid,100.0,0.1989707748399737,500.0,0.18368541189110016,1.989707748399737,251.2931863496713,344.81906252638737
1,150,70,025,rep_2,xanthan,1,epsilon_obs_mid,100.0,0.13707381400613636,495.0,0.07305342351654802,1.3707381400613636,361.1193017346409,427.60084941123415
1,150,70,025,rep_2,xanthan,1,a_obs_m2_m3_mid,100.0,0.2304025786442762,495.0,0.14502966848717685,2.3040257864427622,214.84134548868994,369.6064178476674
1,150,80,000,rep_1,water,10,epsilon_obs_mid,7.6923,0.06878170169094955,491.0,0.8531629526055381,8.941630161453602,54.91168736956352,38.90483034387924
1,150,80,000,rep_1,water,10,a_obs_m2_m3_mid,7.6923,0.18633371106397237,491.0,0.9410470284713822,24.223406661723068,20.269651038631988,14.912523290765849
1,150,80,000,rep_2,water,10,epsilon_obs_mid,7.6923,0.09890799959539727,491.0,0.7400057283596133,12.85805280545445,38.1861863089966,73.36595810852783
1,150,80,000,rep_2,water,10,a_obs_m2_m3_mid,7.6923,0.21881581832436814,491.0,0.9145437619498996,28.446084828252683,17.26072332851719,21.91593303663397
1,150,80,0125,rep_1,xanthan,1,epsilon_obs_mid,100.0,0.1,497.0,0.006749063492715922,1.0,497.0,490.3364039212656
1,150,80,0125,rep_1,xanthan,1,a_obs_m2_m3_mid,100.0,0.11732658959593537,497.0,0.06086190410599662,1.1732658959593536,423.60389210291845,439.9739795092915
1,150,80,0125,rep_2,xanthan,1,epsilon_obs_mid,100.0,0.17748480185253998,497.0,0.12973487137055253,1.7748480185253999,280.02397659542896,382.85245493406427
1,150,80,0125,rep_2,xanthan,1,a_obs_m2_m3_mid,100.0,0.1708558472619076,497.0,0.045539726575308664,1.708558472619076,290.8884934082127,453.70514752784356
1,150,80,025,rep_1,xanthan,1,epsilon_obs_mid,100.0,0.16951997442655084,500.0,0.10643262393253235,1.6951997442655085,294.95049282032465,403.8055986145412
1,150,80,025,rep_1,xanthan,1,a_obs_m2_m3_mid,100.0,0.11230618440042661,500.0,0.0502516035807461,1.1230618440042661,445.2114571155359,452.15279518791743
1,150,80,025,rep_2,xanthan,1,epsilon_obs_mid,100.0,0.1919337141029841,499.0,0.18623555894896243,1.9193371410298412,259.985590510824,342.31688050580414
1,150,80,025,rep_2,xanthan,1,a_obs_m2_m3_mid,100.0,0.14150867384355606,499.0,0.0037776581860214627,1.4150867384355608,352.6285608129336,495.2440856907868
1,150,90,000,rep_1,water,10,epsilon_obs_mid,7.6923,0.04676756459092978,491.0,0.7588906203093242,6.0797894766103475,80.75937528576173,67.30646241510021
1,150,90,000,rep_1,water,10,a_obs_m2_m3_mid,7.6923,0.13363124407221655,491.0,0.8533759417600714,17.372079101467254,28.263744203106345,38.84393391199244
1,150,90,000,rep_2,water,10,epsilon_obs_mid,7.6923,0.04816021043284769,491.0,0.5933732308996795,6.260833617103817,78.4240613995314,125.30255922243981
1,150,90,000,rep_2,water,10,a_obs_m2_m3_mid,7.6923,0.10569451496472787,491.0,0.7368676492946521,13.740300685715308,35.73429805000217,74.38562417164806
1,150,90,0125,rep_1,xanthan,1,epsilon_obs_mid,100.0,0.19146674302034153,491.0,0.104549293287042,1.9146674302034155,256.4414019137704,398.0504081331255
1,150,90,0125,rep_1,xanthan,1,a_obs_m2_m3_mid,100.0,0.1,491.0,0.0007361198084070467,1.0,491.0,490.27766207539895
1,150,90,0125,rep_2,xanthan,1,epsilon_obs_mid,100.0,0.1,498.0,0.018927505969886693,1.0,498.0,479.49839332479036
1,150,90,0125,rep_2,xanthan,1,a_obs_m2_m3_mid,100.0,0.11487282603983873,498.0,0.1334426318898048,1.1487282603983873,433.5228941153498,380.7387839288834
1,150,90,025,rep_1,xanthan,1,epsilon_obs_mid,100.0,0.12782819973043197,500.0,0.06798880148839297,1.2782819973043198,391.14999746097914,436.33940599972493
1,150,90,025,rep_1,xanthan,1,a_obs_m2_m3_mid,100.0,0.1,500.0,-0.006886497840250517,1.0,500.0,506.9342505416292
1,150,90,025,rep_2,xanthan,1,epsilon_obs_mid,100.0,0.11569720708990032,500.0,0.11091818451853064,1.1569720708990032,432.1625496209986,400.1562976785709
1,150,90,025,rep_2,xanthan,1,a_obs_m2_m3_mid,100.0,0.1,500.0,-0.01755145405524177,1.0,500.0,517.8650109745581
1,75,45,000,rep_1,water,10,epsilon_obs_mid,7.6923,0.1334017435459286,491.0,0.7910981382733597,17.34224400321472,28.3123683364727,57.26699833804745
1,75,45,000,rep_1,water,10,a_obs_m2_m3_mid,7.6923,0.20202559261865738,491.0,0.8830523755832119,26.26335330377876,18.695251680955575,30.493726214523715
1,75,45,000,rep_2,water,10,epsilon_obs_mid,7.6923,0.06199004248974219,491.0,0.8274957340585782,8.058713582380067,60.927838541568775,46.34735556352502
1,75,45,000,rep_2,water,10,a_obs_m2_m3_mid,7.6923,0.12205338908746659,491.0,0.8608062622531129,15.866956448327104,30.944812989120386,36.72823260545606
1,75,45,0125,rep_1,xanthan,1,epsilon_obs_mid,100.0,0.1,499.0,-0.026017271529200386,1.0,499.0,525.658826924897
1,75,45,0125,rep_1,xanthan,1,a_obs_m2_m3_mid,100.0,0.1,499.0,0.012712266069373921,1.0,499.0,486.4724124884194
1,75,45,0125,rep_2,xanthan,1,epsilon_obs_mid,100.0,0.1,500.0,-0.02766982518709875,1.0,500.0,528.4572318167778
1,75,45,0125,rep_2,xanthan,1,a_obs_m2_m3_mid,100.0,0.11849060446777529,500.0,-0.04454697282134596,1.1849060446777528,421.974385434062,546.6239276596236
1,75,45,025,rep_1,xanthan,1,epsilon_obs_mid,100.0,0.9182671146660022,500.0,0.5167316562592994,9.182671146660022,54.45038725816323,159.31240761882054
1,75,45,025,rep_1,xanthan,1,a_obs_m2_m3_mid,100.0,1.2226044769727105,500.0,0.7752170897862135,12.226044769727105,40.89630043217651,63.311386395242714
1,75,45,025,rep_2,xanthan,1,epsilon_obs_mid,100.0,0.316530211015102,499.0,0.3091723927103611,3.16530211015102,157.64687939256206,263.3136613306172
1,75,45,025,rep_2,xanthan,1,a_obs_m2_m3_mid,100.0,0.6929334973595671,499.0,0.7106453508288849,6.9293349735956715,72.01268258807613,84.40555481966145
1,75,55,000,rep_1,water,10,epsilon_obs_mid,7.6923,0.017753897175027827,491.0,0.5183840473092638,2.308008940762558,212.73747745438772,155.74019839724164
1,75,55,000,rep_1,water,10,a_obs_m2_m3_mid,7.6923,0.04368511780317111,491.0,0.6074647508275373,5.679070993483237,86.45780279264426,119.89986545238867
1,75,55,000,rep_2,water,10,epsilon_obs_mid,7.6923,0.11777412796956314,491.0,0.7936533285916555,15.310651946695154,32.06917652556158,56.485951909697526
1,75,55,000,rep_2,water,10,a_obs_m2_m3_mid,7.6923,0.17994882778962457,491.0,0.8632513897496249,23.3933710060222,20.98885192192271,36.03569974632173
1,75,55,0125,rep_1,xanthan,1,epsilon_obs_mid,100.0,0.1,498.0,-0.011240744296522456,1.0,498.0,509.32306095215347
1,75,55,0125,rep_1,xanthan,1,a_obs_m2_m3_mid,100.0,0.1529392162720682,498.0,0.11782400682492307,1.529392162720682,325.6195579779177,393.0168272633963
1,75,55,0125,rep_2,xanthan,1,epsilon_obs_mid,100.0,0.1,495.0,-0.020518437965412164,1.0,495.0,515.7387809767068
1,75,55,0125,rep_2,xanthan,1,a_obs_m2_m3_mid,100.0,0.13938108931120696,495.0,0.09764583000288667,1.3938108931120696,355.1414344988904,406.9302701650098
1,75,55,025,rep_1,xanthan,1,epsilon_obs_mid,100.0,0.3186111995576422,500.0,0.2847320081669302,3.186111995576422,156.93108110894937,278.3724493848418
1,75,55,025,rep_1,xanthan,1,a_obs_m2_m3_mid,100.0,0.46701385795585665,500.0,0.547035373388892,4.670138579558566,107.06320411743785,146.3976307208983
1,75,55,025,rep_2,xanthan,1,epsilon_obs_mid,100.0,0.37207039510207707,500.0,0.3056012448656459,3.7207039510207705,134.38317226578204,265.93064224820495
1,75,55,025,rep_2,xanthan,1,a_obs_m2_m3_mid,100.0,0.6172085348753789,500.0,0.6414542169222303,6.172085348753789,81.00989726283605,109.2158950829748
1,75,70,000,rep_1,water,10,epsilon_obs_mid,7.6923,0.045098831833947126,491.0,0.8356483207547818,5.862854001267127,83.74760822866834,43.960857641959045
1,75,70,000,rep_1,water,10,a_obs_m2_m3_mid,7.6923,0.0724099451077779,491.0,0.8569671896816806,9.413302277313404,52.16022874176027,37.8192518729065
1,75,70,000,rep_2,water,10,epsilon_obs_mid,7.6923,0.04415607882926663,491.0,0.6803255241985243,5.740295988100649,85.5356589656385,93.4105715577884
1,75,70,000,rep_2,water,10,a_obs_m2_m3_mid,7.6923,0.15055802758926512,491.0,0.8240414861912239,19.572563159167625,25.08613695646805,47.36494807500873
1,75,70,0125,rep_1,xanthan,1,epsilon_obs_mid,100.0,0.1,490.0,-0.0012019594792710103,1.0,490.0,491.1793378059407
1,75,70,0125,rep_1,xanthan,1,a_obs_m2_m3_mid,100.0,0.2082847595162393,490.0,0.1265957875531268,2.082847595162393,235.25485068522082,379.87720957884926
1,75,70,0125,rep_2,xanthan,1,epsilon_obs_mid,100.0,0.1,490.0,-0.005220748476024718,1.0,490.0,495.1431847806095
1,75,70,0125,rep_2,xanthan,1,a_obs_m2_m3_mid,100.0,0.2572877113932663,490.0,0.13716182810028485,2.572877113932663,190.4482718379935,371.7946679033048
1,75,70,025,rep_1,xanthan,1,epsilon_obs_mid,100.0,0.41977579026524786,500.0,0.21790649918588773,4.197757902652478,119.11120450373284,321.08109339136644
1,75,70,025,rep_1,xanthan,1,a_obs_m2_m3_mid,100.0,0.8592382562168501,500.0,0.48333066853652035,8.5923825621685,58.19107754832236,174.1585144913219
1,75,70,025,rep_2,xanthan,1,epsilon_obs_mid,100.0,0.3710451353397053,500.0,0.38817622072940333,3.710451353397053,134.75449544493605,220.36963684233115
1,75,70,025,rep_2,xanthan,1,a_obs_m2_m3_mid,100.0,0.4357378852871349,500.0,0.5296531835286058,4.357378852871349,114.74788327632305,153.74296001738043
1,75,80,000,rep_1,water,10,epsilon_obs_mid,7.6923,0.032769000739873363,491.0,0.6792733453359302,4.259974356157893,115.25890978433895,93.77674449334859
1,75,80,000,rep_1,water,10,a_obs_m2_m3_mid,7.6923,0.1698598226271945,491.0,0.8122158707281562,22.08179902333431,22.235507146910894,50.87804878092595
1,75,80,000,rep_2,water,10,epsilon_obs_mid,7.6923,0.07401767081833333,491.0,0.3914295978135158,9.622306828690162,51.02726495231055,214.74896605844012
1,75,80,000,rep_2,water,10,a_obs_m2_m3_mid,7.6923,0.18318390134757753,491.0,0.6819811675552634,23.81393098911607,20.61818354241502,92.83531215591644
1,75,80,0125,rep_1,xanthan,1,epsilon_obs_mid,100.0,0.1,490.0,-0.013467680469033502,1.0,490.0,503.37850428045556
1,75,80,0125,rep_1,xanthan,1,a_obs_m2_m3_mid,100.0,0.20339938568956112,490.0,0.08188526987756073,2.033993856895611,240.9053490200132,415.8261788802326
1,75,80,0125,rep_2,xanthan,1,epsilon_obs_mid,100.0,0.1,488.0,-0.048533797301148755,1.0,488.0,537.7852535713388
1,75,80,0125,rep_2,xanthan,1,a_obs_m2_m3_mid,100.0,0.2750693412125176,488.0,0.04737672308790633,2.750693412125176,177.40981159473276,443.85191009642506
1,75,80,025,rep_1,xanthan,1,epsilon_obs_mid,100.0,0.4256239849563768,500.0,0.40950444696815713,4.2562398495637686,117.47458265333569,209.469205401231
1,75,80,025,rep_1,xanthan,1,a_obs_m2_m3_mid,100.0,0.4249057321723593,500.0,0.425840080467738,4.249057321723592,117.67315951322102,201.34092434262064
1,75,80,025,rep_2,xanthan,1,epsilon_obs_mid,100.0,0.45963194405328023,500.0,0.5229071159569921,4.5963194405328025,108.78269155766952,156.6388649196125
1,75,80,025,rep_2,xanthan,1,a_obs_m2_m3_mid,100.0,0.392868502920063,500.0,0.46624653430153856,3.9286850292006297,127.2690470942984,182.0135472486284
1,75,90,000,rep_1,water,10,epsilon_obs_mid,7.6923,0.11881468683398973,480.0,0.8600631894982751,15.445924734343398,31.076158161818512,36.111498480299474
1,75,90,000,rep_1,water,10,a_obs_m2_m3_mid,7.6923,0.21560089454786874,480.0,0.9311163041929539,28.028144319367254,17.125643229556346,17.12179319059719
1,75,90,000,rep_2,water,10,epsilon_obs_mid,7.6923,0.07809171446301116,491.0,0.893840286442369,10.151933032124482,48.36517325777208,27.523133671801844
1,75,90,000,rep_2,water,10,a_obs_m2_m3_mid,7.6923,0.13470790986353745,491.0,0.9086718233783979,17.512045794305664,28.03784353736997,23.493894640218926
1,75,90,0125,rep_1,xanthan,1,epsilon_obs_mid,100.0,0.10334215350501165,486.0,0.002055966672964727,1.0334215350501166,470.28243898210525,484.0057006069663
1,75,90,0125,rep_1,xanthan,1,a_obs_m2_m3_mid,100.0,0.24391018693966826,486.0,0.10444880714313631,2.4391018693966826,199.25367041771537,394.07700647915044
1,75,90,0125,rep_2,xanthan,1,epsilon_obs_mid,100.0,0.13314284767881862,484.0,0.030147345413896798,1.331428476788186,363.5193391443425,455.67140167805127
1,75,90,0125,rep_2,xanthan,1,a_obs_m2_m3_mid,100.0,0.33681812075643736,484.0,0.08632785550424985,3.368181207564373,143.69773185392066,407.0753738802687
1,75,90,025,rep_1,xanthan,1,epsilon_obs_mid,100.0,0.7545538236276802,500.0,0.5107781158095039,7.545538236276802,66.26432526657173,161.91056749864342
1,75,90,025,rep_1,xanthan,1,a_obs_m2_m3_mid,100.0,0.7754869726320502,500.0,0.4292182088771896,7.754869726320502,64.47561566417673,199.683221070638
1,75,90,025,rep_2,xanthan,1,epsilon_obs_mid,100.0,0.6592873406876164,500.0,0.4996928762342713,6.592873406876164,75.83946621491555,166.80319407197553
1,75,90,025,rep_2,xanthan,1,a_obs_m2_m3_mid,100.0,0.636954060659969,500.0,0.43831863441757246,6.369540606599689,78.49859681904432,195.25623604601105
2,100,45,000,rep_1,water,10,epsilon_obs_mid,7.6923,0.05146800194652309,489.0,0.5710646329002369,6.690846943894945,73.08491796336598,133.50780745702352
2,100,45,000,rep_1,water,10,a_obs_m2_m3_mid,7.6923,0.06186791119462964,489.0,0.6262355374199947,8.042836498138351,60.799445582809895,112.38889939128164
2,100,45,000,rep_2,water,10,epsilon_obs_mid,7.6923,0.027885264261046455,489.0,0.4864286256414607,3.625087979024018,134.89327785408767,168.95288325932842
2,100,45,000,rep_2,water,10,a_obs_m2_m3_mid,7.6923,0.03562048647273546,489.0,0.41907088670292686,4.630667872123483,105.60031803269008,200.18333056094738
2,100,45,0125,rep_1,xanthan,1,epsilon_obs_mid,100.0,0.1364023357866266,496.0,0.023974570278285326,1.3640233578662662,363.6301366392214,472.77405825654864
2,100,45,0125,rep_1,xanthan,1,a_obs_m2_m3_mid,100.0,0.13722157600929039,496.0,0.07045069915369352,1.3722157600929037,361.4591920780877,430.7124593260416
2,100,45,0125,rep_2,xanthan,1,epsilon_obs_mid,100.0,0.137810962590729,497.0,0.000659859101253844,1.3781096259072898,360.63894385237745,496.3445325695032
2,100,45,0125,rep_2,xanthan,1,a_obs_m2_m3_mid,100.0,0.13239946553210577,497.0,0.025378366608140142,1.3239946553210578,375.37915882257215,472.3982556781093
2,100,45,025,rep_1,xanthan,1,epsilon_obs_mid,100.0,0.4156879333878728,500.0,0.13683129489194373,4.156879333878728,120.28253885672855,379.6379942153602
2,100,45,025,rep_1,xanthan,1,a_obs_m2_m3_mid,100.0,1.0635921783475342,500.0,0.4282430235372426,10.635921783475341,47.010499905784606,200.1609554677613
2,100,45,025,rep_2,xanthan,1,epsilon_obs_mid,100.0,0.1020376807391401,500.0,0.12416155473974083,1.020376807391401,490.0150575533491,389.5518582571649
2,100,45,025,rep_2,xanthan,1,a_obs_m2_m3_mid,100.0,0.22860412068147654,500.0,0.28264618801531427,2.2860412068147653,218.71871710338522,279.6382270837579
2,100,55,000,rep_1,water,10,epsilon_obs_mid,7.6923,0.021201042391422134,491.0,0.6410754010098417,2.7561382670231445,178.14781133252808,107.38810538243565
2,100,55,000,rep_1,water,10,a_obs_m2_m3_mid,7.6923,0.01910019961855417,491.0,0.5588597170509141,2.4830284334404755,197.74239931665707,138.9476400979619
2,100,55,000,rep_2,water,10,epsilon_obs_mid,7.6923,0.043006528464621295,491.0,0.5523182020562913,5.590854291255059,87.82199900433788,141.60225815762865
2,100,55,000,rep_2,water,10,a_obs_m2_m3_mid,7.6923,0.0547606472016669,491.0,0.5352559918862461,7.118891255107951,68.97141456511186,148.63274215493877
2,100,55,0125,rep_1,xanthan,1,epsilon_obs_mid,100.0,0.1596980772674901,494.0,0.22740033402526919,1.596980772674901,309.3337180087415,310.95334131109945
2,100,55,0125,rep_1,xanthan,1,a_obs_m2_m3_mid,100.0,0.1475406727107064,494.0,0.13190685774279193,1.4754067271070639,334.82292775540026,378.8633396304658
2,100,55,0125,rep_2,xanthan,1,epsilon_obs_mid,100.0,0.13071753913159656,494.0,-0.010358136152568306,1.3071753913159656,377.9140911631438,504.34095150234583
2,100,55,0125,rep_2,xanthan,1,a_obs_m2_m3_mid,100.0,0.11767688665439521,494.0,0.012366292876355753,1.1767688665439522,419.7935669821268,481.9313471341231
2,100,55,025,rep_1,xanthan,1,epsilon_obs_mid,100.0,0.16463634998446655,499.0,0.043657786998368524,1.6463634998446657,303.0922393791411,457.2521474307364
2,100,55,025,rep_1,xanthan,1,a_obs_m2_m3_mid,100.0,0.33185658264418266,499.0,0.1628342907279249,3.3185658264418265,150.36615999117572,359.2478242667405
2,100,55,025,rep_2,xanthan,1,epsilon_obs_mid,100.0,0.10268209672252698,500.0,0.05613467694225508,1.0268209672252697,486.93980348991767,446.8489406059676
2,100,55,025,rep_2,xanthan,1,a_obs_m2_m3_mid,100.0,0.2449326946449236,500.0,0.2568312024564049,2.449326946449236,204.13771249479163,295.6517932126104
2,100,70,000,rep_1,water,10,epsilon_obs_mid,7.6923,0.021502539831390426,484.0,0.37165813668529074,2.7953329734137284,173.14574134934898,221.71520272481362
2,100,70,000,rep_1,water,10,a_obs_m2_m3_mid,7.6923,0.02501068954187798,484.0,0.3888542575207848,3.251392891837029,148.8592785003418,212.9773788417202
2,100,70,000,rep_2,water,10,epsilon_obs_mid,7.6923,0.04701056290154418,486.0,0.5257180965916172,6.111379288580031,79.52378293851915,151.0770604159461
2,100,70,000,rep_2,water,10,a_obs_m2_m3_mid,7.6923,0.044592038413707374,486.0,0.536179188817715,5.796970790752749,83.83688956571262,146.7386850931612
2,100,70,0125,rep_1,xanthan,1,epsilon_obs_mid,100.0,0.11340736345894416,490.0,0.03348715649037571,1.1340736345894415,432.0707095685108,458.2459398218232
2,100,70,0125,rep_1,xanthan,1,a_obs_m2_m3_mid,100.0,0.14216122172184253,490.0,0.10075151193091424,1.4216122172184253,344.67908622700963,400.30084390336697
2,100,70,0125,rep_2,xanthan,1,epsilon_obs_mid,100.0,0.1,497.0,-0.0054308077456656275,1.0,497.0,502.4276996927241
2,100,70,0125,rep_2,xanthan,1,a_obs_m2_m3_mid,100.0,0.13068992651108952,497.0,0.014425756596826675,1.306899265110895,380.2894479076991,482.8647101929366
2,100,70,025,rep_1,xanthan,1,epsilon_obs_mid,100.0,0.10771731855399802,499.0,0.0569083424537796,1.0771731855399802,463.2495560589492,445.263527793702
2,100,70,025,rep_1,xanthan,1,a_obs_m2_m3_mid,100.0,0.15300768657215622,499.0,0.0970825820886388,1.5300768657215622,326.1274065239061,410.6853931451503
2,100,70,025,rep_2,xanthan,1,epsilon_obs_mid,100.0,0.1,498.0,-0.013529193068680525,1.0,498.0,511.6598834975397
2,100,70,025,rep_2,xanthan,1,a_obs_m2_m3_mid,100.0,0.13831290288277245,498.0,0.09059200350974213,1.3831290288277245,360.053176255061,415.26545288675675
2,100,80,000,rep_1,water,10,epsilon_obs_mid,7.6923,0.0241277439853044,490.0,0.5302248915591776,3.1366098546994268,156.21962013090578,150.42874051111392
2,100,80,000,rep_1,water,10,a_obs_m2_m3_mid,7.6923,0.052005967582652954,490.0,0.5297069441991844,6.76078254652743,72.4768170885308,150.64558490517868
2,100,80,000,rep_2,water,10,epsilon_obs_mid,7.6923,0.01793348232448092,486.0,0.3453702697826288,2.331355033537553,208.46245767318973,236.4776865011636
2,100,80,000,rep_2,water,10,a_obs_m2_m3_mid,7.6923,0.027134117396934325,486.0,0.3466006163605029,3.527438789040251,137.7770186998004,235.81758139028113
2,100,80,0125,rep_1,xanthan,1,epsilon_obs_mid,100.0,0.1,492.0,-0.001942748288800903,1.0,492.0,493.91538542794257
2,100,80,0125,rep_1,xanthan,1,a_obs_m2_m3_mid,100.0,0.10143577486180792,492.0,0.05942918730138322,1.0143577486180793,485.03597539456,436.8020490604764
2,100,80,0125,rep_2,xanthan,1,epsilon_obs_mid,100.0,0.11573274631965605,492.0,0.00786022719770241,1.1573274631965604,425.11736362073935,484.3258569454175
2,100,80,0125,rep_2,xanthan,1,a_obs_m2_m3_mid,100.0,0.11267864861165838,492.0,0.04036341115928786,1.126786486116584,436.639954474121,453.82334350216956
2,100,80,025,rep_1,xanthan,1,epsilon_obs_mid,100.0,0.1,498.0,0.019092018216900215,1.0,498.0,479.34059554572485
2,100,80,025,rep_1,xanthan,1,a_obs_m2_m3_mid,100.0,0.11251653242924271,498.0,0.07126124769898258,1.125165324292427,442.6016241774718,431.7451972050327
2,100,80,025,rep_2,xanthan,1,epsilon_obs_mid,100.0,0.12368288732326521,498.0,0.14733027145000033,1.236828873232652,402.64260543853294,370.10225859486076
2,100,80,025,rep_2,xanthan,1,a_obs_m2_m3_mid,100.0,0.13470522843330698,498.0,0.1866262116042226,1.34705228433307,369.69611780626724,341.3544574188098
2,100,90,000,rep_1,water,10,epsilon_obs_mid,7.6923,0.028715112956759138,466.0,0.31013387054021074,3.7329684173471054,124.83363047876266,245.37768510305446
2,100,90,000,rep_1,water,10,a_obs_m2_m3_mid,7.6923,0.03370390614191794,466.0,0.24166890081153464,4.381512179961512,106.35597502871563,284.602676277758
2,100,90,000,rep_2,water,10,epsilon_obs_mid,7.6923,0.035320641711326005,483.0,0.5295477413828592,4.591688014160394,105.19007356564015,148.55923405610244
2,100,90,000,rep_2,water,10,a_obs_m2_m3_mid,7.6923,0.06457368436368865,483.0,0.46912974734020485,8.394587361866886,57.53707468625174,174.53212182171163
2,100,90,0125,rep_1,xanthan,1,epsilon_obs_mid,100.0,0.1,489.0,-0.0002438106766135198,1.0,489.0,489.23850499179144
2,100,90,0125,rep_1,xanthan,1,a_obs_m2_m3_mid,100.0,0.1,489.0,0.021513528697311365,1.0,489.0,468.4028855468981
2,100,90,0125,rep_2,xanthan,1,epsilon_obs_mid,100.0,0.10149825976694263,494.0,0.03114610888241918,1.0149825976694262,486.70785206988626,464.15713359071685
2,100,90,0125,rep_2,xanthan,1,a_obs_m2_m3_mid,100.0,0.1190064111550197,494.0,0.11982708125046324,1.1900641115501969,415.1036866043356,388.2790737447986
2,100,90,025,rep_1,xanthan,1,epsilon_obs_mid,100.0,0.1,500.0,0.0040164300127136145,1.0,500.0,495.99963716464003
2,100,90,025,rep_1,xanthan,1,a_obs_m2_m3_mid,100.0,0.11135305344591483,500.0,0.07999639200541629,1.1135305344591482,449.02226254878093,425.92901921007984
2,100,90,025,rep_2,xanthan,1,epsilon_obs_mid,100.0,0.1,500.0,-0.02904183394750727,1.0,500.0,529.910489414368
2,100,90,025,rep_2,xanthan,1,a_obs_m2_m3_mid,100.0,0.1,500.0,0.02916581734397765,1.0,500.0,471.6607208940855
2,125,45,000,rep_1,water,10,epsilon_obs_mid,7.6923,0.03939563797364029,491.0,0.43421865489466754,5.121438058011296,95.87151000136475,193.69336711571387
2,125,45,000,rep_1,water,10,a_obs_m2_m3_mid,7.6923,0.08532703517033663,491.0,0.47244192008872893,11.092525664669425,44.264040025066066,175.91934439140732
2,125,45,000,rep_2,water,10,epsilon_obs_mid,7.6923,0.013025168956162663,491.0,0.4388915895483383,1.6932736575748037,289.9708489549387,191.46976153932863
2,125,45,000,rep_2,water,10,a_obs_m2_m3_mid,7.6923,0.043031420137378054,491.0,0.5311701011028181,5.594090211949359,87.77119806741594,150.3395868249511
2,125,45,0125,rep_1,xanthan,1,epsilon_obs_mid,100.0,0.1,499.0,-0.02746350833801433,1.0,499.0,527.1825736682633
2,125,45,0125,rep_1,xanthan,1,a_obs_m2_m3_mid,100.0,0.1,499.0,0.005927409221289936,1.0,499.0,493.119302895398
2,125,45,0125,rep_2,xanthan,1,epsilon_obs_mid,100.0,0.100491886321601,497.0,0.002998508662247535,1.00491886321601,494.5672911437513,494.02839277971685
2,125,45,0125,rep_2,xanthan,1,a_obs_m2_m3_mid,100.0,0.11361278144331051,497.0,0.008961001688611123,1.136127814433105,437.45078122921285,488.1718731808542
2,125,45,025,rep_1,xanthan,1,epsilon_obs_mid,100.0,0.1,498.0,0.00953506646764799,1.0,498.0,488.5927723392442
2,125,45,025,rep_1,xanthan,1,a_obs_m2_m3_mid,100.0,0.10885995945996123,498.0,0.11946007488732749,1.0885995945996123,457.46847828210406,391.71462434714016
2,125,45,025,rep_2,xanthan,1,epsilon_obs_mid,100.0,0.10795990053583995,500.0,0.030938595391785447,1.0795990053583995,463.1349209459606,469.9898757015418
2,125,45,025,rep_2,xanthan,1,a_obs_m2_m3_mid,100.0,0.1789056982234477,500.0,0.13698718678253965,1.789056982234477,279.4768444856996,379.5173873769082
2,125,55,000,rep_1,water,10,epsilon_obs_mid,7.6923,0.01914675736084324,490.0,0.47934943570091726,2.489080945990567,196.8598091553817,172.4533570972534
2,125,55,000,rep_1,water,10,a_obs_m2_m3_mid,7.6923,0.04957636097789521,490.0,0.4903173232726609,6.444933372059748,76.0287146061527,167.5780772969678
2,125,55,000,rep_2,water,10,epsilon_obs_mid,7.6923,0.045837726236043735,491.0,0.5889494876598259,5.958910369596055,82.39761458826644,127.01838738515887
2,125,55,000,rep_2,water,10,a_obs_m2_m3_mid,7.6923,0.04380508127725135,491.0,0.5856157904207371,5.694666260708935,86.22103166742468,128.31774767418912
2,125,55,0125,rep_1,xanthan,1,epsilon_obs_mid,100.0,0.1,497.0,0.022860107553946286,1.0,497.0,474.78489283059247
2,125,55,0125,rep_1,xanthan,1,a_obs_m2_m3_mid,100.0,0.11053003606266709,497.0,0.024303450070610744,1.105300360626671,449.6515315694066,473.41555403477184
2,125,55,0125,rep_2,xanthan,1,epsilon_obs_mid,100.0,0.1,498.0,-0.010440577853013115,1.0,498.0,508.50853067422617
2,125,55,0125,rep_2,xanthan,1,a_obs_m2_m3_mid,100.0,0.1,498.0,0.0007192754853503751,1.0,498.0,497.2841165340185
2,125,55,025,rep_1,xanthan,1,epsilon_obs_mid,100.0,0.11313387969709987,498.0,0.03512717656675357,1.1313387969709987,440.1864422340375,464.20060930432896
2,125,55,025,rep_1,xanthan,1,a_obs_m2_m3_mid,100.0,0.1743296328744723,498.0,0.14617263628967223,1.7432963287447232,285.66571946984453,370.97904248019483
2,125,55,025,rep_2,xanthan,1,epsilon_obs_mid,100.0,0.15415636747049852,499.0,0.04025962713364805,1.541563674704985,323.69730046700505,460.37588460479714
2,125,55,025,rep_2,xanthan,1,a_obs_m2_m3_mid,100.0,0.2805883974318666,499.0,0.11992666292308911,2.8058839743186663,177.8405680944697,392.1297793331826
2,125,70,000,rep_1,water,10,epsilon_obs_mid,7.6923,0.023397885289618787,490.0,0.35693045388293293,3.041728129378572,161.09263522513024,232.21829585714931
2,125,70,000,rep_1,water,10,a_obs_m2_m3_mid,7.6923,0.08164050370417944,490.0,0.42408446187131515,10.61327609481942,46.168590699263916,198.16143019511156
2,125,70,000,rep_2,water,10,epsilon_obs_mid,7.6923,0.05467729315770296,488.0,0.3712498685321315,7.108055218556602,68.65450323542868,223.75941190409685
2,125,70,000,rep_2,water,10,a_obs_m2_m3_mid,7.6923,0.058542816186736686,488.0,0.39338638355040845,7.610573714849484,64.12131572260203,212.4517996746244
2,125,70,0125,rep_1,xanthan,1,epsilon_obs_mid,100.0,0.10591412553488644,496.0,-0.00429857379247125,1.0591412553488644,468.303918382091,500.2825942495363
2,125,70,0125,rep_1,xanthan,1,a_obs_m2_m3_mid,100.0,0.1498037733374537,496.0,0.008202361550318329,1.498037733374537,331.0998040634741,487.9294548711393
2,125,70,0125,rep_2,xanthan,1,epsilon_obs_mid,100.0,0.1,499.0,-0.04158928102492977,1.0,499.0,542.3072185453715
2,125,70,0125,rep_2,xanthan,1,a_obs_m2_m3_mid,100.0,0.10394894997591608,499.0,0.03048074020942047,1.0394894997591608,480.04332907221595,469.4800123456751
2,125,70,025,rep_1,xanthan,1,epsilon_obs_mid,100.0,0.1111986587960453,499.0,-0.003659658511551501,1.1119865879604531,448.74641960856684,502.6657546045683
2,125,70,025,rep_1,xanthan,1,a_obs_m2_m3_mid,100.0,0.1614510213034391,499.0,0.061763289962786856,1.6145102130343911,309.0720615895978,440.9458518056113
2,125,70,025,rep_2,xanthan,1,epsilon_obs_mid,100.0,0.210495533916203,500.0,0.03979168543695772,2.10495533916203,237.5347308789207,461.731098647672
2,125,70,025,rep_2,xanthan,1,a_obs_m2_m3_mid,100.0,0.29139539483969934,500.0,0.18653251622447428,2.9139539483969936,171.58816125939703,342.7919052585112
2,125,80,000,rep_1,water,10,epsilon_obs_mid,7.6923,0.016179354827730218,488.0,0.5488605916013428,2.103318230923159,232.0143442040218,142.14063711888286
2,125,80,000,rep_1,water,10,a_obs_m2_m3_mid,7.6923,0.02262310813009546,488.0,0.5074295702984196,2.941006997919408,165.9295609786824,159.45976809170946
2,125,80,000,rep_2,water,10,epsilon_obs_mid,7.6923,0.02060524746791286,490.0,0.3786847446452615,2.6786848495135214,182.92558756547618,220.82240070202278
2,125,80,000,rep_2,water,10,a_obs_m2_m3_mid,7.6923,0.036013270924694904,490.0,0.4138014276023667,4.681729901940239,104.66216767373325,203.16665046940815
2,125,80,0125,rep_1,xanthan,1,epsilon_obs_mid,100.0,0.11004354614040479,489.0,0.014748580632898285,1.100435461404048,444.36954019646356,474.78553137765596
2,125,80,0125,rep_1,xanthan,1,a_obs_m2_m3_mid,100.0,0.12786185131558467,489.0,0.10030229032243382,1.2786185131558467,382.4440167013266,399.8466456917088
2,125,80,0125,rep_2,xanthan,1,epsilon_obs_mid,100.0,0.1,492.0,-0.018710000500054936,1.0,492.0,510.76167137282135
2,125,80,0125,rep_2,xanthan,1,a_obs_m2_m3_mid,100.0,0.112435242475086,492.0,0.01616801719065181,1.12435242475086,437.5852172053793,476.3438007824876
2,125,80,025,rep_1,xanthan,1,epsilon_obs_mid,100.0,0.12449280671553838,499.0,0.04142974601105381,1.2449280671553837,400.82637155108665,459.2979589574804
2,125,80,025,rep_1,xanthan,1,a_obs_m2_m3_mid,100.0,0.15071309270460476,499.0,0.18237275638410197,1.5071309270460473,331.0926682249379,345.0654561866383
2,125,80,025,rep_2,xanthan,1,epsilon_obs_mid,100.0,0.15318222088941397,500.0,0.02638813639348361,1.5318222088941396,326.408637436431,474.29029481361107
2,125,80,025,rep_2,xanthan,1,a_obs_m2_m3_mid,100.0,0.31299402230837137,500.0,0.14087157890710836,3.1299402230837137,159.7474598116716,376.5228431388785
2,125,90,000,rep_1,water,10,epsilon_obs_mid,7.6923,0.019635580568746383,476.0,0.4164605628537356,2.5526280265650563,186.47448631226123,196.09778017540464
2,125,90,000,rep_1,water,10,a_obs_m2_m3_mid,7.6923,0.01999588160108178,476.0,0.28432759534620355,2.599467207607839,183.11444691700467,265.24390338539655
2,125,90,000,rep_2,water,10,epsilon_obs_mid,7.6923,0.014610610636090678,486.0,0.2868521262923153,1.8993812820730702,255.872796361117,269.3315413174404
2,125,90,000,rep_2,water,10,a_obs_m2_m3_mid,7.6923,0.04226745218446813,486.0,0.27561117199386725,5.494774278755136,88.44767325184927,275.98768193657145
2,125,90,0125,rep_1,xanthan,1,epsilon_obs_mid,100.0,0.1,492.0,-0.047747239775624305,1.0,492.0,541.3390892646443
2,125,90,0125,rep_1,xanthan,1,a_obs_m2_m3_mid,100.0,0.10707478430772971,492.0,-0.010191983118440886,1.0707478430772972,459.49193657584846,502.13217837954323
2,125,90,0125,rep_2,xanthan,1,epsilon_obs_mid,100.0,0.13525398568602354,488.0,0.060420926120606296,1.3525398568602354,360.8026761834845,432.3892303130533
2,125,90,0125,rep_2,xanthan,1,a_obs_m2_m3_mid,100.0,0.22584682354436195,488.0,0.09881581474727082,2.2584682354436194,216.07565355203883,400.22893418628246
2,125,90,025,rep_1,xanthan,1,epsilon_obs_mid,100.0,0.1046443977771921,497.0,0.02813656408015038,1.046443977771921,474.94181299433524,469.79763635223736
2,125,90,025,rep_1,xanthan,1,a_obs_m2_m3_mid,100.0,0.15116773144701626,497.0,0.17979461502035654,1.5116773144701625,328.7738694247699,345.51952614892144
2,125,90,025,rep_2,xanthan,1,epsilon_obs_mid,100.0,0.18584552575729926,500.0,0.06936262900875909,1.8584552575729927,269.0406443537218,435.1364755723188
2,125,90,025,rep_2,xanthan,1,a_obs_m2_m3_mid,100.0,0.2547788461525974,500.0,0.13791363173636553,2.5477884615259736,196.2486319215567,378.8013185799345
2,150,45,000,rep_1,water,10,epsilon_obs_mid,7.6923,0.02366845254955212,491.0,0.45890610489022166,3.0769019083436837,159.5760978497714,182.10706063149456
2,150,45,000,rep_1,water,10,a_obs_m2_m3_mid,7.6923,0.042177099763871656,491.0,0.5022333039134935,5.483028452331768,89.54905200085045,162.6934026437672
2,150,45,000,rep_2,water,10,epsilon_obs_mid,7.6923,0.022128294287907004,491.0,0.3840899295193807,2.8766811341090444,170.68280324091978,218.49147093425879
2,150,45,000,rep_2,water,10,a_obs_m2_m3_mid,7.6923,0.08819757519893105,491.0,0.4850659833732044,11.465696241557277,42.82339158963382,170.2500797907096
2,150,45,0125,rep_1,xanthan,1,epsilon_obs_mid,100.0,0.1,500.0,0.015497676680324144,1.0,500.0,484.7388359065614
2,150,45,0125,rep_1,xanthan,1,a_obs_m2_m3_mid,100.0,0.1,500.0,0.03572964949973567,1.0,500.0,465.5029191092547
2,150,45,0125,rep_2,xanthan,1,epsilon_obs_mid,100.0,0.1,500.0,-0.002485117648590252,1.0,500.0,502.491308844167
2,150,45,0125,rep_2,xanthan,1,a_obs_m2_m3_mid,100.0,0.1,500.0,0.006901213649754254,1.0,500.0,493.1460866704698
2,150,45,025,rep_1,xanthan,1,epsilon_obs_mid,100.0,0.1,499.0,0.025457620971617384,1.0,499.0,474.224031485961
2,150,45,025,rep_1,xanthan,1,a_obs_m2_m3_mid,100.0,0.11416243602467165,499.0,0.07401364916469322,1.1416243602467164,437.09648933223633,430.22468981300904
2,150,45,025,rep_2,xanthan,1,epsilon_obs_mid,100.0,0.14964854760699547,499.0,0.05798147941326784,1.4964854760699546,333.4479405108999,444.30573778424537
2,150,45,025,rep_2,xanthan,1,a_obs_m2_m3_mid,100.0,0.18435054862160352,499.0,0.11448096419552692,1.8435054862160352,270.6799647362284,396.4841150834666
2,150,55,000,rep_1,water,10,epsilon_obs_mid,7.6923,0.021490263049583066,491.0,0.2814197877184955,2.7937369901827886,175.75025914228056,275.33747146077894
2,150,55,000,rep_1,water,10,a_obs_m2_m3_mid,7.6923,0.027125357993705582,491.0,0.30442157466729036,3.5263000654817906,139.23942684466806,261.8241015566397
2,150,55,000,rep_2,water,10,epsilon_obs_mid,7.6923,0.04763472618464554,491.0,0.4374923749134837,6.192520596524516,79.2891993408255,192.1340584043809
2,150,55,000,rep_2,water,10,a_obs_m2_m3_mid,7.6923,0.056619201325323165,491.0,0.4857384766692595,7.360503532795544,66.70739275000614,169.95077661410204
2,150,55,0125,rep_1,xanthan,1,epsilon_obs_mid,100.0,0.1,492.0,-0.014787086363899358,1.0,492.0,506.76888171144225
2,150,55,0125,rep_1,xanthan,1,a_obs_m2_m3_mid,100.0,0.1,492.0,0.05467300245836232,1.0,492.0,440.99060249610164
2,150,55,0125,rep_2,xanthan,1,epsilon_obs_mid,100.0,0.1,500.0,0.027555650024349683,1.0,500.0,473.18330153340435
2,150,55,0125,rep_2,xanthan,1,a_obs_m2_m3_mid,100.0,0.10948274799109395,500.0,0.06854520754733774,1.0948274799109394,456.6929577257901,435.85184130424244
2,150,55,025,rep_1,xanthan,1,epsilon_obs_mid,100.0,0.1042607751769386,498.0,0.006545878095464998,1.0426077517693861,477.6484724527085,491.52270500037275
2,150,55,025,rep_1,xanthan,1,a_obs_m2_m3_mid,100.0,0.15161757998779152,498.0,0.08072431914709952,1.5161757998779153,328.45795325324394,423.604133777647
2,150,55,025,rep_2,xanthan,1,epsilon_obs_mid,100.0,0.13708192534907515,499.0,-0.03141028190286218,1.3708192534907515,364.01589686555025,531.3640244712082
2,150,55,025,rep_2,xanthan,1,a_obs_m2_m3_mid,100.0,0.11718419645087512,499.0,0.05573330923861566,1.1718419645087512,425.8253374713255,446.3144949265148
2,150,70,000,rep_1,water,10,epsilon_obs_mid,7.6923,0.02330093930706009,490.0,0.37561642960506375,3.02912513904295,161.76287789642626,222.4078914071677
2,150,70,000,rep_1,water,10,a_obs_m2_m3_mid,7.6923,0.06098358268942782,490.0,0.3677409195994192,7.927873677499294,61.8072411257897,226.50996614696598
2,150,70,000,rep_2,water,10,epsilon_obs_mid,7.6923,0.047706716203170456,489.0,0.2952354260853272,6.201879308291468,78.84706807277628,266.0750854274207
2,150,70,000,rep_2,water,10,a_obs_m2_m3_mid,7.6923,0.05240281736916559,489.0,0.34141193312260304,6.812373070364597,71.78115393111153,240.0825255470664
2,150,70,0125,rep_1,xanthan,1,epsilon_obs_mid,100.0,0.11644304995117073,494.0,-0.026291010260755494,1.1644304995117074,424.24172177485394,520.6768802705443
2,150,70,0125,rep_1,xanthan,1,a_obs_m2_m3_mid,100.0,0.11834532785981627,494.0,-0.032964181402012974,1.1834532785981628,417.42247787353153,527.6788054783813
2,150,70,0125,rep_2,xanthan,1,epsilon_obs_mid,100.0,0.1,496.0,-0.051153632621669255,1.0,496.0,549.4801052154555
2,150,70,0125,rep_2,xanthan,1,a_obs_m2_m3_mid,100.0,0.1,496.0,-0.04948077655893558,1.0,496.0,547.6401237723179
2,150,70,025,rep_1,xanthan,1,epsilon_obs_mid,100.0,0.1,500.0,-0.016751673703835446,1.0,500.0,517.0370731948641
2,150,70,025,rep_1,xanthan,1,a_obs_m2_m3_mid,100.0,0.1415995938354142,500.0,0.060226997486181294,1.4159959383541418,353.1083574866509,443.1942427150217
2,150,70,025,rep_2,xanthan,1,epsilon_obs_mid,100.0,0.1258117208124807,500.0,0.014055246255439992,1.258117208124807,397.4192521738398,486.1395655637686
2,150,70,025,rep_2,xanthan,1,a_obs_m2_m3_mid,100.0,0.16295681108878562,500.0,0.024198761579830953,1.6295681108878561,306.8297646838335,476.37298297207053
2,150,80,000,rep_1,water,10,epsilon_obs_mid,7.6923,0.021531715451077953,489.0,0.37399775201831836,2.7991258077659418,174.69739968218298,222.79155756505276
2,150,80,000,rep_1,water,10,a_obs_m2_m3_mid,7.6923,0.048879066506724224,489.0,0.4182761221239528,6.354285000159149,76.95594390049432,200.56953074510403
2,150,80,000,rep_2,water,10,epsilon_obs_mid,7.6923,0.041247608749969515,489.0,0.20932009348836683,5.362194499690537,91.19400648898902,319.71888697300307
2,150,80,000,rep_2,water,10,a_obs_m2_m3_mid,7.6923,0.0724722100469738,489.0,0.3687320952087629,9.421396727503321,51.903132215257585,225.52989480080296
2,150,80,0125,rep_1,xanthan,1,epsilon_obs_mid,100.0,0.1,497.0,0.0941600166460551,1.0,497.0,411.4594436624754
2,150,80,0125,rep_1,xanthan,1,a_obs_m2_m3_mid,100.0,0.11505239730255983,497.0,0.039412455306295655,1.1505239730255983,431.97709187494013,459.3094947780731
2,150,80,0125,rep_2,xanthan,1,epsilon_obs_mid,100.0,0.10528918721197242,491.0,-0.007040418458815936,1.0528918721197242,466.33468545207694,497.9627113279137
2,150,80,0125,rep_2,xanthan,1,a_obs_m2_m3_mid,100.0,0.1,491.0,0.039217978746812265,1.0,491.0,453.94131171998083
2,150,80,025,rep_1,xanthan,1,epsilon_obs_mid,100.0,0.1403048545566279,499.0,0.17006081665528455,1.403048545566279,355.6541230001422,353.9471167600205
2,150,80,025,rep_1,xanthan,1,a_obs_m2_m3_mid,100.0,0.15898625255492863,499.0,0.18704373856273893,1.5898625255492862,313.8636152378012,341.7440834559043
2,150,80,025,rep_2,xanthan,1,epsilon_obs_mid,100.0,0.10644302380680368,500.0,0.011113188617626108,1.0644302380680368,469.7348704669556,489.0089569172569
2,150,80,025,rep_2,xanthan,1,a_obs_m2_m3_mid,100.0,0.1639058337175034,500.0,0.09564804588146752,1.6390583371750338,305.05320564841213,412.7018514375965
2,150,90,000,rep_1,water,10,epsilon_obs_mid,7.6923,0.01779865391970574,488.0,0.3566635657049522,2.313827323389069,210.90597170631779,231.41196378547173
2,150,90,000,rep_1,water,10,a_obs_m2_m3_mid,7.6923,0.021717436665486874,488.0,0.3057409294707719,2.823269589782883,172.84923896960493,259.4683361542333
2,150,90,000,rep_2,water,10,epsilon_obs_mid,7.6923,0.011310484682322663,486.0,0.26541844784985125,1.4703644790664252,330.5302915836043,282.1253593636032
2,150,90,000,rep_2,water,10,a_obs_m2_m3_mid,7.6923,0.018653891902293825,486.0,0.25461483231778803,2.4250083723065696,200.41167921318825,288.7397647167278
2,150,90,0125,rep_1,xanthan,1,epsilon_obs_mid,100.0,0.1,492.0,-0.05600971693202505,1.0,492.0,550.3836109859025
2,150,90,0125,rep_1,xanthan,1,a_obs_m2_m3_mid,100.0,0.10734598268151892,492.0,-0.04312023157716918,1.0734598268151891,458.3310783596791,536.3423607355288
2,150,90,0125,rep_2,xanthan,1,epsilon_obs_mid,100.0,0.1,487.0,0.021825459525707958,1.0,487.0,466.1960580157137
2,150,90,0125,rep_2,xanthan,1,a_obs_m2_m3_mid,100.0,0.12561203910774751,487.0,0.12556747070945182,1.2561203910774752,387.70169122265503,378.34128370472723
2,150,90,025,rep_1,xanthan,1,epsilon_obs_mid,100.0,0.10703588436764451,500.0,0.001820060275798709,1.070358843676445,467.1330581831893,498.1832463253953
2,150,90,025,rep_1,xanthan,1,a_obs_m2_m3_mid,100.0,0.15451988457433746,500.0,0.05266743295840595,1.5451988457433745,323.58294945493355,449.9676428571653
2,150,90,025,rep_2,xanthan,1,epsilon_obs_mid,100.0,0.1,499.0,-0.020788761473707104,1.0,499.0,520.1876489305658
2,150,90,025,rep_2,xanthan,1,a_obs_m2_m3_mid,100.0,0.11399129260398047,499.0,-0.04018862722443807,1.1399129260398047,437.7527340913541,540.7876377667885
2,75,45,000,rep_1,water,10,epsilon_obs_mid,7.6923,0.05279068120981563,488.0,0.4767506286096716,6.862795420071452,71.10805001891185,172.91050248536723
2,75,45,000,rep_1,water,10,a_obs_m2_m3_mid,7.6923,0.07313621628220918,488.0,0.4926014045752456,9.507717624404817,51.326724170623315,165.89192118423838
2,75,45,000,rep_2,water,10,epsilon_obs_mid,7.6923,0.030320730624109248,489.0,0.5311893684685447,3.941698922833125,124.0581814017717,149.71916834047107
2,75,45,000,rep_2,water,10,a_obs_m2_m3_mid,7.6923,0.03212103106253953,489.0,0.5632501086363061,4.175738213868352,117.10504225958084,136.61965906604266
2,75,45,0125,rep_1,xanthan,1,epsilon_obs_mid,100.0,0.1184655308375385,498.0,0.12011852169448048,1.184655308375385,420.3754429488424,391.1916174132021
2,75,45,0125,rep_1,xanthan,1,a_obs_m2_m3_mid,100.0,0.1332041695895893,498.0,0.11597741249444567,1.332041695895893,373.86217078216873,394.49118203363025
2,75,45,0125,rep_2,xanthan,1,epsilon_obs_mid,100.0,0.1,497.0,-0.013252813253022223,1.0,497.0,510.35022440442185
2,75,45,0125,rep_2,xanthan,1,a_obs_m2_m3_mid,100.0,0.11603739353622498,497.0,0.007453531195691959,1.1603739353622498,428.31020661011723,489.6460032357773
2,75,45,025,rep_1,xanthan,1,epsilon_obs_mid,100.0,0.1,497.0,-0.02963902802527115,1.0,497.0,527.3610663536526
2,75,45,025,rep_1,xanthan,1,a_obs_m2_m3_mid,100.0,0.1,497.0,-0.022438604548155026,1.0,497.0,519.8159305641942
2,75,45,025,rep_2,xanthan,1,epsilon_obs_mid,100.0,0.1,499.0,-0.018770204841642987,1.0,499.0,518.0910065352596
2,75,45,025,rep_2,xanthan,1,a_obs_m2_m3_mid,100.0,0.1,499.0,0.006614024460671368,1.0,499.0,492.4425745605058
2,75,55,000,rep_1,water,10,epsilon_obs_mid,7.6923,0.04165434851488896,491.0,0.5569364856904132,5.415070722006287,90.67286933199725,139.7257932648027
2,75,55,000,rep_1,water,10,a_obs_m2_m3_mid,7.6923,0.06557508085411728,491.0,0.6100839059999006,8.524769035804283,57.59686836532291,118.90610262025726
2,75,55,000,rep_2,water,10,epsilon_obs_mid,7.6923,0.08212272979756403,491.0,0.550388935105934,10.675965549648874,45.991156276834246,142.38945329411973
2,75,55,000,rep_2,water,10,a_obs_m2_m3_mid,7.6923,0.08994432636848003,491.0,0.570148001412398,11.692774120676525,41.99174592210386,134.41874977177937
2,75,55,0125,rep_1,xanthan,1,epsilon_obs_mid,100.0,0.21854324021397384,494.0,-0.03498654668192101,2.1854324021397384,226.04222373399824,529.8199235491326
2,75,55,0125,rep_1,xanthan,1,a_obs_m2_m3_mid,100.0,0.22335940304087365,494.0,-0.019078975141228898,2.2335940304087365,221.16821287778984,513.2166616494412
2,75,55,0125,rep_2,xanthan,1,epsilon_obs_mid,100.0,0.1421839900354162,494.0,0.03992015018221199,1.421839900354162,347.4371480762011,456.07294533804867
2,75,55,0125,rep_2,xanthan,1,a_obs_m2_m3_mid,100.0,0.1716430561859531,494.0,0.0720996406517038,1.716430561859531,287.80657428099784,427.55613390507096
2,75,55,025,rep_1,xanthan,1,epsilon_obs_mid,100.0,0.10075030773388285,500.0,0.03538242928909449,1.0075030773388285,496.2763997909333,465.826704908071
2,75,55,025,rep_1,xanthan,1,a_obs_m2_m3_mid,100.0,0.15357982117542535,500.0,0.09849280854271993,1.5357982117542532,325.56360345600285,410.33823091351667
2,75,55,025,rep_2,xanthan,1,epsilon_obs_mid,100.0,0.11530750080774407,499.0,-0.016596246478210674,1.1530750080774408,432.7558888228779,515.8425775536632
2,75,55,025,rep_2,xanthan,1,a_obs_m2_m3_mid,100.0,0.11943863103773357,499.0,0.03380247513456954,1.1943863103773358,417.7877757510078,466.3681665543418
2,75,70,000,rep_1,water,10,epsilon_obs_mid,7.6923,0.049929300081235306,491.0,0.6464928073035193,6.49081550137609,75.64534839973578,105.41924680389765
2,75,70,000,rep_1,water,10,a_obs_m2_m3_mid,7.6923,0.11597807256150118,491.0,0.707793641341075,15.077164510159662,32.5658050404068,84.01092417047951
2,75,70,000,rep_2,water,10,epsilon_obs_mid,7.6923,0.06980498130101755,489.0,0.730694276997808,9.074656643788925,53.88633633148997,76.09113885585391
2,75,70,000,rep_2,water,10,a_obs_m2_m3_mid,7.6923,0.10900205662294811,489.0,0.731180743664665,14.170281531264784,34.50884154426209,75.93234665359793
2,75,70,0125,rep_1,xanthan,1,epsilon_obs_mid,100.0,0.10470576782180868,494.0,-0.016034029970141212,1.0470576782180867,471.7982688792308,510.0997657368362
2,75,70,0125,rep_1,xanthan,1,a_obs_m2_m3_mid,100.0,0.1,494.0,0.025577485980119812,1.0,494.0,469.3596812587906
2,75,70,0125,rep_2,xanthan,1,epsilon_obs_mid,100.0,0.1,484.0,-0.02037037504187332,1.0,484.0,504.1285491354717
2,75,70,0125,rep_2,xanthan,1,a_obs_m2_m3_mid,100.0,0.1,484.0,0.026598710774750817,1.0,484.0,458.9195554604509
2,75,70,025,rep_1,xanthan,1,epsilon_obs_mid,100.0,0.1,498.0,-0.017020737656909674,1.0,498.0,515.2461977131364
2,75,70,025,rep_1,xanthan,1,a_obs_m2_m3_mid,100.0,0.1,498.0,0.011245443942049101,1.0,498.0,486.9240913436217
2,75,70,025,rep_2,xanthan,1,epsilon_obs_mid,100.0,0.1,499.0,-0.0137840358820866,1.0,499.0,512.9487377114469
2,75,70,025,rep_2,xanthan,1,a_obs_m2_m3_mid,100.0,0.1,499.0,0.03312522133897082,1.0,499.0,467.001002963177
2,75,80,000,rep_1,water,10,epsilon_obs_mid,7.6923,0.08107583743070142,491.0,0.6565903400454571,10.539869405860589,46.58501743171356,101.7838502143226
2,75,80,000,rep_1,water,10,a_obs_m2_m3_mid,7.6923,0.11266830842969036,491.0,0.7179628381646382,14.646894742754489,33.52246388217458,80.60724212702185
2,75,80,000,rep_2,water,10,epsilon_obs_mid,7.6923,0.035555983842979685,487.0,0.5962605685424291,4.622282521869881,105.35920244939742,123.17606974366025
2,75,80,000,rep_2,water,10,a_obs_m2_m3_mid,7.6923,0.08986924070705327,487.0,0.6355709985486538,11.683012974929898,41.684452550470795,108.51068150773773
2,75,80,0125,rep_1,xanthan,1,epsilon_obs_mid,100.0,0.1,494.0,-0.01775724911840021,1.0,494.0,511.8613302192689
2,75,80,0125,rep_1,xanthan,1,a_obs_m2_m3_mid,100.0,0.13965353545697498,494.0,-0.001489871393844614,1.3965353545697499,353.73254130912676,495.4741892895702
2,75,80,0125,rep_2,xanthan,1,epsilon_obs_mid,100.0,0.12874925669479112,492.0,-0.018951931046872334,1.2874925669479111,382.1381285068849,511.00895658458654
2,75,80,0125,rep_2,xanthan,1,a_obs_m2_m3_mid,100.0,0.1215902350262622,492.0,0.05108398775462525,1.215902350262622,404.63775721276727,444.17637740069364
2,75,80,025,rep_1,xanthan,1,epsilon_obs_mid,100.0,0.12431756672686683,500.0,-0.018219095350333524,1.2431756672686682,402.1957742291804,518.5571905748511
2,75,80,025,rep_1,xanthan,1,a_obs_m2_m3_mid,100.0,0.18560448623587306,500.0,0.035640804771238814,1.8560448623587305,269.39004015483846,465.58574690467947
2,75,80,025,rep_2,xanthan,1,epsilon_obs_mid,100.0,0.10140218019309999,500.0,-0.01852717283143599,1.0140218019309999,493.0860451401054,518.8769085792062
2,75,80,025,rep_2,xanthan,1,a_obs_m2_m3_mid,100.0,0.11707974620338044,500.0,0.021586414934523228,1.1707974620338044,427.05934733702344,478.86971222507225
2,75,90,000,rep_1,water,10,epsilon_obs_mid,7.6923,0.03462011260755659,491.0,0.7689873575299092,4.500619139601496,109.09610095189598,64.11985194241095
2,75,90,000,rep_1,water,10,a_obs_m2_m3_mid,7.6923,0.06810639460339872,491.0,0.7897813943738714,8.853840152281986,55.45616269946434,57.67035889795815
2,75,90,000,rep_2,water,10,epsilon_obs_mid,7.6923,0.09453780739839321,491.0,0.5772868543468528,12.28992725171837,39.95141630568633,131.58808364103288
2,75,90,000,rep_2,water,10,a_obs_m2_m3_mid,7.6923,0.18546964922616743,491.0,0.69877139645024,24.111078510480276,20.36408283381346,87.06483088424459
2,75,90,0125,rep_1,xanthan,1,epsilon_obs_mid,100.0,0.1,495.0,-0.031227977480304182,1.0,495.0,526.9122528178425
2,75,90,0125,rep_1,xanthan,1,a_obs_m2_m3_mid,100.0,0.11447077356077738,495.0,0.01666414804464595,1.1447077356077737,432.42478809421476,478.77290416316026
2,75,90,0125,rep_2,xanthan,1,epsilon_obs_mid,100.0,0.11872302994341394,495.0,-0.014680072755738774,1.1872302994341393,416.93679839196164,509.749800167777
2,75,90,0125,rep_2,xanthan,1,a_obs_m2_m3_mid,100.0,0.1431151420386558,495.0,0.0409111784791325,1.4311514203865578,345.8753510975793,456.0897956216414
2,75,90,025,rep_1,xanthan,1,epsilon_obs_mid,100.0,0.1,499.0,-0.04540812945975082,1.0,499.0,546.4729720620646
2,75,90,025,rep_1,xanthan,1,a_obs_m2_m3_mid,100.0,0.10283527447438112,499.0,-0.0009634532685494111,1.0283527447438112,485.24205585148076,499.9624536411187
2,75,90,025,rep_2,xanthan,1,epsilon_obs_mid,100.0,0.1,499.0,-0.0062093353569825345,1.0,499.0,505.2356358403654
2,75,90,025,rep_2,xanthan,1,a_obs_m2_m3_mid,100.0,0.11932536810912202,499.0,0.08086439442981885,1.1932536810912202,418.18433741907154,424.33506880524845
3,100,45,000,rep_1,water,10,epsilon_obs_mid,7.6923,0.06603891709285191,491.0,0.5948270727499095,8.585067807138554,57.19232637763554,124.7407387791384
3,100,45,000,rep_1,water,10,a_obs_m2_m3_mid,7.6923,0.12362110525525936,491.0,0.6715924413216443,16.07075975394347,30.552382557988125,96.46377150615844
3,100,45,000,rep_2,water,10,epsilon_obs_mid,7.6923,0.0463125906363654,491.0,0.4339208628989992,6.020642803370305,81.5527537566491,193.8355619951454
3,100,45,000,rep_2,water,10,a_obs_m2_m3_mid,7.6923,0.03855123717770238,491.0,0.4410784756585324,5.011665844767155,97.97141613355353,190.43409022277817
3,100,45,0125,rep_1,xanthan,1,epsilon_obs_mid,100.0,0.1,497.0,0.00935747494888568,1.0,497.0,487.78489996850385
3,100,45,0125,rep_1,xanthan,1,a_obs_m2_m3_mid,100.0,0.1,497.0,0.08524301353850289,1.0,497.0,418.92388764522025
3,100,45,0125,rep_2,xanthan,1,epsilon_obs_mid,100.0,0.1,496.0,-0.014017349293857504,1.0,496.0,510.10289571479575
3,100,45,0125,rep_2,xanthan,1,a_obs_m2_m3_mid,100.0,0.13135814650445315,496.0,0.03645871938064267,1.3135814650445314,377.59363480603406,461.1051711473758
3,100,45,025,rep_1,xanthan,1,epsilon_obs_mid,100.0,0.15792646891528572,500.0,0.16153446149292244,1.5792646891528572,316.60303901824585,360.93011714409073
3,100,45,025,rep_1,xanthan,1,a_obs_m2_m3_mid,100.0,0.16536021396348458,500.0,0.1601706576724798,1.6536021396348457,302.3701941450147,361.94215772202676
3,100,45,025,rep_2,xanthan,1,epsilon_obs_mid,100.0,0.1126540380952364,500.0,-0.01857152611247301,1.126540380952364,443.836730981011,518.9229542514795
3,100,45,025,rep_2,xanthan,1,a_obs_m2_m3_mid,100.0,0.19613352334196743,500.0,0.07228495230217266,1.9613352334196743,254.9283730187358,432.5879262345532
3,100,55,000,rep_1,water,10,epsilon_obs_mid,7.6923,0.03679664128811231,491.0,0.4450616797218119,4.7835681510227515,102.64304479387874,188.5557682970628
3,100,55,000,rep_1,water,10,a_obs_m2_m3_mid,7.6923,0.040772363842466366,491.0,0.4054293932473523,5.300412599933227,92.63429794242536,207.71884330739215
3,100,55,000,rep_2,water,10,epsilon_obs_mid,7.6923,0.02198729525805709,491.0,0.5068487234832534,2.8583512418986636,171.77734940435542,160.6911649432164
3,100,55,000,rep_2,water,10,a_obs_m2_m3_mid,7.6923,0.024497535204766527,491.0,0.45821091137801956,3.18468276130241,154.1754820813613,182.42796048069832
3,100,55,0125,rep_1,xanthan,1,epsilon_obs_mid,100.0,0.16512763036903302,490.0,0.1883451529318542,1.6512763036903304,296.7401632936479,334.67622944577136
3,100,55,0125,rep_1,xanthan,1,a_obs_m2_m3_mid,100.0,0.2587127709815441,490.0,0.2550629264890395,2.5871277098154413,189.39923148786315,290.8373423486335
3,100,55,0125,rep_2,xanthan,1,epsilon_obs_mid,100.0,0.1,492.0,-0.007324387722883131,1.0,492.0,499.2603753231978
3,100,55,0125,rep_2,xanthan,1,a_obs_m2_m3_mid,100.0,0.18192984271261642,492.0,0.11381525945825374,1.819298427126164,270.4339170881287,391.44991832721496
3,100,55,025,rep_1,xanthan,1,epsilon_obs_mid,100.0,0.11526618127856794,500.0,0.12547564075392778,1.1526618127856794,433.7785762084301,388.51323279651365
3,100,55,025,rep_1,xanthan,1,a_obs_m2_m3_mid,100.0,0.14833257911525025,500.0,0.08646184886883487,1.4833257911525024,337.08036560971146,420.4188817501008
3,100,55,025,rep_2,xanthan,1,epsilon_obs_mid,100.0,0.1,500.0,-0.016059202266274632,1.0,500.0,516.3213094764067
3,100,55,025,rep_2,xanthan,1,a_obs_m2_m3_mid,100.0,0.1,500.0,0.05667886594623824,1.0,500.0,446.3613139499262
3,100,70,000,rep_1,water,10,epsilon_obs_mid,7.6923,0.06722367543240333,490.0,0.3892867753839803,8.739086545298978,56.069933334575566,215.39791881999383
3,100,70,000,rep_1,water,10,a_obs_m2_m3_mid,7.6923,0.08836412820784942,490.0,0.49800955180905704,11.487348154368577,42.6556236840141,164.2014360432564
3,100,70,000,rep_2,water,10,epsilon_obs_mid,7.6923,0.07885042084270304,484.0,0.5475651613649726,10.250564960116353,47.216909690654376,141.4987021975937
3,100,70,000,rep_2,water,10,a_obs_m2_m3_mid,7.6923,0.0503901454663549,484.0,0.44561689629156637,6.550725461351599,73.88494646211859,185.61032517204626
3,100,70,0125,rep_1,xanthan,1,epsilon_obs_mid,100.0,0.14354890959240582,492.0,0.011935777041094619,1.4354890959240583,342.7403255078632,480.3937252986756
3,100,70,0125,rep_1,xanthan,1,a_obs_m2_m3_mid,100.0,0.14897870895980708,492.0,0.05773336845173123,1.4897870895980707,330.24853244817456,438.29115781828904
3,100,70,0125,rep_2,xanthan,1,epsilon_obs_mid,100.0,0.1,487.0,-0.02101989922939052,1.0,487.0,507.91297037938836
3,100,70,0125,rep_2,xanthan,1,a_obs_m2_m3_mid,100.0,0.1,487.0,-0.017455848950701135,1.0,487.0,504.3040538278364
3,100,70,025,rep_1,xanthan,1,epsilon_obs_mid,100.0,0.1,499.0,0.05906813779011971,1.0,499.0,443.3378575834166
3,100,70,025,rep_1,xanthan,1,a_obs_m2_m3_mid,100.0,0.10635625044144179,499.0,0.08889577059891182,1.063562504414418,469.17787899521915,417.5248198650661
3,100,70,025,rep_2,xanthan,1,epsilon_obs_mid,100.0,0.10538389075486307,500.0,0.001213559862913173,1.0538389075486307,474.45581712585124,498.78791107955095
3,100,70,025,rep_2,xanthan,1,a_obs_m2_m3_mid,100.0,0.17345855775852342,500.0,0.12035482715566376,1.7345855775852344,288.2532902735558,392.57436640745465
3,100,80,000,rep_1,water,10,epsilon_obs_mid,7.6923,0.0213140257544256,470.0,0.18642078473251864,2.770826118901447,169.62450180249547,322.2989988850585
3,100,80,000,rep_1,water,10,a_obs_m2_m3_mid,7.6923,0.03061917451593855,470.0,0.29402499369115787,3.980496667568679,118.07571749258113,256.4156446613022
3,100,80,000,rep_2,water,10,epsilon_obs_mid,7.6923,0.05130044956881744,488.0,0.4852258591433762,6.6690651130113805,73.17367453016908,169.1391105208207
3,100,80,000,rep_2,water,10,a_obs_m2_m3_mid,7.6923,0.03333805718517736,488.0,0.4335067005833417,4.333951768024824,112.5993149255566,192.84788135474568
3,100,80,0125,rep_1,xanthan,1,epsilon_obs_mid,100.0,0.10547461170866144,490.0,0.013193608185024906,1.0547461170866144,464.5667730481551,477.2386324618787
3,100,80,0125,rep_1,xanthan,1,a_obs_m2_m3_mid,100.0,0.10458210398750344,490.0,0.02073374148134324,1.0458210398750343,468.5314038609802,470.09366612861425
3,100,80,0125,rep_2,xanthan,1,epsilon_obs_mid,100.0,0.10126476408587885,492.0,0.1292390009436961,1.0126476408587886,485.8550794457519,379.38329368510915
3,100,80,0125,rep_2,xanthan,1,a_obs_m2_m3_mid,100.0,0.134313103366516,492.0,0.2042238611105021,1.34313103366516,366.3082660352368,325.1238187329907
3,100,80,025,rep_1,xanthan,1,epsilon_obs_mid,100.0,0.10199333796926237,499.0,-0.007102592809222404,1.0199333796926238,489.2476410080657,506.1390936991761
3,100,80,025,rep_1,xanthan,1,a_obs_m2_m3_mid,100.0,0.12695296813262996,499.0,0.05781562591206539,1.2695296813262995,393.058947214756,444.4536374328074
3,100,80,025,rep_2,xanthan,1,epsilon_obs_mid,100.0,0.1,499.0,-0.0011813768664576843,1.0,499.0,500.1804086201616
3,100,80,025,rep_2,xanthan,1,a_obs_m2_m3_mid,100.0,0.13587605103627884,499.0,0.10132336214678216,1.3587605103627884,367.24646925952186,407.1825384822705
3,100,90,000,rep_1,water,10,epsilon_obs_mid,7.6923,0.023873401216070757,473.0,0.29353800679677056,3.10354526163446,152.40634826472547,258.32756442356884
3,100,90,000,rep_1,water,10,a_obs_m2_m3_mid,7.6923,0.018255973997954,473.0,0.21428409838525173,2.3732789930130127,199.30231607515287,306.0598602567435
3,100,90,000,rep_2,water,10,epsilon_obs_mid,7.6923,0.030448974604242906,478.0,0.25344881838518424,3.9583706569222343,120.75675610723655,284.6956808907547
3,100,90,000,rep_2,water,10,a_obs_m2_m3_mid,7.6923,0.03906468664578279,478.0,0.2364954814317612,5.078414342366105,94.12386776170239,295.1528455672395
3,100,90,0125,rep_1,xanthan,1,epsilon_obs_mid,100.0,0.1,491.0,0.0015380723767682734,1.0,491.0,489.49193244306525
3,100,90,0125,rep_1,xanthan,1,a_obs_m2_m3_mid,100.0,0.11857748648065933,491.0,0.06970485626866338,1.1857748648065933,414.07523010709536,427.01022893866747
3,100,90,0125,rep_2,xanthan,1,epsilon_obs_mid,100.0,0.1,486.0,-0.0030047987358802707,1.0,486.0,488.92946682950173
3,100,90,0125,rep_2,xanthan,1,a_obs_m2_m3_mid,100.0,0.1,486.0,0.042945989727324434,1.0,486.0,445.9753942906736
3,100,90,025,rep_1,xanthan,1,epsilon_obs_mid,100.0,0.1421138690683394,499.0,-0.008231592871672562,1.421138690683394,351.12688386524894,507.2833145590069
3,100,90,025,rep_1,xanthan,1,a_obs_m2_m3_mid,100.0,0.1490589197979656,499.0,0.0037749893781631036,1.4905891979796557,334.7669503283296,495.2467291581545
3,100,90,025,rep_2,xanthan,1,epsilon_obs_mid,100.0,0.11265115213275889,500.0,0.0243404440087572,1.126511521327589,443.8481014475131,476.2379351990625
3,100,90,025,rep_2,xanthan,1,a_obs_m2_m3_mid,100.0,0.11155110397408534,500.0,0.07577370443871417,1.1155110397408534,448.2250575629946,429.56352797426933
3,125,45,000,rep_1,water,10,epsilon_obs_mid,7.6923,0.048935668486753334,491.0,0.4098728671604383,6.361643264921199,77.18131614003383,205.51670223131686
3,125,45,000,rep_1,water,10,a_obs_m2_m3_mid,7.6923,0.06559567030700765,491.0,0.4213521789328422,8.52744566735666,57.57878961100438,199.8914022542183
3,125,45,000,rep_2,water,10,epsilon_obs_mid,7.6923,0.06222634468490175,488.0,0.40277918941539453,8.089432898470125,60.32561319499796,207.76167608156928
3,125,45,000,rep_2,water,10,a_obs_m2_m3_mid,7.6923,0.05372807476166724,488.0,0.42695906819524965,6.984656703673444,69.86742809325845,195.97196650805034
3,125,45,0125,rep_1,xanthan,1,epsilon_obs_mid,100.0,0.1287707532590543,498.0,0.10472623417261817,1.287707532590543,386.7337787472203,403.5808344100307
3,125,45,0125,rep_1,xanthan,1,a_obs_m2_m3_mid,100.0,0.1398059853149297,498.0,0.08865547259266786,1.398059853149297,356.20792548916666,416.88999511295725
3,125,45,0125,rep_2,xanthan,1,epsilon_obs_mid,100.0,0.1,493.0,0.05145822893333777,1.0,493.0,444.7452882747967
3,125,45,0125,rep_2,xanthan,1,a_obs_m2_m3_mid,100.0,0.1,493.0,0.12406446319278192,1.0,493.0,384.17389196645814
3,125,45,025,rep_1,xanthan,1,epsilon_obs_mid,100.0,0.1319794702439212,500.0,0.019968460264833173,1.319794702439212,378.8468002454566,480.42247280896476
3,125,45,025,rep_1,xanthan,1,a_obs_m2_m3_mid,100.0,0.1940124672344976,500.0,0.11895983405092633,1.940124672344976,257.7153969160464,393.68712760648367
3,125,45,025,rep_2,xanthan,1,epsilon_obs_mid,100.0,0.15998601775063961,500.0,0.09968859041765206,1.599860177506396,312.52731146750546,409.34834526218805
3,125,45,025,rep_2,xanthan,1,a_obs_m2_m3_mid,100.0,0.3151779951287599,500.0,0.17008151335492036,3.1517799512875992,158.64051670096276,354.6413122387914
3,125,55,000,rep_1,water,10,epsilon_obs_mid,7.6923,0.12322039901892405,491.0,0.6145201722394885,16.01866789112802,30.65173729408184,117.23024505037638
3,125,55,000,rep_1,water,10,a_obs_m2_m3_mid,7.6923,0.14593400455728683,491.0,0.6165711132121565,18.971439563886854,25.88100910036604,116.45858439147037
3,125,55,000,rep_2,water,10,epsilon_obs_mid,7.6923,0.02567539461443024,491.0,0.3187279941190311,3.3378046376805686,147.10267774724963,253.65697579736272
3,125,55,000,rep_2,water,10,a_obs_m2_m3_mid,7.6923,0.020297468391911083,491.0,0.20208318964838892,2.63867352962197,186.0783437162623,325.9151756354204
3,125,55,0125,rep_1,xanthan,1,epsilon_obs_mid,100.0,0.1,499.0,0.018547274168896313,1.0,499.0,480.8268821781863
3,125,55,0125,rep_1,xanthan,1,a_obs_m2_m3_mid,100.0,0.13927769594113318,499.0,0.06667423400861083,1.3927769594113317,358.27703540623355,436.6183623649276
3,125,55,0125,rep_2,xanthan,1,epsilon_obs_mid,100.0,0.13367597626272354,496.0,0.05885871247059087,1.3367597626272354,371.0464766123522,440.8577585629039
3,125,55,0125,rep_2,xanthan,1,a_obs_m2_m3_mid,100.0,0.15406159107029418,496.0,0.1150044906130203,1.5406159107029418,321.94916108174453,393.6825154978583
3,125,55,025,rep_1,xanthan,1,epsilon_obs_mid,100.0,0.11793086795803395,500.0,0.01592724804184399,1.1793086795803396,423.97720686489515,484.3224521514281
3,125,55,025,rep_1,xanthan,1,a_obs_m2_m3_mid,100.0,0.19407923781259165,500.0,0.05222511479333094,1.9407923781259164,257.62673309899026,450.36697560332556
3,125,55,025,rep_2,xanthan,1,epsilon_obs_mid,100.0,0.13011204937669493,500.0,0.11560458369533648,1.3011204937669494,384.2841630696485,396.37494737390995
3,125,55,025,rep_2,xanthan,1,a_obs_m2_m3_mid,100.0,0.1386619275234406,500.0,0.15872399440517052,1.386619275234406,360.58924676023685,363.0182897984681
3,125,70,000,rep_1,water,10,epsilon_obs_mid,7.6923,0.07544758747524988,472.0,0.33076098370018825,9.808196179978664,48.123017865760794,237.36855796237938
3,125,70,000,rep_1,water,10,a_obs_m2_m3_mid,7.6923,0.10160938892648486,472.0,0.41474022990487686,13.2092337696768,35.73257981727344,195.26030690699446
3,125,70,000,rep_2,water,10,epsilon_obs_mid,7.6923,0.0342374552277106,484.0,0.35504281043741176,4.450873630476008,108.7426964194078,230.36857385157214
3,125,70,000,rep_2,water,10,a_obs_m2_m3_mid,7.6923,0.045743054825842004,484.0,0.3560724520684844,5.9466030739625335,81.39100491156297,229.82616653222453
3,125,70,0125,rep_1,xanthan,1,epsilon_obs_mid,100.0,0.1,496.0,-0.014788526352488738,1.0,496.0,510.8904255929499
3,125,70,0125,rep_1,xanthan,1,a_obs_m2_m3_mid,100.0,0.11369535888406548,496.0,0.05143440163715422,1.1369535888406548,436.2535154190141,447.4730292782785
3,125,70,0125,rep_2,xanthan,1,epsilon_obs_mid,100.0,0.1,495.0,0.027112147028426233,1.0,495.0,468.8674830827416
3,125,70,0125,rep_2,xanthan,1,a_obs_m2_m3_mid,100.0,0.13139725356287627,495.0,0.10785610128823221,1.3139725356287626,376.7202027271692,398.617861425155
3,125,70,025,rep_1,xanthan,1,epsilon_obs_mid,100.0,0.13675926048927634,500.0,-0.01962957219501472,1.3675926048927634,365.6059547347482,520.0226074127559
3,125,70,025,rep_1,xanthan,1,a_obs_m2_m3_mid,100.0,0.14453555181243785,500.0,0.05125911065027031,1.4453555181243785,345.9356495548198,451.24026975750695
3,125,70,025,rep_2,xanthan,1,epsilon_obs_mid,100.0,0.1,500.0,0.03835999853751022,1.0,500.0,463.0571299052941
3,125,70,025,rep_2,xanthan,1,a_obs_m2_m3_mid,100.0,0.12865233884578253,500.0,0.08190559110935174,1.2865233884578253,388.64431419265327,424.2950662401436
3,125,80,000,rep_1,water,10,epsilon_obs_mid,7.6923,0.03505895599994766,475.0,0.46029975072609636,4.557668837662034,104.2199459677423,175.55136764053884
3,125,80,000,rep_1,water,10,a_obs_m2_m3_mid,7.6923,0.042353385331657376,475.0,0.40241928768876123,5.505945599061058,86.27037653277992,202.40083749535066
3,125,80,000,rep_2,water,10,epsilon_obs_mid,7.6923,0.02723325910495979,478.0,0.38289613173347803,3.5403272239719965,135.0157682497263,213.3028231568207
3,125,80,000,rep_2,water,10,a_obs_m2_m3_mid,7.6923,0.05016380875279255,478.0,0.33654522262957187,6.52130165916469,73.29825010138033,237.27695719799726
3,125,80,0125,rep_1,xanthan,1,epsilon_obs_mid,100.0,0.1268426743637953,489.0,0.050901750869074086,1.2684267436379528,385.5169425058853,441.629337320272
3,125,80,0125,rep_1,xanthan,1,a_obs_m2_m3_mid,100.0,0.14844183875926384,489.0,0.08280272594576986,1.4844183875926384,329.42195009658815,414.21161608248605
3,125,80,0125,rep_2,xanthan,1,epsilon_obs_mid,100.0,0.1231083553761143,492.0,0.07633725777505622,1.2310835537611429,399.6479349406196,422.2115938958291
3,125,80,0125,rep_2,xanthan,1,a_obs_m2_m3_mid,100.0,0.17283909606814388,492.0,0.17264198435558897,1.7283909606814387,284.65781827858154,347.13079450310244
3,125,80,025,rep_1,xanthan,1,epsilon_obs_mid,100.0,0.11430254848268073,500.0,-0.009332183260350735,1.1430254848268073,437.4355660808041,509.4200932973311
3,125,80,025,rep_1,xanthan,1,a_obs_m2_m3_mid,100.0,0.10928954785082198,500.0,0.03148567241977847,1.0928954785082199,457.50029150316357,469.47541467452885
3,125,80,025,rep_2,xanthan,1,epsilon_obs_mid,100.0,0.1,500.0,0.03303640145687789,1.0,500.0,468.0200993786017
3,125,80,025,rep_2,xanthan,1,a_obs_m2_m3_mid,100.0,0.11681134884879908,500.0,0.15504152379974814,1.168113488487991,428.0406013008216,365.76974021703825
3,125,90,000,rep_1,water,10,epsilon_obs_mid,7.6923,0.02721337415546665,459.0,0.40225849762950694,3.5377421779528424,129.74376789255058,195.6581828898614
3,125,90,000,rep_1,water,10,a_obs_m2_m3_mid,7.6923,0.031792168793266136,459.0,0.4111665491362552,4.132986076110674,111.05771748254706,191.52562403912427
3,125,90,000,rep_2,water,10,epsilon_obs_mid,7.6923,0.015981404378405884,470.0,0.21412647669426832,2.0775846467774115,226.2242362683165,304.2191757150053
3,125,90,000,rep_2,water,10,a_obs_m2_m3_mid,7.6923,0.01980458388179945,470.0,0.24312734797266977,2.5745984792324075,182.55273736513902,286.1574456011935
3,125,90,0125,rep_1,xanthan,1,epsilon_obs_mid,100.0,0.10832437164004223,486.0,0.004905644967647373,1.0832437164004223,448.6524986408041,481.2549904237957
3,125,90,0125,rep_1,xanthan,1,a_obs_m2_m3_mid,100.0,0.11017738316871074,486.0,0.0342112072502746,1.1017738316871075,441.10686424255084,453.8467094398642
3,125,90,0125,rep_2,xanthan,1,epsilon_obs_mid,100.0,0.1,490.0,0.014573131250352346,1.0,490.0,475.92347048680006
3,125,90,0125,rep_2,xanthan,1,a_obs_m2_m3_mid,100.0,0.10384049044991134,490.0,0.06535783542159164,1.0384049044991135,471.8775863605509,429.8787181324731
3,125,90,025,rep_1,xanthan,1,epsilon_obs_mid,100.0,0.14855623911496704,500.0,0.012346754988885648,1.4855623911496705,336.57287164698084,487.8038281566664
3,125,90,025,rep_1,xanthan,1,a_obs_m2_m3_mid,100.0,0.21252178157265064,500.0,0.13073387142045576,2.1252178157265065,235.27000211461845,384.38139625531454
3,125,90,025,rep_2,xanthan,1,epsilon_obs_mid,100.0,0.1,499.0,0.01462371866738537,1.0,499.0,484.6158781215768
3,125,90,025,rep_2,xanthan,1,a_obs_m2_m3_mid,100.0,0.11031480601454378,499.0,0.08419468788507707,1.103148060145438,452.3418188617513,421.4988837814583
3,150,45,000,rep_1,water,10,epsilon_obs_mid,7.6923,0.05408213196975872,483.0,0.32758949589719155,7.03068418675282,68.69886161435983,244.63456097336208
3,150,45,000,rep_1,water,10,a_obs_m2_m3_mid,7.6923,0.07762508019297608,483.0,0.44674580537900976,10.091270516357406,47.86315055344944,184.70540920762036
3,150,45,000,rep_2,water,10,epsilon_obs_mid,7.6923,0.05475013282207928,490.0,0.31313929757831815,7.117524384394691,68.84416175297333,256.3031544386104
3,150,45,000,rep_2,water,10,a_obs_m2_m3_mid,7.6923,0.09030713767301703,490.0,0.4661622361455191,11.73993963743185,41.73786366308687,178.41170495318454
3,150,45,0125,rep_1,xanthan,1,epsilon_obs_mid,100.0,0.1719471909088149,496.0,0.08015212778438087,1.7194719090881492,288.4606589839744,422.38915508577537
3,150,45,0125,rep_1,xanthan,1,a_obs_m2_m3_mid,100.0,0.16891899238586233,496.0,0.0923787318436028,1.6891899238586234,293.631872292362,412.10995406859115
3,150,45,0125,rep_2,xanthan,1,epsilon_obs_mid,100.0,0.1174180972509955,499.0,0.00013578808753540484,1.174180972509955,424.97707907268045,498.8645018876692
3,150,45,0125,rep_2,xanthan,1,a_obs_m2_m3_mid,100.0,0.12736520962916278,499.0,0.0779866867887449,1.2736520962916278,391.7867378799054,426.79993076999847
3,150,45,025,rep_1,xanthan,1,epsilon_obs_mid,100.0,0.10508274057745678,500.0,0.1389746105635891,1.050827405774568,475.81553093530954,377.98269665131386
3,150,45,025,rep_1,xanthan,1,a_obs_m2_m3_mid,100.0,0.10542819244890754,500.0,0.17207719721952422,1.0542819244890753,474.25644733718576,353.18612321122134
3,150,45,025,rep_2,xanthan,1,epsilon_obs_mid,100.0,0.11578462754704194,500.0,0.030388048171836275,1.1578462754704193,431.83625546219935,470.5081515398473
3,150,45,025,rep_2,xanthan,1,a_obs_m2_m3_mid,100.0,0.15797922836202577,500.0,0.09421401958686448,1.5797922836202576,316.49730485719186,413.89799627824516
3,150,55,000,rep_1,water,10,epsilon_obs_mid,7.6923,0.053186564684134366,451.0,0.23042350634511874,6.914260323197791,65.22751225996883,282.08092323376013
3,150,55,000,rep_1,water,10,a_obs_m2_m3_mid,7.6923,0.07164339548934442,451.0,0.4107253796360914,9.313650727265502,48.42354659915555,188.38737689165166
3,150,55,000,rep_2,water,10,epsilon_obs_mid,7.6923,0.09098937187930649,463.0,0.43117781969994035,11.828630172940017,39.14231768435795,184.01952982624093
3,150,55,000,rep_2,water,10,a_obs_m2_m3_mid,7.6923,0.11522901150920065,463.0,0.5833465493431583,14.979786475982559,30.90831773485815,121.8372236540039
3,150,55,0125,rep_1,xanthan,1,epsilon_obs_mid,100.0,0.1,494.0,0.002286697824433059,1.0,494.0,491.74589700188193
3,150,55,0125,rep_1,xanthan,1,a_obs_m2_m3_mid,100.0,0.1,494.0,0.0256937806032585,1.0,494.0,469.250454164703
3,150,55,0125,rep_2,xanthan,1,epsilon_obs_mid,100.0,0.14186544887650027,498.0,0.29653108854371696,1.4186544887650028,351.0368479033464,270.20371590065156
3,150,55,0125,rep_2,xanthan,1,a_obs_m2_m3_mid,100.0,0.15744243154614024,498.0,0.26731613873031806,1.5744243154614022,316.3060904925466,287.91281966775813
3,150,55,025,rep_1,xanthan,1,epsilon_obs_mid,100.0,0.1484157991532371,500.0,0.14589772087225827,1.484157991532371,336.89135715514857,372.67823452759745
3,150,55,025,rep_1,xanthan,1,a_obs_m2_m3_mid,100.0,0.1595309434389893,500.0,0.1390907447835064,1.5953094343898933,313.4188197108099,377.89318329511866
3,150,55,025,rep_2,xanthan,1,epsilon_obs_mid,100.0,0.17939598129447068,499.0,0.04075093121684659,1.7939598129447067,278.1556177565167,459.92299498895267
3,150,55,025,rep_2,xanthan,1,a_obs_m2_m3_mid,100.0,0.23676046932451658,499.0,0.0957867049284728,2.3676046932451658,210.76153524431643,411.7611869274725
3,150,70,000,rep_1,water,9,epsilon_obs_mid,7.6923,0.016662447238260766,443.0,0.37822443315256105,2.1661203070942063,204.51310970546825,199.8561115937822
3,150,70,000,rep_1,water,9,a_obs_m2_m3_mid,7.6923,0.03370334347511831,443.0,0.35946378682671815,4.381439033204413,101.10833373299438,208.72754771799785
3,150,70,000,rep_2,water,9,epsilon_obs_mid,7.6923,0.03827707384353966,436.0,0.2939461200524468,4.976024575684732,87.62014603595556,237.90750394201555
3,150,70,000,rep_2,water,9,a_obs_m2_m3_mid,7.6923,0.01933800493591247,436.0,0.41977669537197065,2.513943155611777,173.43272023742233,178.1810911831756
3,150,70,0125,rep_1,xanthan,1,epsilon_obs_mid,100.0,0.12719388407860793,494.0,0.024859584416179942,1.2719388407860792,388.38345379460213,470.0345028951675
3,150,70,0125,rep_1,xanthan,1,a_obs_m2_m3_mid,100.0,0.13971380380981077,494.0,0.0720343638286122,1.3971380380981078,353.57995167927066,427.6122480174088
3,150,70,0125,rep_2,xanthan,1,epsilon_obs_mid,100.0,0.12759522134428805,498.0,0.10057033008632461,1.2759522134428805,390.296748383903,406.9853269457823
3,150,70,0125,rep_2,xanthan,1,a_obs_m2_m3_mid,100.0,0.1569882403184833,498.0,0.15151147038096036,1.5698824031848329,317.2212128690044,366.9501334715218
3,150,70,025,rep_1,xanthan,1,epsilon_obs_mid,100.0,0.11345834057408481,499.0,0.16093656595434727,1.1345834057408481,439.8090060855141,360.650758936682
3,150,70,025,rep_1,xanthan,1,a_obs_m2_m3_mid,100.0,0.21604322265345688,499.0,0.18047629983053837,2.1604322265345686,230.97229983484308,346.4214626276415
3,150,70,025,rep_2,xanthan,1,epsilon_obs_mid,100.0,0.1,500.0,-0.0316613337963289,1.0,500.0,532.6965501857484
3,150,70,025,rep_2,xanthan,1,a_obs_m2_m3_mid,100.0,0.15611872297697799,500.0,-0.0014070414215343423,1.5611872297697797,320.26908141807723,501.4090239766334
3,150,80,000,rep_1,water,9,epsilon_obs_mid,7.6923,0.024687694775942928,423.0,0.18781807449085164,3.2094035302761106,131.80019153391052,289.2302801821153
3,150,80,000,rep_1,water,9,a_obs_m2_m3_mid,7.6923,0.03373680630627925,423.0,0.1861405196944027,4.385789205605509,96.44786380963332,290.23758522132226
3,150,80,000,rep_2,water,10,epsilon_obs_mid,7.6923,0.05284638059937499,468.0,0.2595043148346897,6.870036347955097,68.12191032137736,275.1494985571767
3,150,80,000,rep_2,water,10,a_obs_m2_m3_mid,7.6923,0.02246982912037133,468.0,0.21686147806202688,2.9210807067289792,160.214676342875,301.1919062888516
3,150,80,0125,rep_1,xanthan,1,epsilon_obs_mid,100.0,0.10178117373977559,489.0,0.020407756791072734,1.017811737397756,480.4424846290617,469.440381789693
3,150,80,0125,rep_1,xanthan,1,a_obs_m2_m3_mid,100.0,0.11621893482479995,489.0,0.05874180974277272,1.1621893482479995,420.7575992132156,434.73796047367824
3,150,80,0125,rep_2,xanthan,1,epsilon_obs_mid,100.0,0.10969444645497638,491.0,0.09238937952375866,1.0969444645497637,447.6069809072139,407.9468576013762
3,150,80,0125,rep_2,xanthan,1,a_obs_m2_m3_mid,100.0,0.11506177473191055,491.0,0.1602639845288098,1.1506177473191055,426.7272959625478,355.3591157651904
3,150,80,025,rep_1,xanthan,1,epsilon_obs_mid,100.0,0.1,500.0,0.013041340030334914,1.0,500.0,487.12654704698986
3,150,80,025,rep_1,xanthan,1,a_obs_m2_m3_mid,100.0,0.1,500.0,0.1290003959309485,1.0,500.0,385.73928193835786
3,150,80,025,rep_2,xanthan,1,epsilon_obs_mid,100.0,0.11682761003428341,500.0,0.08496317555127948,1.1682761003428341,427.98102251109435,421.690267959455
3,150,80,025,rep_2,xanthan,1,a_obs_m2_m3_mid,100.0,0.17417089942020217,500.0,0.18295766344428593,1.7417089942020216,287.074362975934,345.3387901376043
3,150,90,000,rep_1,water,10,epsilon_obs_mid,7.6923,0.039088368448556385,465.0,0.2570147361946193,5.08149297980531,91.50853929110728,274.8481284439065
3,150,90,000,rep_1,water,10,a_obs_m2_m3_mid,7.6923,0.03501772634884357,465.0,0.28531846977989506,4.552308977658642,102.14596642760401,258.556085021682
3,150,90,000,rep_2,water,10,epsilon_obs_mid,7.6923,0.013843747099123309,471.0,0.2357986806215462,1.7996889225749526,261.7118959237157,291.2600790658072
3,150,90,000,rep_2,water,10,a_obs_m2_m3_mid,7.6923,0.012876690962851595,471.0,0.20278094214094178,1.6739714991422066,281.3667976075785,312.1850065093703
3,150,90,0125,rep_1,xanthan,1,epsilon_obs_mid,100.0,0.1111185501397937,488.0,-0.006859366052648771,1.111185501397937,439.1705969759929,494.74098011756524
3,150,90,0125,rep_1,xanthan,1,a_obs_m2_m3_mid,100.0,0.12348667296360638,488.0,0.06913314645814445,1.2348667296360638,395.18434523199267,424.88910388132797
3,150,90,0125,rep_2,xanthan,1,epsilon_obs_mid,100.0,0.11409269407115763,491.0,0.022116325762385165,1.1409269407115763,430.351832777103,469.7517023735407
3,150,90,0125,rep_2,xanthan,1,a_obs_m2_m3_mid,100.0,0.11705125539648949,491.0,0.04136982390860001,1.1705125539648948,419.47435620133103,451.98872259831217
3,150,90,025,rep_1,xanthan,1,epsilon_obs_mid,100.0,0.15506199418337388,499.0,0.05333362784405968,1.5506199418337387,321.80677323799307,448.4680895194475
3,150,90,025,rep_1,xanthan,1,a_obs_m2_m3_mid,100.0,0.1509719973375793,499.0,0.11614393141748598,1.509719973375793,330.52487136685124,395.1499137414608
3,150,90,025,rep_2,xanthan,1,epsilon_obs_mid,100.0,0.10833746565867064,500.0,0.039525415442929354,1.0833746565867064,461.5208570369425,461.9774419598119
3,150,90,025,rep_2,xanthan,1,a_obs_m2_m3_mid,100.0,0.15650319409193889,500.0,0.04600067760016735,1.565031940919389,319.4822974068322,456.0223252381572
3,75,45,000,rep_1,water,10,epsilon_obs_mid,7.6923,0.04455189565424269,491.0,0.5024751818961525,5.791752226803776,84.77572602772791,162.58816693444294
3,75,45,000,rep_1,water,10,a_obs_m2_m3_mid,7.6923,0.05727868207062517,491.0,0.5104018754539486,7.4462361154173875,65.9393541098418,159.1580910079721
3,75,45,000,rep_2,water,10,epsilon_obs_mid,7.6923,0.0563214584668947,489.0,0.5269223461960885,7.321796922493234,66.78688376315752,151.50408485829084
3,75,45,000,rep_2,water,10,a_obs_m2_m3_mid,7.6923,0.0912288150038555,489.0,0.5505285694899696,11.859757810259024,41.23187065228273,141.75264735154346
3,75,45,0125,rep_1,xanthan,1,epsilon_obs_mid,100.0,0.11826196129600444,489.0,-0.008711346558844394,1.1826196129600444,413.4888299172163,497.59456718784645
3,75,45,0125,rep_1,xanthan,1,a_obs_m2_m3_mid,100.0,0.11564709979747856,489.0,-0.0001789555096826472,1.1564709979747856,422.8381004420671,489.1750498145985
3,75,45,0125,rep_2,xanthan,1,epsilon_obs_mid,100.0,0.1,491.0,-0.04218886040133086,1.0,491.0,534.2543110027581
3,75,45,0125,rep_2,xanthan,1,a_obs_m2_m3_mid,100.0,0.1,491.0,-0.022272669402694942,1.0,491.0,513.3700009900354
3,75,45,025,rep_1,xanthan,1,epsilon_obs_mid,100.0,0.1,500.0,-0.03562712831786373,1.0,500.0,536.943312451044
3,75,45,025,rep_1,xanthan,1,a_obs_m2_m3_mid,100.0,0.1,500.0,-0.025105626615194637,1.0,500.0,525.7521504899331
3,75,45,025,rep_2,xanthan,1,epsilon_obs_mid,100.0,0.1164105943664091,500.0,0.08778078391907773,1.164105943664091,429.5141715591804,419.30287313697585
3,75,45,025,rep_2,xanthan,1,a_obs_m2_m3_mid,100.0,0.11818101238340732,500.0,0.10003097171854186,1.1818101238340732,423.0798077595418,409.06531334998067
3,75,55,000,rep_1,water,10,epsilon_obs_mid,7.6923,0.05814799066202175,484.0,0.4826247638643645,7.559246345309172,64.02754691284035,168.89614985046606
3,75,55,000,rep_1,water,10,a_obs_m2_m3_mid,7.6923,0.09709745689447961,484.0,0.5206496808848982,12.622682018964369,38.343673656108614,152.5700214639182
3,75,55,000,rep_2,water,10,epsilon_obs_mid,7.6923,0.04816816073380277,484.0,0.6048437948835966,6.261867157261517,77.29323983482048,119.17396813701205
3,75,55,000,rep_2,water,10,a_obs_m2_m3_mid,7.6923,0.07454530905882882,484.0,0.567242741987667,9.690899868547614,49.94376235078545,133.64522754932457
3,75,55,0125,rep_1,xanthan,1,epsilon_obs_mid,100.0,0.11472315020967415,493.0,0.05771559024380342,1.1472315020967414,429.7301800891685,439.1976617293946
3,75,55,0125,rep_1,xanthan,1,a_obs_m2_m3_mid,100.0,0.17183423429384265,493.0,0.10292615768204845,1.7183423429384266,286.9044122819859,400.9855067652172
3,75,55,0125,rep_2,xanthan,1,epsilon_obs_mid,100.0,0.1,492.0,-0.03641768277558826,1.0,492.0,529.1893497946301
3,75,55,0125,rep_2,xanthan,1,a_obs_m2_m3_mid,100.0,0.1,492.0,-0.011162562920455907,1.0,492.0,503.1079551621437
3,75,55,025,rep_1,xanthan,1,epsilon_obs_mid,100.0,0.1,500.0,0.014842550850314176,1.0,500.0,485.37452845480516
3,75,55,025,rep_1,xanthan,1,a_obs_m2_m3_mid,100.0,0.10900012350229867,500.0,0.0928151732247211,1.0900012350229866,458.7150765837946,415.0678216236342
3,75,55,025,rep_2,xanthan,1,epsilon_obs_mid,100.0,0.1,500.0,-0.021225531600360288,1.0,500.0,521.6858247590636
3,75,55,025,rep_2,xanthan,1,a_obs_m2_m3_mid,100.0,0.12738709917059457,500.0,0.029943226328107128,1.2738709917059459,392.50442411786827,470.92730398853246
3,75,70,000,rep_1,water,10,epsilon_obs_mid,7.6923,0.04506011061073456,483.0,0.43611898919512,5.85782023721573,82.45387882192402,189.6462133485189
3,75,70,000,rep_1,water,10,a_obs_m2_m3_mid,7.6923,0.05851868521841597,483.0,0.47016812479428777,7.607436685830761,63.490505402379775,174.0677079093705
3,75,70,000,rep_2,water,10,epsilon_obs_mid,7.6923,0.03140241066558664,487.0,0.3834897763891428,4.0823174688437325,119.29498470336677,217.01676732451472
3,75,70,000,rep_2,water,10,a_obs_m2_m3_mid,7.6923,0.027481932805294942,487.0,0.4119413972960074,3.5726548373431797,136.31319625664136,202.8303299735358
3,75,70,0125,rep_1,xanthan,1,epsilon_obs_mid,100.0,0.1,492.0,0.0360461221368184,1.0,492.0,457.7646668186213
3,75,70,0125,rep_1,xanthan,1,a_obs_m2_m3_mid,100.0,0.13877180988323104,492.0,0.07837636885576305,1.3877180988323103,354.53886521620734,420.4829033893766
3,75,70,0125,rep_2,xanthan,1,epsilon_obs_mid,100.0,0.1,493.0,-0.01872723819026449,1.0,493.0,511.8174558331225
3,75,70,0125,rep_2,xanthan,1,a_obs_m2_m3_mid,100.0,0.1,493.0,0.060256924552752285,1.0,493.0,436.96327320939116
3,75,70,025,rep_1,xanthan,1,epsilon_obs_mid,100.0,0.11735972166753664,499.0,0.07768493518219105,1.1735972166753663,425.1884657784004,427.05915460002257
3,75,70,025,rep_1,xanthan,1,a_obs_m2_m3_mid,100.0,0.16739339560464828,499.0,0.09921476464980282,1.6739339560464828,298.1001718720995,408.9208468583038
3,75,70,025,rep_2,xanthan,1,epsilon_obs_mid,100.0,0.10162944208529974,500.0,-0.02811759280198026,1.0162944208529974,491.98341518035636,528.9310646985006
3,75,70,025,rep_2,xanthan,1,a_obs_m2_m3_mid,100.0,0.10760084226041348,500.0,-0.012079921241540136,1.0760084226041349,464.68037749175755,512.2276300495089
3,75,80,000,rep_1,water,10,epsilon_obs_mid,7.6923,0.047718491252455406,480.0,0.5765825249587669,6.203410066229269,77.37679677393423,128.91198830527907
3,75,80,000,rep_1,water,10,a_obs_m2_m3_mid,7.6923,0.04720686772830982,480.0,0.5141391298744461,6.136898941579219,78.2153991078238,154.02363828983414
3,75,80,000,rep_2,water,10,epsilon_obs_mid,7.6923,0.019540143085044325,483.0,0.5391300785554456,2.5402211412769033,190.14092598143185,144.62726390653202
3,75,80,000,rep_2,water,10,a_obs_m2_m3_mid,7.6923,0.049147913981640874,483.0,0.5101598433151318,6.389235206848521,75.59590222665146,156.66738638700545
3,75,80,0125,rep_1,xanthan,1,epsilon_obs_mid,100.0,0.1,495.0,-0.04957086616589904,1.0,495.0,546.6347360968065
3,75,80,0125,rep_1,xanthan,1,a_obs_m2_m3_mid,100.0,0.1,495.0,-0.0023261842507813044,1.0,495.0,497.3082919205854
3,75,80,0125,rep_2,xanthan,1,epsilon_obs_mid,100.0,0.11433310346264168,490.0,0.020259895284088104,1.1433310346264167,428.5722902292313,470.5395689175082
3,75,80,0125,rep_2,xanthan,1,a_obs_m2_m3_mid,100.0,0.12455320938564544,490.0,0.06390840157698811,1.2455320938564545,393.40616144450127,431.131930669394
3,75,80,025,rep_1,xanthan,1,epsilon_obs_mid,100.0,0.11474191297495308,500.0,0.12234231612094251,1.1474191297495309,435.7605577912446,390.99375977929446
3,75,80,025,rep_1,xanthan,1,a_obs_m2_m3_mid,100.0,0.14229278558535247,500.0,0.1837960719759257,1.4229278558535248,351.38815924021776,344.7400896768109
3,75,80,025,rep_2,xanthan,1,epsilon_obs_mid,100.0,0.1,500.0,-0.029064366189195587,1.0,500.0,529.9343902696428
3,75,80,025,rep_2,xanthan,1,a_obs_m2_m3_mid,100.0,0.1,500.0,0.014315773993236075,1.0,500.0,485.88627490542063
3,75,90,000,rep_1,water,10,epsilon_obs_mid,7.6923,0.05665530407695478,488.0,0.4452358256124385,7.365196895201016,66.25756336778574,187.32231259656646
3,75,90,000,rep_1,water,10,a_obs_m2_m3_mid,7.6923,0.0495491614607177,488.0,0.37007552446758657,6.441397431290731,75.75995817761772,224.36948808298365
3,75,90,000,rep_2,water,10,epsilon_obs_mid,7.6923,0.029228351681302008,482.0,0.49996582709552356,3.7996895182587793,126.85246983571388,160.68130819130238
3,75,90,000,rep_2,water,10,a_obs_m2_m3_mid,7.6923,0.037494642222479384,482.0,0.3763438184212726,4.874308363230683,98.88582421989635,218.40638617881885
3,75,90,0125,rep_1,xanthan,1,epsilon_obs_mid,100.0,0.1,490.0,0.027716517198694984,1.0,490.0,463.57035096725053
3,75,90,0125,rep_1,xanthan,1,a_obs_m2_m3_mid,100.0,0.1349496553750195,490.0,0.0828565635688269,1.3494965537501948,363.09837075041827,415.01367676081014
3,75,90,0125,rep_2,xanthan,1,epsilon_obs_mid,100.0,0.11837222747860394,488.0,0.12495820738023224,1.1837222747860394,412.25886375096485,379.58778557016666
3,75,90,0125,rep_2,xanthan,1,a_obs_m2_m3_mid,100.0,0.14118554984105286,488.0,0.130905239912424,1.4118554984105285,345.64443779791344,375.02544683193827
3,75,90,025,rep_1,xanthan,1,epsilon_obs_mid,100.0,0.1,500.0,-0.021793936671485277,1.0,500.0,522.27949456511
3,75,90,025,rep_1,xanthan,1,a_obs_m2_m3_mid,100.0,0.14765504846774588,500.0,0.003723845383931294,1.4765504846774586,338.627094155349,496.28997019343814
3,75,90,025,rep_2,xanthan,1,epsilon_obs_mid,100.0,0.1,499.0,-0.015753498854676654,1.0,499.0,514.973632457593
3,75,90,025,rep_2,xanthan,1,a_obs_m2_m3_mid,100.0,0.1,499.0,0.029568657637733694,1.0,499.0,470.33797721643396
4,100,45,000,rep_1,water,10,epsilon_obs_mid,7.6923,0.16735422191617902,490.0,0.7153581890007223,21.75607060517388,22.522449429975264,81.30924974386636
4,100,45,000,rep_1,water,10,a_obs_m2_m3_mid,7.6923,0.2306937831426954,490.0,0.8029814089022487,29.9902217987722,16.33865875643709,53.544151460039906
4,100,45,000,rep_2,water,10,epsilon_obs_mid,7.6923,0.11451477749156073,491.0,0.7894267268085648,14.886935960838855,32.98193807588146,57.779106340606035
4,100,45,000,rep_2,water,10,a_obs_m2_m3_mid,7.6923,0.15135093063796265,491.0,0.7912329727466255,19.6756406585758,24.954714741956487,57.22572771995663
4,100,45,0125,rep_1,xanthan,1,epsilon_obs_mid,100.0,0.1,493.0,-0.018536081949410546,1.0,493.0,511.6217511066736
4,100,45,0125,rep_1,xanthan,1,a_obs_m2_m3_mid,100.0,0.13476055372824103,493.0,0.11538803204956648,1.3476055372824103,365.8340563026974,390.99729212459704
4,100,45,0125,rep_2,xanthan,1,epsilon_obs_mid,100.0,0.10580533132090028,492.0,-0.023633434505979982,1.0580533132090029,465.0049235305524,515.8182055549164
4,100,45,0125,rep_2,xanthan,1,a_obs_m2_m3_mid,100.0,0.13437928089294146,492.0,0.01900711328906759,1.3437928089294147,366.1278708523311,473.6458597466758
4,100,45,025,rep_1,xanthan,1,epsilon_obs_mid,100.0,0.10335254892739923,500.0,0.0066284267046791395,1.0335254892739922,483.7810051024758,493.41522002674003
4,100,45,025,rep_1,xanthan,1,a_obs_m2_m3_mid,100.0,0.1,500.0,0.016269863359914444,1.0,500.0,483.99060727224133
4,100,45,025,rep_2,xanthan,1,epsilon_obs_mid,100.0,0.1,499.0,-0.02897779681210627,1.0,499.0,528.7828835669642
4,100,45,025,rep_2,xanthan,1,a_obs_m2_m3_mid,100.0,0.12205478658982835,499.0,-0.027535244942293462,1.2205478658982836,408.83279873071774,527.2582729188763
4,100,55,000,rep_1,water,10,epsilon_obs_mid,7.6923,0.07472745231135307,490.0,0.6571138147714024,9.714578515054413,50.439656156019595,101.38967478536787
4,100,55,000,rep_1,water,10,a_obs_m2_m3_mid,7.6923,0.13846631409415633,490.0,0.7266887913621081,18.000638832879154,27.221256120365467,77.56029511659801
4,100,55,000,rep_2,water,10,epsilon_obs_mid,7.6923,0.056054038433559335,491.0,0.6563009330537757,7.287032283394996,67.37996771591703,101.88742788392614
4,100,55,000,rep_2,water,10,a_obs_m2_m3_mid,7.6923,0.10413232316875544,491.0,0.7216052150686872,13.537215549153755,36.27038353767615,79.3979004041417
4,100,55,0125,rep_1,xanthan,1,epsilon_obs_mid,100.0,0.1,491.0,-0.009136558329479674,1.0,491.0,500.05483026442346
4,100,55,0125,rep_1,xanthan,1,a_obs_m2_m3_mid,100.0,0.13928951797852368,491.0,0.07536584162885605,1.392895179785237,352.5031941568673,422.17760150588856
4,100,55,0125,rep_2,xanthan,1,epsilon_obs_mid,100.0,0.11961412672595773,495.0,0.03222717986517707,1.1961412672595773,413.8307184519025,464.0911955344051
4,100,55,0125,rep_2,xanthan,1,a_obs_m2_m3_mid,100.0,0.17488113228228705,495.0,0.0664053521461545,1.7488113228228703,283.04940249414,433.3524299719729
4,100,55,025,rep_1,xanthan,1,epsilon_obs_mid,100.0,0.15876159428839717,497.0,-0.010985861979159189,1.5876159428839716,313.04800271605893,508.0412443942779
4,100,55,025,rep_1,xanthan,1,a_obs_m2_m3_mid,100.0,0.1150603522805993,497.0,0.0910363761367534,1.150603522805993,431.94722608528014,414.06036585109183
4,100,55,025,rep_2,xanthan,1,epsilon_obs_mid,100.0,0.1,499.0,0.030550045639536057,1.0,499.0,469.41488118188755
4,100,55,025,rep_2,xanthan,1,a_obs_m2_m3_mid,100.0,0.12427716188180217,499.0,0.03803462990751395,1.2427716188180218,401.5218825761326,462.4322790839059
4,100,70,000,rep_1,water,10,epsilon_obs_mid,7.6923,0.0834286471556983,486.0,0.4406401501968462,10.845734975975754,44.81024117558951,188.7000629318764
4,100,70,000,rep_1,water,10,a_obs_m2_m3_mid,7.6923,0.14176364988715362,486.0,0.5887419940218742,18.429292914622888,26.371060585530056,125.80481390776232
4,100,70,000,rep_2,water,10,epsilon_obs_mid,7.6923,0.10607843934140306,489.0,0.6609016674542968,13.790210904593302,35.459936282564165,99.83678616507363
4,100,70,000,rep_2,water,10,a_obs_m2_m3_mid,7.6923,0.16243288134451037,489.0,0.6965176588911584,21.11629569108204,23.157470758780736,87.47498973822617
4,100,70,0125,rep_1,xanthan,1,epsilon_obs_mid,100.0,0.1,485.0,-0.01311848644550466,1.0,485.0,497.89408270128354
4,100,70,0125,rep_1,xanthan,1,a_obs_m2_m3_mid,100.0,0.1095571498212315,485.0,0.07402582375340376,1.095571498212315,442.6913266650261,418.1440199548796
4,100,70,0125,rep_2,xanthan,1,epsilon_obs_mid,100.0,0.11627211125690624,487.0,-0.016539387638318474,1.1627211125690624,418.8450650250608,503.38028341677784
4,100,70,0125,rep_2,xanthan,1,a_obs_m2_m3_mid,100.0,0.1312165573513386,487.0,0.00909697789510812,1.3121655735133864,371.1421864971157,478.2194202698758
4,100,70,025,rep_1,xanthan,1,epsilon_obs_mid,100.0,0.1,499.0,-0.039310267868881955,1.0,499.0,539.8369591357199
4,100,70,025,rep_1,xanthan,1,a_obs_m2_m3_mid,100.0,0.1,499.0,-0.012299591080165588,1.0,499.0,511.42784936317815
4,100,70,025,rep_2,xanthan,1,epsilon_obs_mid,100.0,0.12992301376189536,498.0,0.07285708064838382,1.2992301376189537,383.30391635824,430.3622375853314
4,100,70,025,rep_2,xanthan,1,a_obs_m2_m3_mid,100.0,0.11937974321527128,498.0,0.06744158921896988,1.193797432152713,417.1561996929265,435.0721325264808
4,100,80,000,rep_1,water,10,epsilon_obs_mid,7.6923,0.08815479584756261,486.0,0.32150935901137606,11.460134920318058,42.40787768897505,249.52260025396666
4,100,80,000,rep_1,water,10,a_obs_m2_m3_mid,7.6923,0.12532956315428948,486.0,0.515826403167411,16.292859502917135,29.829018037808815,155.2343774781513
4,100,80,000,rep_2,water,10,epsilon_obs_mid,7.6923,0.027280262420210637,479.0,0.5063559098771004,3.5464376610650437,135.0651120302365,156.9718800307695
4,100,80,000,rep_2,water,10,a_obs_m2_m3_mid,7.6923,0.03496822245848969,479.0,0.4766986530292455,4.545873465477126,105.37028882077014,169.74441243295908
4,100,80,0125,rep_1,xanthan,1,epsilon_obs_mid,100.0,0.12437356575389687,482.0,0.04278031199429375,1.2437356575389686,387.54215743380183,442.451669169292
4,100,80,0125,rep_1,xanthan,1,a_obs_m2_m3_mid,100.0,0.1731590078918312,482.0,0.07692208014371427,1.731590078918312,278.3568731816108,413.14368567069874
4,100,80,0125,rep_2,xanthan,1,epsilon_obs_mid,100.0,0.10299756335573337,475.0,-0.03264626582654268,1.0299756335573338,461.1759584636417,507.06061179028274
4,100,80,0125,rep_2,xanthan,1,a_obs_m2_m3_mid,100.0,0.1772050952809243,475.0,0.09231623327706776,1.772050952809243,268.05098309785035,394.71150941325527
4,100,80,025,rep_1,xanthan,1,epsilon_obs_mid,100.0,0.1,499.0,-0.04866224172912004,1.0,499.0,550.0490799124085
4,100,80,025,rep_1,xanthan,1,a_obs_m2_m3_mid,100.0,0.1,499.0,-0.0342339934882136,1.0,499.0,534.3766080715953
4,100,80,025,rep_2,xanthan,1,epsilon_obs_mid,100.0,0.1,497.0,-0.011616431260831594,1.0,497.0,508.68244094546833
4,100,80,025,rep_2,xanthan,1,a_obs_m2_m3_mid,100.0,0.13364117939169157,497.0,0.11386052775867826,1.3364117939169158,371.89136032938836,395.39179881895734
4,100,90,000,rep_1,water,10,epsilon_obs_mid,7.6923,0.08965015591357663,466.0,0.42576589271338383,11.654531923296885,39.98444579901892,187.6837532466884
4,100,90,000,rep_1,water,10,a_obs_m2_m3_mid,7.6923,0.09849309663130555,466.0,0.44521459843317,12.804115366185087,36.394548680081286,178.8869261426145
4,100,90,000,rep_2,water,10,epsilon_obs_mid,7.6923,0.06623510668431959,483.0,0.5915932435827579,8.610572479534026,56.09383129263645,123.93899266968772
4,100,90,000,rep_2,water,10,a_obs_m2_m3_mid,7.6923,0.10969348035966948,483.0,0.6431716717737969,14.260166706923739,33.87057177708091,104.88744754661397
4,100,90,0125,rep_1,xanthan,1,epsilon_obs_mid,100.0,0.11107610064391178,482.0,0.02026599422020915,1.1107610064391178,433.9367309491693,462.85164208259886
4,100,90,0125,rep_1,xanthan,1,a_obs_m2_m3_mid,100.0,0.1,482.0,-0.008316667138418778,1.0,482.0,490.08450324389463
4,100,90,0125,rep_2,xanthan,1,epsilon_obs_mid,100.0,0.1,487.0,-0.028217015748996318,1.0,487.0,515.2813897597775
4,100,90,0125,rep_2,xanthan,1,a_obs_m2_m3_mid,100.0,0.1,487.0,0.05232932839988903,1.0,487.0,438.56576512127424
4,100,90,025,rep_1,xanthan,1,epsilon_obs_mid,100.0,0.1,496.0,0.048664014457612335,1.0,496.0,449.96552024632985
4,100,90,025,rep_1,xanthan,1,a_obs_m2_m3_mid,100.0,0.10561706553713184,496.0,-0.02378154160914312,1.0561706553713184,469.62107636442624,520.1659938648943
4,100,90,025,rep_2,xanthan,1,epsilon_obs_mid,100.0,0.1,499.0,0.02348077017761668,1.0,499.0,476.103811502785
4,100,90,025,rep_2,xanthan,1,a_obs_m2_m3_mid,100.0,0.1,499.0,0.045559178297805036,1.0,499.0,455.51316454872256
4,125,45,000,rep_1,water,10,epsilon_obs_mid,7.6923,0.16603850394960834,491.0,0.770634457674059,21.58502709847618,22.747249644855103,63.603461908210534
4,125,45,000,rep_1,water,10,a_obs_m2_m3_mid,7.6923,0.20038070133795846,491.0,0.8770043753974975,26.049517223451822,18.84871783949851,32.17406015211851
4,125,45,000,rep_2,water,10,epsilon_obs_mid,7.6923,0.16014518136308206,491.0,0.8118108128986494,20.818894396095065,23.58434557850946,50.99919385012078
4,125,45,000,rep_2,water,10,a_obs_m2_m3_mid,7.6923,0.2116248547492003,491.0,0.8957961398944361,27.511258628654666,17.847238711521303,26.988184138132524
4,125,45,0125,rep_1,xanthan,1,epsilon_obs_mid,100.0,0.11822704756221386,495.0,-0.022812942635355316,1.1822704756221385,418.68591849891146,518.112067478575
4,125,45,0125,rep_1,xanthan,1,a_obs_m2_m3_mid,100.0,0.1158289507293625,495.0,-0.010744233009647317,1.158289507293625,427.3542986300385,505.7523160687872
4,125,45,0125,rep_2,xanthan,1,epsilon_obs_mid,100.0,0.10817960344109756,497.0,0.014543046633126345,1.0817960344109756,459.4211701567295,482.75142927517885
4,125,45,0125,rep_2,xanthan,1,a_obs_m2_m3_mid,100.0,0.12251141762356954,497.0,0.004372618766166079,1.2251141762356954,405.67647460181206,492.6725392823746
4,125,45,025,rep_1,xanthan,1,epsilon_obs_mid,100.0,0.1,498.0,-0.013865461405702722,1.0,498.0,512.0041738927081
4,125,45,025,rep_1,xanthan,1,a_obs_m2_m3_mid,100.0,0.1,498.0,0.02128231980100583,1.0,498.0,477.2445339444121
4,125,45,025,rep_2,xanthan,1,epsilon_obs_mid,100.0,0.10718677423747576,499.0,0.07399862257969217,1.0718677423747576,465.54251077138434,430.2376908294843
4,125,45,025,rep_2,xanthan,1,a_obs_m2_m3_mid,100.0,0.1,499.0,0.018243943076635377,1.0,499.0,481.1187689705592
4,125,55,000,rep_1,water,10,epsilon_obs_mid,7.6923,0.1223898243354638,491.0,0.7788411318927749,15.910693074303367,30.85974933379814,61.04480174972312
4,125,55,000,rep_1,water,10,a_obs_m2_m3_mid,7.6923,0.13622451265797866,491.0,0.8307167186085809,17.70920435474158,27.72569507723459,45.401940299294324
4,125,55,000,rep_2,water,10,epsilon_obs_mid,7.6923,0.17158277451318715,491.0,0.8052530403809111,22.30578299249732,22.01222885406671,52.96806322109645
4,125,55,000,rep_2,water,10,a_obs_m2_m3_mid,7.6923,0.2095414192998727,491.0,0.8767957290212841,27.2404117493952,18.024690834965128,32.23222224727445
4,125,55,0125,rep_1,xanthan,1,epsilon_obs_mid,100.0,0.1033199637367349,492.0,0.05383914847509921,1.0331996373673489,476.1906433239212,441.7288346365229
4,125,55,0125,rep_1,xanthan,1,a_obs_m2_m3_mid,100.0,0.10861190367408938,492.0,-0.015085769859538604,1.0861190367408937,452.9890217893053,507.07176674629727
4,125,55,0125,rep_2,xanthan,1,epsilon_obs_mid,100.0,0.1394542985797732,492.0,0.04488341199958399,1.394542985797732,352.80375363872855,449.7318608943442
4,125,55,0125,rep_2,xanthan,1,a_obs_m2_m3_mid,100.0,0.1414679893003822,492.0,0.07709888670184263,1.414679893003822,347.7818568236841,421.56514443449254
4,125,55,025,rep_1,xanthan,1,epsilon_obs_mid,100.0,0.13982032340752454,499.0,0.0714867270899263,1.3982032340752453,356.8866012028878,432.4161106880806
4,125,55,025,rep_1,xanthan,1,a_obs_m2_m3_mid,100.0,0.1532689807719215,499.0,0.11504072548271913,1.532689807719215,325.57142187991604,396.034573349731
4,125,55,025,rep_2,xanthan,1,epsilon_obs_mid,100.0,0.1,500.0,0.003528028523963494,1.0,500.0,496.4843747023662
4,125,55,025,rep_2,xanthan,1,a_obs_m2_m3_mid,100.0,0.1,500.0,0.026138080427740087,1.0,500.0,474.52771617554185
4,125,70,000,rep_1,water,10,epsilon_obs_mid,7.6923,0.17472661972038575,489.0,0.567252160585376,22.714483278133425,21.528114639999146,135.02210990394323
4,125,70,000,rep_1,water,10,a_obs_m2_m3_mid,7.6923,0.21052927548054642,489.0,0.7876938634799704,27.368833181304215,17.867038640654886,58.073534221457976
4,125,70,000,rep_2,water,10,epsilon_obs_mid,7.6923,0.17847681510597124,487.0,0.770295006590013,23.202009165785427,20.98956157288951,63.19078536302456
4,125,70,000,rep_2,water,10,a_obs_m2_m3_mid,7.6923,0.2664490635895472,487.0,0.8856960954350722,34.63841290505403,14.059535618300302,29.520134054409464
4,125,70,0125,rep_1,xanthan,1,epsilon_obs_mid,100.0,0.10698204635509781,489.0,0.06641028207268718,1.069820463550978,457.0860407520132,428.0954335691025
4,125,70,0125,rep_1,xanthan,1,a_obs_m2_m3_mid,100.0,0.11062250758018707,489.0,0.059836087992429066,1.1062250758018708,442.0438577072916,433.78420321821153
4,125,70,0125,rep_2,xanthan,1,epsilon_obs_mid,100.0,0.1,484.0,-0.05411259820879801,1.0,484.0,539.377622079461
4,125,70,0125,rep_2,xanthan,1,a_obs_m2_m3_mid,100.0,0.1,484.0,-0.0920405446230715,1.0,484.0,582.1269005653412
4,125,70,025,rep_1,xanthan,1,epsilon_obs_mid,100.0,0.11784918868965394,500.0,0.044115603979613206,1.1784918868965395,424.2710582562503,457.7483529491678
4,125,70,025,rep_1,xanthan,1,a_obs_m2_m3_mid,100.0,0.1260764920062669,500.0,0.04642782921804245,1.2607649200626687,396.58463845515826,455.6320771278261
4,125,70,025,rep_2,xanthan,1,epsilon_obs_mid,100.0,0.13464246819122694,497.0,0.037415923933460646,1.3464246819122692,369.1257347526727,461.14993491824856
4,125,70,025,rep_2,xanthan,1,a_obs_m2_m3_mid,100.0,0.128137236602217,497.0,0.029849717140182103,1.2813723660221699,387.8653958668257,468.1893703095494
4,125,80,000,rep_1,water,10,epsilon_obs_mid,7.6923,0.14866473492181662,484.0,0.5902503280719048,19.326434866271022,25.043418682702256,124.70919685559774
4,125,80,000,rep_1,water,10,a_obs_m2_m3_mid,7.6923,0.21261598286860547,484.0,0.7249963741806312,27.640105413024123,17.51078705264045,77.16059980694014
4,125,80,000,rep_2,water,10,epsilon_obs_mid,7.6923,0.10291551470709012,487.0,0.6607342620146487,13.379030290952006,36.400246461012145,99.48756894943178
4,125,80,000,rep_2,water,10,a_obs_m2_m3_mid,7.6923,0.1644680246097281,487.0,0.7537856679441636,21.380864580129234,22.77737638601406,68.37003055895076
4,125,80,0125,rep_1,xanthan,1,epsilon_obs_mid,100.0,0.1,485.0,-0.04989161971626829,1.0,485.0,535.9361585783803
4,125,80,0125,rep_1,xanthan,1,a_obs_m2_m3_mid,100.0,0.11280032819509367,485.0,-0.01881480404897557,1.1280032819509367,429.9632880155888,503.60032132855093
4,125,80,0125,rep_2,xanthan,1,epsilon_obs_mid,100.0,0.1,487.0,0.06558488033734336,1.0,487.0,427.0520084065482
4,125,80,0125,rep_2,xanthan,1,a_obs_m2_m3_mid,100.0,0.1,487.0,0.02400644426051016,1.0,487.0,464.16588910080304
4,125,80,025,rep_1,xanthan,1,epsilon_obs_mid,100.0,0.12754771623207287,494.0,-0.04924181613707569,1.2754771623207286,387.30603306229943,545.1706500866104
4,125,80,025,rep_1,xanthan,1,a_obs_m2_m3_mid,100.0,0.14612818455043833,494.0,0.027018237340794806,1.4612818455043834,338.0593562561427,468.0082332307723
4,125,80,025,rep_2,xanthan,1,epsilon_obs_mid,100.0,0.1,497.0,0.025517617558069215,1.0,497.0,472.2666249526576
4,125,80,025,rep_2,xanthan,1,a_obs_m2_m3_mid,100.0,0.1,497.0,0.06671380045237615,1.0,497.0,434.83382419770004
4,125,90,000,rep_1,water,10,epsilon_obs_mid,7.6923,0.0607906390287992,455.0,0.3621912207277815,7.902790976534872,57.57459628515992,213.04130444609083
4,125,90,000,rep_1,water,10,a_obs_m2_m3_mid,7.6923,0.0913684618695538,455.0,0.44430873194704706,11.877911920953913,38.306396193874036,175.05919708956205
4,125,90,000,rep_2,water,10,epsilon_obs_mid,7.6923,0.09827940005933801,467.0,0.48031878519699084,12.776334784048725,36.551953897063676,163.94517838987608
4,125,90,000,rep_2,water,10,a_obs_m2_m3_mid,7.6923,0.13602981275157697,467.0,0.5813131802272347,17.683893341598345,26.408211753995488,123.64833688781638
4,125,90,0125,rep_1,xanthan,1,epsilon_obs_mid,100.0,0.13637015429145702,478.0,0.08249986701833935,1.3637015429145702,350.51657929373226,405.1409860891962
4,125,90,0125,rep_1,xanthan,1,a_obs_m2_m3_mid,100.0,0.1300973833739363,478.0,0.029829435640926646,1.300973833739363,367.4170745049454,450.30906450544603
4,125,90,0125,rep_2,xanthan,1,epsilon_obs_mid,100.0,0.1,480.0,-0.04058692142632905,1.0,480.0,520.6117504956276
4,125,90,0125,rep_2,xanthan,1,a_obs_m2_m3_mid,100.0,0.1,480.0,0.06326857342952628,1.0,480.0,422.87630424697124
4,125,90,025,rep_1,xanthan,1,epsilon_obs_mid,100.0,0.11871263674012249,491.0,-0.008654181071454839,1.187126367401225,413.6038196800087,499.5725945980726
4,125,90,025,rep_1,xanthan,1,a_obs_m2_m3_mid,100.0,0.10275872345964387,491.0,0.09472142386797631,1.0275872345964387,477.8183140751344,406.03186453618673
4,125,90,025,rep_2,xanthan,1,epsilon_obs_mid,100.0,0.11971166977298527,490.0,0.04180651632214841,1.1971166977298526,409.31682009716303,450.67370922161086
4,125,90,025,rep_2,xanthan,1,a_obs_m2_m3_mid,100.0,0.1507401594656974,490.0,0.05922765205266332,1.507401594656974,325.0626785435403,435.20243226361293
4,150,45,000,rep_1,water,10,epsilon_obs_mid,7.6923,0.19706903936375392,491.0,0.838587606264977,25.619000736288744,19.16546258201669,43.105634484775436
4,150,45,000,rep_1,water,10,a_obs_m2_m3_mid,7.6923,0.2564437768934871,491.0,0.9193439079267293,33.33772433387765,14.728059872432501,20.633165866951938
4,150,45,000,rep_2,water,10,epsilon_obs_mid,7.6923,0.2325490581475417,491.0,0.9049397507263819,30.23140779058821,16.24138721561159,24.5018680383717
4,150,45,000,rep_2,water,10,a_obs_m2_m3_mid,7.6923,0.2528414023875949,491.0,0.932702964991684,32.869415179802516,14.937898873896241,17.09670072825977
4,150,45,0125,rep_1,xanthan,1,epsilon_obs_mid,100.0,0.14840258720050045,499.0,0.04822708871146296,1.4840258720050044,336.2475071447523,453.08377149153364
4,150,45,0125,rep_1,xanthan,1,a_obs_m2_m3_mid,100.0,0.17126196151285347,499.0,0.09393719331931079,1.7126196151285347,291.36650987297566,413.30100420280024
4,150,45,0125,rep_2,xanthan,1,epsilon_obs_mid,100.0,0.13048279033071156,499.0,0.09676747345447048,1.3048279033071157,382.4259112908861,410.9467518457817
4,150,45,0125,rep_2,xanthan,1,a_obs_m2_m3_mid,100.0,0.11899286269787576,499.0,0.0752260781066509,1.1899286269787577,419.35288275815896,429.17689258184924
4,150,45,025,rep_1,xanthan,1,epsilon_obs_mid,100.0,0.1074444536245239,500.0,-0.005333894241028828,1.074444536245239,465.35673376617774,505.3624972341435
4,150,45,025,rep_1,xanthan,1,a_obs_m2_m3_mid,100.0,0.19442436882800085,500.0,0.13259082820796328,1.9442436882800085,257.16940886269725,382.9313950760536
4,150,45,025,rep_2,xanthan,1,epsilon_obs_mid,100.0,0.11965040711232876,500.0,0.005290243409129506,1.1965040711232877,417.8840775114087,494.7375959890058
4,150,45,025,rep_2,xanthan,1,a_obs_m2_m3_mid,100.0,0.13571177331223078,500.0,-0.002037425008055112,1.3571177331223079,368.4278731290724,502.04158458354163
4,150,55,000,rep_1,water,10,epsilon_obs_mid,7.6923,0.2080818299507081,491.0,0.876618629933529,27.050664944256994,18.15112497277972,32.28160039356693
4,150,55,000,rep_1,water,10,a_obs_m2_m3_mid,7.6923,0.2681224496706488,491.0,0.9154957293167753,34.855953313137654,14.086546294946288,21.66102292499639
4,150,55,000,rep_2,water,10,epsilon_obs_mid,7.6923,0.20216441590686735,485.0,0.8406884231737375,26.2814003492931,18.454115593313322,41.97674836652373
4,150,55,000,rep_2,water,10,a_obs_m2_m3_mid,7.6923,0.2594627494098692,485.0,0.9153464915444496,33.730191153474145,14.378809707695533,21.435782915620383
4,150,55,0125,rep_1,xanthan,1,epsilon_obs_mid,100.0,0.10746760665402545,497.0,0.06137929597409465,1.0746760665402544,462.4649375509134,439.51723165350006
4,150,55,0125,rep_1,xanthan,1,a_obs_m2_m3_mid,100.0,0.15041871260443973,497.0,0.14451930484068434,1.5041871260443973,330.4110182800026,371.48687985945645
4,150,55,0125,rep_2,xanthan,1,epsilon_obs_mid,100.0,0.1,496.0,-0.00575717600986013,1.0,496.0,501.74418890836057
4,150,55,0125,rep_2,xanthan,1,a_obs_m2_m3_mid,100.0,0.1,496.0,0.09263929925028076,1.0,496.0,411.8933923396908
4,150,55,025,rep_1,xanthan,1,epsilon_obs_mid,100.0,0.1,500.0,-0.006288012431847983,1.0,500.0,506.32780172777854
4,150,55,025,rep_1,xanthan,1,a_obs_m2_m3_mid,100.0,0.1,500.0,0.061950862547442656,1.0,500.0,441.6631553000174
4,150,55,025,rep_2,xanthan,1,epsilon_obs_mid,100.0,0.1,497.0,0.017414639419725174,1.0,497.0,479.9861386768726
4,150,55,025,rep_2,xanthan,1,a_obs_m2_m3_mid,100.0,0.12155755133696566,497.0,0.01997674832780954,1.2155755133696566,408.8598318522251,477.5320191167134
4,150,70,000,rep_1,water,10,epsilon_obs_mid,7.6923,0.2018000302533174,478.0,0.8076762807621221,26.234030166961425,18.220608764946185,50.85575264446539
4,150,70,000,rep_1,water,10,a_obs_m2_m3_mid,7.6923,0.2670298663136685,478.0,0.8943001114839004,34.71391733469424,13.76969344575442,26.67188076714897
4,150,70,000,rep_2,water,10,epsilon_obs_mid,7.6923,0.17510276176464162,491.0,0.826749103107274,22.763381792785204,21.5697300370203,46.56698078002726
4,150,70,000,rep_2,water,10,a_obs_m2_m3_mid,7.6923,0.17053610151502507,491.0,0.8398654057454042,22.169715366668626,22.147329899336505,42.73469436051052
4,150,70,0125,rep_1,xanthan,1,epsilon_obs_mid,100.0,0.1,490.0,0.09565032906198612,1.0,490.0,404.4459505059454
4,150,70,0125,rep_1,xanthan,1,a_obs_m2_m3_mid,100.0,0.13756178582171216,490.0,0.16284348127751855,1.3756178582171217,356.20357577726395,352.7617437588043
4,150,70,0125,rep_2,xanthan,1,epsilon_obs_mid,100.0,0.1,492.0,-0.010193833230770498,1.0,492.0,502.1340365779079
4,150,70,0125,rep_2,xanthan,1,a_obs_m2_m3_mid,100.0,0.10778701865969352,492.0,0.12412083244402047,1.0778701865969351,456.45570878377146,383.3507377499845
4,150,70,025,rep_1,xanthan,1,epsilon_obs_mid,100.0,0.1,499.0,0.04092906570024883,1.0,499.0,459.75889422746616
4,150,70,025,rep_1,xanthan,1,a_obs_m2_m3_mid,100.0,0.11353549627715462,499.0,0.030447268908325314,1.1353549627715462,439.510123584502,469.51147080752565
4,150,70,025,rep_2,xanthan,1,epsilon_obs_mid,100.0,0.1,496.0,-0.031312401981445956,1.0,496.0,528.0659651564977
4,150,70,025,rep_2,xanthan,1,a_obs_m2_m3_mid,100.0,0.11811028099223495,496.0,0.09981968660639685,1.1811028099223495,419.94650747855644,405.9660332330609
4,150,80,000,rep_1,water,10,epsilon_obs_mid,7.6923,0.13118939567157173,482.0,0.5864955056478324,17.054638491942818,28.262105950103425,125.62857289429165
4,150,80,000,rep_1,water,10,a_obs_m2_m3_mid,7.6923,0.15378409513376792,482.0,0.7867210485832912,19.99195235934219,24.109701310625752,57.535816609070096
4,150,80,000,rep_2,water,10,epsilon_obs_mid,7.6923,0.11639153038851574,486.0,0.6757310511972003,15.130914081421128,32.119672174779396,94.0453475547699
4,150,80,000,rep_2,water,10,a_obs_m2_m3_mid,7.6923,0.19015699554499227,486.0,0.724194074245549,24.720434141283135,19.659848901616975,77.74164284569613
4,150,80,0125,rep_1,xanthan,1,epsilon_obs_mid,100.0,0.1,490.0,0.016052947915240583,1.0,490.0,474.51666422580166
4,150,80,0125,rep_1,xanthan,1,a_obs_m2_m3_mid,100.0,0.14036150448049467,490.0,0.12453179610167524,1.4036150448049465,349.0985664577946,381.47380216129767
4,150,80,0125,rep_2,xanthan,1,epsilon_obs_mid,100.0,0.1,488.0,0.0039643065663979606,1.0,488.0,484.1461147737043
4,150,80,0125,rep_2,xanthan,1,a_obs_m2_m3_mid,100.0,0.15936056768189813,488.0,0.12705494455416075,1.5936056768189812,306.2238087492909,377.9737528467036
4,150,80,025,rep_1,xanthan,1,epsilon_obs_mid,100.0,0.11719318704349264,499.0,0.06800209751155514,1.1719318704349264,425.7926698544443,435.45509360453497
4,150,80,025,rep_1,xanthan,1,a_obs_m2_m3_mid,100.0,0.1245468330637493,499.0,0.07825771207414993,1.245468330637493,400.65249972641766,426.567226484506
4,150,80,025,rep_2,xanthan,1,epsilon_obs_mid,100.0,0.10741910026973141,498.0,-0.003948230536669992,1.074191002697314,463.6047022824735,501.9480253286856
4,150,80,025,rep_2,xanthan,1,a_obs_m2_m3_mid,100.0,0.1,498.0,-0.02455369692297798,1.0,498.0,523.0710695792704
4,150,90,000,rep_1,water,10,epsilon_obs_mid,7.6923,0.06812683788589659,480.0,0.5426820296883105,8.856497781664338,54.19749565045305,142.29285201044453
4,150,90,000,rep_1,water,10,a_obs_m2_m3_mid,7.6923,0.10302048020476935,480.0,0.6225219938836376,13.392675819295835,35.8404852380902,111.6714864999533
4,150,90,000,rep_2,water,10,epsilon_obs_mid,7.6923,0.11832496489659393,489.0,0.59605412576573,15.382260818818029,31.78986533642554,123.76117408035293
4,150,90,000,rep_2,water,10,a_obs_m2_m3_mid,7.6923,0.18987111764934977,489.0,0.7543410923573546,24.68326997768545,19.810989404648303,68.4742587177477
4,150,90,0125,rep_1,xanthan,1,epsilon_obs_mid,100.0,0.10453276638051712,478.0,-0.02966406436157267,1.0453276638051712,457.27288825400296,507.22580158901866
4,150,90,0125,rep_1,xanthan,1,a_obs_m2_m3_mid,100.0,0.16853208620528232,478.0,0.08865068051355378,1.6853208620528233,283.6255165190128,400.1512905030492
4,150,90,0125,rep_2,xanthan,1,epsilon_obs_mid,100.0,0.1,481.0,0.03270757999342351,1.0,481.0,450.53184757889176
4,150,90,0125,rep_2,xanthan,1,a_obs_m2_m3_mid,100.0,0.16757119673646134,481.0,0.17794218991650937,1.6757119673646133,287.0421703536958,335.6784484289377
4,150,90,025,rep_1,xanthan,1,epsilon_obs_mid,100.0,0.10001327385210329,492.0,0.001015132559861374,1.000132738521033,491.93470131530256,491.00212253899787
4,150,90,025,rep_1,xanthan,1,a_obs_m2_m3_mid,100.0,0.1,492.0,0.06798460197411291,1.0,492.0,429.36159845481683
4,150,90,025,rep_2,xanthan,1,epsilon_obs_mid,100.0,0.1,500.0,0.051841671226659405,1.0,500.0,450.7134270824224
4,150,90,025,rep_2,xanthan,1,a_obs_m2_m3_mid,100.0,0.13990404755620167,500.0,0.16278862841580766,1.3990404755620167,357.38780166395264,360.0015304263921
4,75,45,000,rep_1,water,10,epsilon_obs_mid,7.6923,0.0235972399076421,491.0,0.5351229966640458,3.0676442556377284,160.0576726253829,148.68815667146563
4,75,45,000,rep_1,water,10,a_obs_m2_m3_mid,7.6923,0.04047528454170852,491.0,0.5832986345064584,5.261792252214359,93.31421243272553,129.22411855746117
4,75,45,000,rep_2,water,10,epsilon_obs_mid,7.6923,0.05322834983134442,490.0,0.5594715932836449,6.919692397767172,70.8123962501732,138.41798736230805
4,75,45,000,rep_2,water,10,a_obs_m2_m3_mid,7.6923,0.07492463663209453,490.0,0.6163327087338369,9.740212502384791,50.306910642866214,116.31081379754319
4,75,45,0125,rep_1,xanthan,1,epsilon_obs_mid,100.0,0.14856794807446075,495.0,0.0655421931485931,1.4856794807446077,333.180882158991,434.1044562718142
4,75,45,0125,rep_1,xanthan,1,a_obs_m2_m3_mid,100.0,0.16522446635080615,495.0,0.09785636298152764,1.6522446635080614,299.59243381607376,406.7573094092069
4,75,45,0125,rep_2,xanthan,1,epsilon_obs_mid,100.0,0.1,495.0,0.037054302682432046,1.0,495.0,459.6269635440285
4,75,45,0125,rep_2,xanthan,1,a_obs_m2_m3_mid,100.0,0.12349306348227018,495.0,0.10378392431897128,1.2349306348227018,400.8322297965074,401.9146752257917
4,75,45,025,rep_1,xanthan,1,epsilon_obs_mid,100.0,0.1,498.0,-0.009362697316379408,1.0,498.0,507.413381165692
4,75,45,025,rep_1,xanthan,1,a_obs_m2_m3_mid,100.0,0.17170999401062592,498.0,0.13642455154796124,1.7170999401062592,290.0238875840752,378.4330184905947
4,75,45,025,rep_2,xanthan,1,epsilon_obs_mid,100.0,0.1,499.0,0.0044364915701777955,1.0,499.0,494.59193774400217
4,75,45,025,rep_2,xanthan,1,a_obs_m2_m3_mid,100.0,0.11729629185353396,499.0,0.03222620117816804,1.1729629185353396,425.4183931262665,467.842344111104
4,75,55,000,rep_1,water,10,epsilon_obs_mid,7.6923,0.04212697557185668,489.0,0.4561808837741493,5.476512300853669,89.2904047570158,182.61985911063908
4,75,55,000,rep_1,water,10,a_obs_m2_m3_mid,7.6923,0.04583669139339311,489.0,0.5303345782031518,5.958775839916944,82.06383544825809,150.07593406686428
4,75,55,000,rep_2,water,10,epsilon_obs_mid,7.6923,0.04509945667863326,479.0,0.5003554063844909,5.862935231157555,81.69969155627669,159.51537837195397
4,75,55,000,rep_2,water,10,a_obs_m2_m3_mid,7.6923,0.05900399524380311,479.0,0.5466108892640817,7.670527052221456,62.446817114252546,140.41888981257702
4,75,55,0125,rep_1,xanthan,1,epsilon_obs_mid,100.0,0.1,487.0,-0.004664586930769195,1.0,487.0,491.5645996424053
4,75,55,0125,rep_1,xanthan,1,a_obs_m2_m3_mid,100.0,0.11645725989229841,487.0,0.08514456622063316,1.164572598922984,418.17916757648743,410.576258794964
4,75,55,0125,rep_2,xanthan,1,epsilon_obs_mid,100.0,0.11234201316593181,492.0,0.010604761892579546,1.1234201316593182,437.94835621585696,481.6744146715119
4,75,55,0125,rep_2,xanthan,1,a_obs_m2_m3_mid,100.0,0.11170206608307956,492.0,0.04253973106214244,1.1170206608307955,440.4573856620252,451.8489207480831
4,75,55,025,rep_1,xanthan,1,epsilon_obs_mid,100.0,0.1,499.0,-0.02452568272295715,1.0,499.0,524.092030537345
4,75,55,025,rep_1,xanthan,1,a_obs_m2_m3_mid,100.0,0.15661515343563095,499.0,0.005709364719306056,1.5661515343563097,318.61540154547663,493.33440098128375
4,75,55,025,rep_2,xanthan,1,epsilon_obs_mid,100.0,0.10263252786440828,500.0,0.03451543936717676,1.0263252786440829,487.17498282861055,466.6361292893897
4,75,55,025,rep_2,xanthan,1,a_obs_m2_m3_mid,100.0,0.1,500.0,-0.023651226477489115,1.0,500.0,524.2241575130568
4,75,70,000,rep_1,water,10,epsilon_obs_mid,7.6923,0.020950083086916437,484.0,0.3951805645147442,2.7235135248126614,177.71161978470155,209.81700449409482
4,75,70,000,rep_1,water,10,a_obs_m2_m3_mid,7.6923,0.02226685175161629,484.0,0.37841225706446363,2.89469362240374,167.20249640723245,218.25724926554386
4,75,70,000,rep_2,water,10,epsilon_obs_mid,7.6923,0.05312248354283638,491.0,0.4625534797754966,6.905929766498495,71.09831935764836,180.42843908226723
4,75,70,000,rep_2,water,10,a_obs_m2_m3_mid,7.6923,0.06889943545502006,491.0,0.5153607879147724,8.956935566088173,54.81785554637388,157.0304940127764
4,75,70,0125,rep_1,xanthan,1,epsilon_obs_mid,100.0,0.1,487.0,-0.036071867445471535,1.0,487.0,523.4487742450051
4,75,70,0125,rep_1,xanthan,1,a_obs_m2_m3_mid,100.0,0.1,487.0,0.05385034688148378,1.0,487.0,437.2298993232065
4,75,70,0125,rep_2,xanthan,1,epsilon_obs_mid,100.0,0.13009267848498784,490.0,-0.022069563699538004,1.3009267848498787,376.65455558787954,512.116268829271
4,75,70,0125,rep_2,xanthan,1,a_obs_m2_m3_mid,100.0,0.19558584122887554,490.0,0.07147740489249202,1.9558584122887555,250.52938235268243,424.6249799811033
4,75,70,025,rep_1,xanthan,1,epsilon_obs_mid,100.0,0.1097903625439522,500.0,0.02278464544168343,1.097903625439522,455.41337911133667,477.72292970643497
4,75,70,025,rep_1,xanthan,1,a_obs_m2_m3_mid,100.0,0.12558994609591087,500.0,0.11271877039390821,1.2558994609591088,398.1210403722593,398.69967740904985
4,75,70,025,rep_2,xanthan,1,epsilon_obs_mid,100.0,0.12977707248141515,499.0,0.08632115758394045,1.2977707248141517,384.5055143091317,419.6970105780013
4,75,70,025,rep_2,xanthan,1,a_obs_m2_m3_mid,100.0,0.1623730336634552,499.0,0.048080843833626055,1.6237303366345521,307.31703949946484,453.2166213338635
4,75,80,000,rep_1,water,10,epsilon_obs_mid,7.6923,0.04012766376256496,486.0,0.4024185811865759,5.21660150573495,93.1641030018698,207.08836394452078
4,75,80,000,rep_1,water,10,a_obs_m2_m3_mid,7.6923,0.02562327681421483,486.0,0.38475992276794324,3.331029316877245,145.90084738600038,215.9267268055438
4,75,80,000,rep_2,water,10,epsilon_obs_mid,7.6923,0.014151674398242097,475.0,0.31428675218933166,1.839719511490984,258.1915324771658,247.8255161345081
4,75,80,000,rep_2,water,10,a_obs_m2_m3_mid,7.6923,0.021229370055762163,475.0,0.35174520238059864,2.7598208670699482,172.11261994127136,227.7951705150695
4,75,80,0125,rep_1,xanthan,1,epsilon_obs_mid,100.0,0.1,489.0,-0.018611333866907945,1.0,489.0,507.5470702382939
4,75,80,0125,rep_1,xanthan,1,a_obs_m2_m3_mid,100.0,0.10136767933054643,489.0,-0.0306335953452225,1.0136767933054642,482.40228367607835,519.9064313594581
4,75,80,0125,rep_2,xanthan,1,epsilon_obs_mid,100.0,0.1,486.0,-0.025103556066119026,1.0,486.0,511.0289727161243
4,75,80,0125,rep_2,xanthan,1,a_obs_m2_m3_mid,100.0,0.1,486.0,0.053665803543013424,1.0,486.0,436.4936376710648
4,75,80,025,rep_1,xanthan,1,epsilon_obs_mid,100.0,0.1,496.0,-0.010695487324928985,1.0,496.0,506.7246285551052
4,75,80,025,rep_1,xanthan,1,a_obs_m2_m3_mid,100.0,0.10479927252213249,496.0,0.028666676951743696,1.0479927252213248,473.28572810011644,468.35514265865174
4,75,80,025,rep_2,xanthan,1,epsilon_obs_mid,100.0,0.1,498.0,0.03402168799729838,1.0,498.0,465.22931284841906
4,75,80,025,rep_2,xanthan,1,a_obs_m2_m3_mid,100.0,0.1537499330431342,498.0,0.022482328292500225,1.537499330431342,323.90258008131116,476.09996480161715
4,75,90,000,rep_1,water,10,epsilon_obs_mid,7.6923,0.03488728075750941,477.0,0.47347460584191736,4.535351033827257,105.1737773861956,170.4492306943432
4,75,90,000,rep_1,water,10,a_obs_m2_m3_mid,7.6923,0.039173786406553716,477.0,0.4112986033221498,5.092597325449308,93.66536749651915,198.973176586667
4,75,90,000,rep_2,water,10,epsilon_obs_mid,7.6923,0.05819783742306708,466.0,0.3071272916298163,7.56572643072515,61.593556714862,247.0139550815424
4,75,90,000,rep_2,water,10,a_obs_m2_m3_mid,7.6923,0.054658802596022085,466.0,0.36336408577462015,7.105651443134314,65.58160131120175,217.60316200530343
4,75,90,0125,rep_1,xanthan,1,epsilon_obs_mid,100.0,0.1,478.0,-0.013343242115147298,1.0,478.0,490.92864956342754
4,75,90,0125,rep_1,xanthan,1,a_obs_m2_m3_mid,100.0,0.1277720281055637,478.0,0.1181221673893819,1.2777202810556372,374.10379023261817,377.00496089089387
4,75,90,0125,rep_2,xanthan,1,epsilon_obs_mid,100.0,0.1006298979700772,489.0,-0.007918494356841502,1.006298979700772,485.9390796017766,496.8061000401076
4,75,90,0125,rep_2,xanthan,1,a_obs_m2_m3_mid,100.0,0.1468171215157131,489.0,0.07696599534459074,1.468171215157131,333.0674208509563,419.10666653135587
4,75,90,025,rep_1,xanthan,1,epsilon_obs_mid,100.0,0.1308046519751641,495.0,0.05162012796844266,1.3080465197516413,378.42690800781736,446.4045753503381
4,75,90,025,rep_1,xanthan,1,a_obs_m2_m3_mid,100.0,0.13826550894373837,495.0,0.05566575754145622,1.382655089437384,358.0068549137735,442.7968290887966
4,75,90,025,rep_2,xanthan,1,epsilon_obs_mid,100.0,0.1,492.0,-0.04186300049277692,1.0,492.0,534.9930088349354
4,75,90,025,rep_2,xanthan,1,a_obs_m2_m3_mid,100.0,0.13165394959393542,492.0,0.03338732379475012,1.3165394959393542,373.706980700155,460.2083127424162
5,100,45,000,rep_1,water,10,epsilon_obs_mid,7.6923,0.07602013623467326,491.0,0.5675587577595393,9.882627593135117,49.68314300754072,135.45179655245624
5,100,45,000,rep_1,water,10,a_obs_m2_m3_mid,7.6923,0.10599983358699712,491.0,0.5985288074959224,13.77999214630177,35.63137008984239,123.31485963539942
5,100,45,000,rep_2,water,10,epsilon_obs_mid,7.6923,0.10854042580768229,491.0,0.6454465884860798,14.110269465268162,34.79735105049382,105.79846606476923
5,100,45,000,rep_2,water,10,a_obs_m2_m3_mid,7.6923,0.1523527309166442,491.0,0.7036090148915403,19.80587482503857,24.790624213138933,85.42334092868059
5,100,45,0125,rep_1,xanthan,1,epsilon_obs_mid,100.0,0.10768452964230317,498.0,-0.03399590724066868,1.0768452964230317,462.46197262894844,533.0515322507456
5,100,45,0125,rep_1,xanthan,1,a_obs_m2_m3_mid,100.0,0.11007869961793347,498.0,-0.028093289132363686,1.1007869961793346,452.40360008655875,526.7897137276223
5,100,45,0125,rep_2,xanthan,1,epsilon_obs_mid,100.0,0.11388465487259651,499.0,-0.03762687311138356,1.1388465487259651,438.1626309165484,538.0198129145256
5,100,45,0125,rep_2,xanthan,1,a_obs_m2_m3_mid,100.0,0.13423653386927703,499.0,-0.021274987488030552,1.3423653386927703,371.7318867052534,520.69397659365
5,100,45,025,rep_1,xanthan,1,epsilon_obs_mid,100.0,0.1,500.0,0.013355986174737636,1.0,500.0,486.8200451204177
5,100,45,025,rep_1,xanthan,1,a_obs_m2_m3_mid,100.0,0.1016812431870229,500.0,0.046717547067158076,1.016812431870229,491.7327762017495,455.3675705561085
5,100,45,025,rep_2,xanthan,1,epsilon_obs_mid,100.0,0.13987233505296154,500.0,-0.034950284529359776,1.3987233505296155,357.46883028061194,536.216045628608
5,100,45,025,rep_2,xanthan,1,a_obs_m2_m3_mid,100.0,0.13694975018006045,500.0,-0.01029250145366043,1.3694975018006044,365.09741663829544,510.39953872106435
5,100,55,000,rep_1,water,10,epsilon_obs_mid,7.6923,0.0642572356769516,491.0,0.47835510399077574,8.353448991452698,58.77811673985133,173.25177371060587
5,100,55,000,rep_1,water,10,a_obs_m2_m3_mid,7.6923,0.06912261241647581,491.0,0.5039426867650721,8.985948600090456,54.64086451541214,161.95041402957148
5,100,55,000,rep_2,water,10,epsilon_obs_mid,7.6923,0.06640865940708514,491.0,0.5137759085696261,8.633134356055423,56.87389767722131,157.70896309077636
5,100,55,000,rep_2,water,10,a_obs_m2_m3_mid,7.6923,0.08037492889452004,491.0,0.5743975355146815,10.44875120503881,46.99126147852194,132.73065115284075
5,100,55,0125,rep_1,xanthan,1,epsilon_obs_mid,100.0,0.13718440117928468,495.0,0.17849024306560396,1.371844011792847,360.8281960228775,345.0578671103083
5,100,55,0125,rep_1,xanthan,1,a_obs_m2_m3_mid,100.0,0.1,495.0,0.031870038670379956,1.0,495.0,464.42314719755626
5,100,55,0125,rep_2,xanthan,1,epsilon_obs_mid,100.0,0.13227961587943218,497.0,-0.017717960254530676,1.3227961587943218,375.7192646015819,514.9293235347834
5,100,55,0125,rep_2,xanthan,1,a_obs_m2_m3_mid,100.0,0.13254643730967028,497.0,-0.01232374467213034,1.3254643730967026,374.96292626775875,509.4026492871706
5,100,55,025,rep_1,xanthan,1,epsilon_obs_mid,100.0,0.12333721051839948,500.0,0.031076672430863435,1.2333721051839948,405.3926612240106,469.8599791249304
5,100,55,025,rep_1,xanthan,1,a_obs_m2_m3_mid,100.0,0.1,500.0,0.08470326300727773,1.0,500.0,421.9111199385141
5,100,55,025,rep_2,xanthan,1,epsilon_obs_mid,100.0,0.12015410378610586,500.0,-0.022994839791780998,1.2015410378610587,416.1322703468227,523.5360474318071
5,100,55,025,rep_2,xanthan,1,a_obs_m2_m3_mid,100.0,0.12116125492394134,500.0,0.0004414379127868526,1.2116125492394134,412.67317701015367,499.5587568686601
5,100,70,000,rep_1,water,10,epsilon_obs_mid,7.6923,0.01957743277513342,491.0,0.363311625200203,2.5450688058361504,192.92209266565905,229.30486782931436
5,100,70,000,rep_1,water,10,a_obs_m2_m3_mid,7.6923,0.030427979058498318,491.0,0.38974295168465906,3.9556412332460145,124.12652489141021,215.60549046829894
5,100,70,000,rep_2,water,10,epsilon_obs_mid,7.6923,0.01554519992494134,489.0,0.3832023502147816,2.0208780111203852,241.97403173727238,218.05490042591208
5,100,70,000,rep_2,water,10,a_obs_m2_m3_mid,7.6923,0.013840924005558959,489.0,0.29126432081041465,1.7993219200445847,271.7690450788724,268.39721468195927
5,100,70,0125,rep_1,xanthan,1,epsilon_obs_mid,100.0,0.1,493.0,-0.0015248041227744864,1.0,493.0,494.50575284319876
5,100,70,0125,rep_1,xanthan,1,a_obs_m2_m3_mid,100.0,0.1,493.0,0.039472798355951,1.0,493.0,455.5577704000292
5,100,70,0125,rep_2,xanthan,1,epsilon_obs_mid,100.0,0.15740294933445942,497.0,0.025689881984004202,1.574029493344594,315.75011910605565,472.10383680230314
5,100,70,0125,rep_2,xanthan,1,a_obs_m2_m3_mid,100.0,0.15762353355096936,497.0,0.1301025404600693,1.5762353355096936,315.30824668341126,382.5662025459553
5,100,70,025,rep_1,xanthan,1,epsilon_obs_mid,100.0,0.12838092528475212,500.0,-0.03601649083442016,1.2838092528475213,389.46595757195814,537.3621441570052
5,100,70,025,rep_1,xanthan,1,a_obs_m2_m3_mid,100.0,0.13478284695833506,500.0,-0.018369672249948343,1.3478284695833507,370.9670861564181,518.7134318598863
5,100,70,025,rep_2,xanthan,1,epsilon_obs_mid,100.0,0.1,499.0,0.011873604170392115,1.0,499.0,487.28919253035883
5,100,70,025,rep_2,xanthan,1,a_obs_m2_m3_mid,100.0,0.11930667503193873,499.0,0.051951082072658396,1.1930667503193872,418.24985891729557,449.7133166246109
5,100,80,000,rep_1,water,10,epsilon_obs_mid,7.6923,0.011355807867050803,484.0,0.3124775062605115,1.4762564989731033,327.85630433239385,253.53644948781562
5,100,80,000,rep_1,water,10,a_obs_m2_m3_mid,7.6923,0.01944566767906816,484.0,0.2634007344832853,2.5279393262181866,191.46029138447207,282.1860354987838
5,100,80,000,rep_2,water,10,epsilon_obs_mid,7.6923,0.014393274976041122,488.0,0.34061310263566,1.8711276180129637,260.8053001313879,240.02510887083926
5,100,80,000,rep_2,water,10,a_obs_m2_m3_mid,7.6923,0.013589068274415401,488.0,0.29150194211539554,1.7665806422546444,276.2398660596537,267.7092778361417
5,100,80,0125,rep_1,xanthan,1,epsilon_obs_mid,100.0,0.13170921866407717,493.0,0.15348665823173385,1.3170921866407719,374.3094105336626,361.79965716423055
5,100,80,0125,rep_1,xanthan,1,a_obs_m2_m3_mid,100.0,0.18081072655026129,493.0,0.1206508528427341,1.808107265502613,272.66081465745185,386.8458480612692
5,100,80,0125,rep_2,xanthan,1,epsilon_obs_mid,100.0,0.1,489.0,0.05956617304784734,1.0,489.0,434.01927418726297
5,100,80,0125,rep_2,xanthan,1,a_obs_m2_m3_mid,100.0,0.10931109181169407,489.0,0.11974687236388754,1.0931109181169407,447.34710073373077,384.41168270946184
5,100,80,025,rep_1,xanthan,1,epsilon_obs_mid,100.0,0.11767721685581324,499.0,0.1591607903151403,1.1767721685581325,424.0412998647065,361.96770037284847
5,100,80,025,rep_1,xanthan,1,a_obs_m2_m3_mid,100.0,0.15879237341654026,499.0,0.1456359977535207,1.5879237341654027,314.24683016169513,372.1318446321342
5,100,80,025,rep_2,xanthan,1,epsilon_obs_mid,100.0,0.1,499.0,-0.043576536010415105,1.0,499.0,544.4708448462613
5,100,80,025,rep_2,xanthan,1,a_obs_m2_m3_mid,100.0,0.1,499.0,-0.01726101816707124,1.0,499.0,516.5290656513977
5,100,90,000,rep_1,water,10,epsilon_obs_mid,7.6923,0.026937249324572348,487.0,0.33770446995088765,3.5018459140403193,139.0695113247044,241.1129889890847
5,100,90,000,rep_1,water,10,a_obs_m2_m3_mid,7.6923,0.031327885864137324,487.0,0.3668335827932759,4.072629234967087,119.57877132999948,225.59589481956036
5,100,90,000,rep_2,water,10,epsilon_obs_mid,7.6923,0.025411319237024846,483.0,0.30165198551495304,3.303474804288034,146.2096818093021,259.1338504837266
5,100,90,000,rep_2,water,10,a_obs_m2_m3_mid,7.6923,0.0388789980860322,483.0,0.33433004520469295,5.0542748054589905,95.5626709252778,240.95881624010855
5,100,90,0125,rep_1,xanthan,1,epsilon_obs_mid,100.0,0.1492278818578605,486.0,0.008331205357732682,1.4922788185786051,325.6764044020371,477.9689764983092
5,100,90,0125,rep_1,xanthan,1,a_obs_m2_m3_mid,100.0,0.16359339574331605,486.0,0.1415031846543455,1.6359339574331606,297.0780072091367,365.50879390172514
5,100,90,0125,rep_2,xanthan,1,epsilon_obs_mid,100.0,0.11648738882178722,487.0,-0.025489987631775318,1.1648738882178722,418.0710074504769,512.4766473799635
5,100,90,0125,rep_2,xanthan,1,a_obs_m2_m3_mid,100.0,0.1,487.0,-0.05744357076895434,1.0,487.0,546.3598814816918
5,100,90,025,rep_1,xanthan,1,epsilon_obs_mid,100.0,0.1,500.0,-0.010410811281570153,1.0,500.0,510.5203365196954
5,100,90,025,rep_1,xanthan,1,a_obs_m2_m3_mid,100.0,0.11055600608361074,500.0,0.03111020994418384,1.1055600608361074,452.25946351739816,469.8284338142012
5,100,90,025,rep_2,xanthan,1,epsilon_obs_mid,100.0,0.1,500.0,-0.000860431613332315,1.0,500.0,500.8611725934562
5,100,90,025,rep_2,xanthan,1,a_obs_m2_m3_mid,100.0,0.1,500.0,0.04437980025354066,1.0,500.0,457.5060717923051
5,125,45,000,rep_1,water,10,epsilon_obs_mid,7.6923,0.048380271948709926,491.0,0.5865167746201168,6.289441642773933,78.06734331721161,127.966036608806
5,125,45,000,rep_1,water,10,a_obs_m2_m3_mid,7.6923,0.054745879016341044,491.0,0.5710320269044895,7.116971389095724,68.99002021453764,134.0668243440593
5,125,45,000,rep_2,water,10,epsilon_obs_mid,7.6923,0.10763810371374602,491.0,0.5264452250108071,13.992967475754458,35.089054616238705,152.32475473729986
5,125,45,000,rep_2,water,10,a_obs_m2_m3_mid,7.6923,0.12127433494417048,491.0,0.5360190762901034,15.76567930842147,31.143599358749174,148.31497672007595
5,125,45,0125,rep_1,xanthan,1,epsilon_obs_mid,100.0,0.13288664758653027,495.0,0.10509709182013934,1.3288664758653028,372.497921341327,400.84888724069503
5,125,45,0125,rep_1,xanthan,1,a_obs_m2_m3_mid,100.0,0.1,495.0,0.09541110975839631,1.0,495.0,408.77027508727224
5,125,45,0125,rep_2,xanthan,1,epsilon_obs_mid,100.0,0.1,496.0,-0.015089425704686944,1.0,496.0,511.1980399944019
5,125,45,0125,rep_2,xanthan,1,a_obs_m2_m3_mid,100.0,0.1,496.0,0.008093586656943687,1.0,496.0,488.03562241645295
5,125,45,025,rep_1,xanthan,1,epsilon_obs_mid,100.0,0.1,500.0,-0.026033695024612887,1.0,500.0,526.7295643510695
5,125,45,025,rep_1,xanthan,1,a_obs_m2_m3_mid,100.0,0.10720232526626287,500.0,0.0019537766755718636,1.0720232526626288,466.4077936351933,498.05003312422815
5,125,45,025,rep_2,xanthan,1,epsilon_obs_mid,100.0,0.1,500.0,-0.00165326257240998,1.0,500.0,501.65600037585125
5,125,45,025,rep_2,xanthan,1,a_obs_m2_m3_mid,100.0,0.1,500.0,0.05186084174454885,1.0,500.0,450.69610001021067
5,125,55,000,rep_1,water,10,epsilon_obs_mid,7.6923,0.04916560169185207,491.0,0.4564330821005782,6.391534611475381,76.8203615949223,183.249996150654
5,125,55,000,rep_1,water,10,a_obs_m2_m3_mid,7.6923,0.11104871642374779,491.0,0.5351027137789831,14.436347571434784,34.011372860788015,148.69660869310647
5,125,55,000,rep_2,water,10,epsilon_obs_mid,7.6923,0.037716077851474315,491.0,0.5880400449512087,4.903095023786685,100.14082892907065,127.37231568689518
5,125,55,000,rep_2,water,10,a_obs_m2_m3_mid,7.6923,0.030608347576501747,491.0,0.5182823519246917,3.979089164034391,123.39507353541583,155.78351741040862
5,125,55,0125,rep_1,xanthan,1,epsilon_obs_mid,100.0,0.1,490.0,-0.021277104193097952,1.0,490.0,511.3048680056115
5,125,55,0125,rep_1,xanthan,1,a_obs_m2_m3_mid,100.0,0.1,490.0,-0.008784829662347574,1.0,490.0,498.6854331196
5,125,55,0125,rep_2,xanthan,1,epsilon_obs_mid,100.0,0.11578052098188547,495.0,-0.03169907698459889,1.1578052098188547,427.5330563398014,527.4094354026074
5,125,55,0125,rep_2,xanthan,1,a_obs_m2_m3_mid,100.0,0.1,495.0,-0.015140619109590482,1.0,495.0,510.21964780895206
5,125,55,025,rep_1,xanthan,1,epsilon_obs_mid,100.0,0.10218789524355767,499.0,-0.01969863547988921,1.0218789524355767,488.31615409111674,519.0542801636855
5,125,55,025,rep_1,xanthan,1,a_obs_m2_m3_mid,100.0,0.1,499.0,0.00201357185531595,1.0,499.0,496.9944935197989
5,125,55,025,rep_2,xanthan,1,epsilon_obs_mid,100.0,0.1,499.0,-0.016903631179832727,1.0,499.0,516.1598883410777
5,125,55,025,rep_2,xanthan,1,a_obs_m2_m3_mid,100.0,0.1,499.0,0.015698979188268364,1.0,499.0,483.5745820849272
5,125,70,000,rep_1,water,10,epsilon_obs_mid,7.6923,0.05129163638311046,491.0,0.306891571675818,6.667919397723757,73.63616305374264,260.4012801695463
5,125,70,000,rep_1,water,10,a_obs_m2_m3_mid,7.6923,0.05407005467880685,491.0,0.27387082471289076,7.029114137359027,69.85232995298581,279.87879002278464
5,125,70,000,rep_2,water,10,epsilon_obs_mid,7.6923,0.033440288671911234,491.0,0.34703658255971226,4.347241874590335,112.94517631280172,238.00766966102003
5,125,70,000,rep_2,water,10,a_obs_m2_m3_mid,7.6923,0.045253656451847146,491.0,0.3036796344942163,5.882981221721351,83.46108571401052,262.252543045963
5,125,70,0125,rep_1,xanthan,1,epsilon_obs_mid,100.0,0.1,490.0,-0.06436243234552774,1.0,490.0,557.4141204662602
5,125,70,0125,rep_1,xanthan,1,a_obs_m2_m3_mid,100.0,0.10574116361328478,490.0,0.003588385889601296,1.0574116361328478,463.39569497459064,486.4959556913445
5,125,70,0125,rep_2,xanthan,1,epsilon_obs_mid,100.0,0.1,493.0,-0.006055616077424171,1.0,493.0,499.00721483910047
5,125,70,0125,rep_2,xanthan,1,a_obs_m2_m3_mid,100.0,0.17348214692524516,493.0,0.06767325221313938,1.7348214692524517,284.1790978137004,430.50351379146946
5,125,70,025,rep_1,xanthan,1,epsilon_obs_mid,100.0,0.11168157436372181,498.0,-0.009997111490653618,1.1168157436372181,445.91061939915517,508.05767070001536
5,125,70,025,rep_1,xanthan,1,a_obs_m2_m3_mid,100.0,0.1589457364906519,498.0,0.06885091669289252,1.5894573649065191,313.3144751128879,433.84183541863916
5,125,70,025,rep_2,xanthan,1,epsilon_obs_mid,100.0,0.1,499.0,-0.04600637288736877,1.0,499.0,547.1285816138615
5,125,70,025,rep_2,xanthan,1,a_obs_m2_m3_mid,100.0,0.11666332964815551,499.0,-0.03134684842718714,1.1666332964815551,427.7265199826991,531.2965497810401
5,125,80,000,rep_1,water,10,epsilon_obs_mid,7.6923,0.02779184655729019,485.0,0.30663613627984815,3.6129436653913904,134.23956887173327,257.36428418527277
5,125,80,000,rep_1,water,10,a_obs_m2_m3_mid,7.6923,0.02844504032534232,485.0,0.23188624126668084,3.6978589401534414,131.15697701001952,302.41036916087506
5,125,80,000,rep_2,water,10,epsilon_obs_mid,7.6923,0.012389786454103286,484.0,0.12237652901280742,1.6106738497072768,300.4953486318549,378.4556688221286
5,125,80,000,rep_2,water,10,a_obs_m2_m3_mid,7.6923,0.013117870873823328,484.0,0.14423963548594476,1.7053249189219515,283.81688124628374,361.97663809198684
5,125,80,0125,rep_1,xanthan,1,epsilon_obs_mid,100.0,0.10532504022816136,493.0,-0.027736050001338924,1.0532504022816136,468.0748271560439,521.1279022032626
5,125,80,0125,rep_1,xanthan,1,a_obs_m2_m3_mid,100.0,0.1,493.0,-0.014353519621912147,1.0,493.0,507.3586677667398
5,125,80,0125,rep_2,xanthan,1,epsilon_obs_mid,100.0,0.1,495.0,-0.02074917567001342,1.0,495.0,515.976938086693
5,125,80,0125,rep_2,xanthan,1,a_obs_m2_m3_mid,100.0,0.1042345096673299,495.0,0.05052704671633302,1.042345096673299,474.8907070986561,447.3841138545415
5,125,80,025,rep_1,xanthan,1,epsilon_obs_mid,100.0,0.1,499.0,-0.01259427749174467,1.0,499.0,511.7294066159882
5,125,80,025,rep_1,xanthan,1,a_obs_m2_m3_mid,100.0,0.1,499.0,0.06477670672184611,1.0,499.0,438.28571793476476
5,125,80,025,rep_2,xanthan,1,epsilon_obs_mid,100.0,0.1,499.0,-0.02031478241483673,1.0,499.0,519.6945582990228
5,125,80,025,rep_2,xanthan,1,a_obs_m2_m3_mid,100.0,0.1,499.0,-0.007322657923004774,1.0,499.0,506.3619214395164
5,125,90,000,rep_1,water,10,epsilon_obs_mid,7.6923,0.019796345527251943,475.0,0.2640296963744946,2.5735274920702444,184.57156625045096,276.56462124647993
5,125,90,000,rep_1,water,10,a_obs_m2_m3_mid,7.6923,0.0331966378653218,475.0,0.2408273982552104,4.315567238059073,110.06664333971341,290.61816843812653
5,125,90,000,rep_2,water,10,epsilon_obs_mid,7.6923,0.015161615684508873,488.0,0.21861549844822944,1.9710120099981636,247.58854716489256,312.9089013251734
5,125,90,000,rep_2,water,10,a_obs_m2_m3_mid,7.6923,0.01777466211064537,488.0,0.25170652406696375,2.3107083850922834,211.1906474864463,291.735490096228
5,125,90,0125,rep_1,xanthan,1,epsilon_obs_mid,100.0,0.1,490.0,-0.044459572329419904,1.0,490.0,535.5976321054751
5,125,90,0125,rep_1,xanthan,1,a_obs_m2_m3_mid,100.0,0.1,490.0,-0.10121208635219188,1.0,490.0,600.3573413916812
5,125,90,0125,rep_2,xanthan,1,epsilon_obs_mid,100.0,0.1,482.0,-0.03597179776162213,1.0,482.0,517.9707454218534
5,125,90,0125,rep_2,xanthan,1,a_obs_m2_m3_mid,100.0,0.1,482.0,-0.0010746129388942355,1.0,482.0,483.03704129108365
5,125,90,025,rep_1,xanthan,1,epsilon_obs_mid,100.0,0.1,499.0,0.030090505826941557,1.0,499.0,469.8469065141225
5,125,90,025,rep_1,xanthan,1,a_obs_m2_m3_mid,100.0,0.1,499.0,0.0021056534831065225,1.0,499.0,496.9029734351501
5,125,90,025,rep_2,xanthan,1,epsilon_obs_mid,100.0,0.10269957547240768,500.0,0.021705088348486244,1.026995754724077,486.85692973904753,478.7560142393233
5,125,90,025,rep_2,xanthan,1,a_obs_m2_m3_mid,100.0,0.10377042366553439,500.0,0.0004832677789946326,1.037704236655344,481.83285982484296,499.51696565594
5,150,45,000,rep_1,water,10,epsilon_obs_mid,7.6923,0.07458025355949956,488.0,0.48863353554541317,9.6954426581776,50.33292622161996,167.63483335232542
5,150,45,000,rep_1,water,10,a_obs_m2_m3_mid,7.6923,0.07474064884324623,488.0,0.526167879031046,9.716294065916076,50.224910515199625,151.5102487805313
5,150,45,000,rep_2,water,10,epsilon_obs_mid,7.6923,0.12917449340249978,491.0,0.6256034908453298,16.792700935025906,29.238893844401247,113.0833484488584
5,150,45,000,rep_2,water,10,a_obs_m2_m3_mid,7.6923,0.16079969758703852,491.0,0.6615928516446399,20.903981590296596,23.48834827848858,99.99917228701314
5,150,45,0125,rep_1,xanthan,1,epsilon_obs_mid,100.0,0.1,497.0,-0.019036283067760153,1.0,497.0,516.2892612058358
5,150,45,0125,rep_1,xanthan,1,a_obs_m2_m3_mid,100.0,0.11995439873635295,497.0,0.027178196402188288,1.1995439873635296,414.3241141930554,470.69966835511235
5,150,45,0125,rep_2,xanthan,1,epsilon_obs_mid,100.0,0.1,497.0,-0.056313429023449366,1.0,497.0,556.3158260071283
5,150,45,0125,rep_2,xanthan,1,a_obs_m2_m3_mid,100.0,0.1,497.0,-0.04098848464288576,1.0,497.0,539.4839046065645
5,150,45,025,rep_1,xanthan,1,epsilon_obs_mid,100.0,0.1,500.0,-0.01261875373515745,1.0,500.0,512.780021681486
5,150,45,025,rep_1,xanthan,1,a_obs_m2_m3_mid,100.0,0.12311917611217077,500.0,0.007802811512755797,1.2311917611217076,406.1105798372649,492.257600967551
5,150,45,025,rep_2,xanthan,1,epsilon_obs_mid,100.0,0.1,499.0,-0.008523126749023913,1.0,499.0,507.57920212262246
5,150,45,025,rep_2,xanthan,1,a_obs_m2_m3_mid,100.0,0.10060425371016915,499.0,0.013732014372498885,1.0060425371016914,496.0028841698577,485.4810915020406
5,150,55,000,rep_1,water,10,epsilon_obs_mid,7.6923,0.042146614029909296,491.0,0.4442504936831064,5.479065302953511,89.61382514191328,188.9374514982633
5,150,55,000,rep_1,water,10,a_obs_m2_m3_mid,7.6923,0.07490904154702079,491.0,0.4429750606724959,9.738185139297842,50.420072423823605,189.53844225300793
5,150,55,000,rep_2,water,10,epsilon_obs_mid,7.6923,0.04075095939164126,491.0,0.404284422678933,5.297630018543382,92.68295412879809,208.28853737952375
5,150,55,000,rep_2,water,10,a_obs_m2_m3_mid,7.6923,0.04602929124729426,491.0,0.4065693996222213,5.983813845962099,82.05469164642024,207.15254068782326
5,150,55,0125,rep_1,xanthan,1,epsilon_obs_mid,100.0,0.1,496.0,-0.028508078062027004,1.0,496.0,525.1098801739047
5,150,55,0125,rep_1,xanthan,1,a_obs_m2_m3_mid,100.0,0.1,496.0,0.0038651388794840023,1.0,496.0,492.1805449557419
5,150,55,0125,rep_2,xanthan,1,epsilon_obs_mid,100.0,0.10615839175501508,496.0,0.07670169198704065,1.061583917550151,467.226369767012,425.33225700544347
5,150,55,0125,rep_2,xanthan,1,a_obs_m2_m3_mid,100.0,0.10376277826237461,496.0,0.03113646276114378,1.037627782623746,478.0134151244622,466.0453119693339
5,150,55,025,rep_1,xanthan,1,epsilon_obs_mid,100.0,0.13068391968798476,500.0,0.07657171607213013,1.3068391968798476,382.60254298599114,428.8744865493012
5,150,55,025,rep_1,xanthan,1,a_obs_m2_m3_mid,100.0,0.1,500.0,0.048739597435514724,1.0,500.0,453.5255486159789
5,150,55,025,rep_2,xanthan,1,epsilon_obs_mid,100.0,0.1078093382179984,500.0,-0.017785667063032095,1.078093382179984,463.78171711708615,518.1077250317151
5,150,55,025,rep_2,xanthan,1,a_obs_m2_m3_mid,100.0,0.10072970844609917,500.0,0.046861509193868896,1.0072970844609916,496.3778886221554,455.2361904776169
5,150,70,000,rep_1,water,10,epsilon_obs_mid,7.6923,0.01864075283563143,485.0,0.2367524210956821,2.4233002919323776,200.1402804327042,299.31219009916566
5,150,70,000,rep_1,water,10,a_obs_m2_m3_mid,7.6923,0.01865162775879303,485.0,0.2424284038211871,2.424714033357127,200.02358765932303,295.72909232973757
5,150,70,000,rep_2,water,10,epsilon_obs_mid,7.6923,0.018417948900107638,483.0,0.19560384313014523,2.3943357513497445,201.72609448266448,324.95993217198776
5,150,70,000,rep_2,water,10,a_obs_m2_m3_mid,7.6923,0.047710992816006846,483.0,0.27221169346417384,6.202435268516158,77.87263858306267,276.3075939819626
5,150,70,0125,rep_1,xanthan,1,epsilon_obs_mid,100.0,0.1,492.0,0.03826311941828575,1.0,492.0,455.73663977519686
5,150,70,0125,rep_1,xanthan,1,a_obs_m2_m3_mid,100.0,0.19007242312228156,492.0,0.06813594331384594,1.9007242312228156,258.8487019410889,429.23105318147253
5,150,70,0125,rep_2,xanthan,1,epsilon_obs_mid,100.0,0.11553110281055565,493.0,0.04319988443054363,1.1553110281055565,426.7249147689746,452.1688163656501
5,150,70,0125,rep_2,xanthan,1,a_obs_m2_m3_mid,100.0,0.1,493.0,0.003492507200235201,1.0,493.0,489.5683728829828
5,150,70,025,rep_1,xanthan,1,epsilon_obs_mid,100.0,0.1,500.0,0.0613920259997435,1.0,500.0,442.15895305797375
5,150,70,025,rep_1,xanthan,1,a_obs_m2_m3_mid,100.0,0.1,500.0,0.10451167305810288,1.0,500.0,405.37748436036225
5,150,70,025,rep_2,xanthan,1,epsilon_obs_mid,100.0,0.1,500.0,-0.020329015836976858,1.0,500.0,520.750860406818
5,150,70,025,rep_2,xanthan,1,a_obs_m2_m3_mid,100.0,0.1,500.0,-0.014886927992538958,1.0,500.0,515.1118977258138
5,150,80,000,rep_1,water,10,epsilon_obs_mid,7.6923,0.007881986218910763,457.0,0.11046258493975843,1.0246592331176323,446.00193433043097,366.0804102684681
5,150,80,000,rep_1,water,10,a_obs_m2_m3_mid,7.6923,0.01571776268385655,457.0,0.17894260637904164,2.0433111922125438,223.6565833641571,318.2709886422919
5,150,80,000,rep_2,water,9,epsilon_obs_mid,7.6923,0.011138773068330533,441.0,0.1596341801000552,1.4480419469249162,304.54918860362733,319.5846870811445
5,150,80,000,rep_2,water,9,a_obs_m2_m3_mid,7.6923,0.02362889548549838,441.0,0.24721181236807832,3.0717594848742746,143.5659276618299,266.1773946121859
5,150,80,0125,rep_1,xanthan,1,epsilon_obs_mid,100.0,0.14246530784107478,491.0,0.06126300043497124,1.4246530784107476,344.6453087005072,434.31257529709
5,150,80,0125,rep_1,xanthan,1,a_obs_m2_m3_mid,100.0,0.21978419523262685,491.0,0.09772145253363088,2.1978419523262684,223.4009590545441,403.5803124585601
5,150,80,0125,rep_2,xanthan,1,epsilon_obs_mid,100.0,0.13829615820393287,489.0,0.1602153503268619,1.3829615820393286,353.5889979524347,353.94695784232874
5,150,80,0125,rep_2,xanthan,1,a_obs_m2_m3_mid,100.0,0.15863359619232156,489.0,0.11412670611809506,1.5863359619232156,308.2575266131862,388.8175719417088
5,150,80,025,rep_1,xanthan,1,epsilon_obs_mid,100.0,0.1432691332176509,500.0,0.009721370639229699,1.432691332176509,348.9935262192258,490.37222453450175
5,150,80,025,rep_1,xanthan,1,a_obs_m2_m3_mid,100.0,0.15952944408982375,500.0,0.08933492049175082,1.5952944408982375,313.42176540054436,417.9913185456104
5,150,80,025,rep_2,xanthan,1,epsilon_obs_mid,100.0,0.1,499.0,-0.04322086592116263,1.0,499.0,544.0829482510078
5,150,80,025,rep_2,xanthan,1,a_obs_m2_m3_mid,100.0,0.1,499.0,-0.02956314563460751,1.0,499.0,529.4028224099467
5,150,90,000,rep_1,water,10,epsilon_obs_mid,7.6923,0.01922729868022281,470.0,0.22183729218168263,2.499551327980293,188.03374619227085,299.3332050141955
5,150,90,000,rep_1,water,10,a_obs_m2_m3_mid,7.6923,0.03508421597581391,470.0,0.2734885416787394,4.560952637808446,103.04864736017882,268.1299236197856
5,150,90,000,rep_2,water,10,epsilon_obs_mid,7.6923,0.0152962235175005,475.0,0.14295445469193632,1.9885110457861108,238.87219586060684,356.17922687134205
5,150,90,000,rep_2,water,10,a_obs_m2_m3_mid,7.6923,0.016837401565984865,475.0,0.13582796273771017,2.188864392442425,217.00750473170038,361.39427022926515
5,150,90,0125,rep_1,xanthan,1,epsilon_obs_mid,100.0,0.1357814354185966,488.0,0.14223006765651397,1.357814354185966,359.4011202603354,366.4688391914211
5,150,90,0125,rep_1,xanthan,1,a_obs_m2_m3_mid,100.0,0.15927634811774594,488.0,0.08007289495073336,1.5927634811774594,306.385728808425,415.6427120453934
5,150,90,0125,rep_2,xanthan,1,epsilon_obs_mid,100.0,0.1079105005835187,494.0,0.012263984995713437,1.079105005835187,457.78677452956714,482.0299829339318
5,150,90,0125,rep_2,xanthan,1,a_obs_m2_m3_mid,100.0,0.1,494.0,0.05107939222320389,1.0,494.0,445.986082221838
5,150,90,025,rep_1,xanthan,1,epsilon_obs_mid,100.0,0.14314093275241652,499.0,0.11662891819356712,1.431409327524165,348.60748103625576,394.76155653797707
5,150,90,025,rep_1,xanthan,1,a_obs_m2_m3_mid,100.0,0.14653299801215686,499.0,0.07796655911411686,1.4653299801215687,340.5376309564084,426.8172172058528
5,150,90,025,rep_2,xanthan,1,epsilon_obs_mid,100.0,0.1,500.0,-0.027982616568502486,1.0,500.0,528.7881853200155
5,150,90,025,rep_2,xanthan,1,a_obs_m2_m3_mid,100.0,0.10457665045316536,500.0,0.03997522709427133,1.0457665045316535,478.11820117907195,461.56136602795476
5,75,45,000,rep_1,water,10,epsilon_obs_mid,7.6923,0.03157609113105161,489.0,0.5167009025909607,4.104895951932661,119.12604015450619,155.820609211279
5,75,45,000,rep_1,water,10,a_obs_m2_m3_mid,7.6923,0.05935134182098634,489.0,0.5699151136536896,7.715682152410376,63.37741632439286,133.96361853851084
5,75,45,000,rep_2,water,10,epsilon_obs_mid,7.6923,0.07540741059653953,491.0,0.5916287767782994,9.80297318052332,50.08684518035053,125.97803804962518
5,75,45,000,rep_2,water,10,a_obs_m2_m3_mid,7.6923,0.0781371283908158,491.0,0.5532080515145495,10.157836848642903,48.337063029871175,141.23983357699018
5,75,45,0125,rep_1,xanthan,1,epsilon_obs_mid,100.0,0.14331237688681636,498.0,-0.00948920959094107,1.4331237688681637,347.49266659173816,507.5417968628834
5,75,45,0125,rep_1,xanthan,1,a_obs_m2_m3_mid,100.0,0.11670514445246943,498.0,0.06708951334302903,1.1670514445246944,426.71640769256805,435.37999066234255
5,75,45,0125,rep_2,xanthan,1,epsilon_obs_mid,100.0,0.1,491.0,0.020970414210695835,1.0,491.0,470.8300259554303
5,75,45,0125,rep_2,xanthan,1,a_obs_m2_m3_mid,100.0,0.1,491.0,0.044384152701085346,1.0,491.0,449.2670439418852
5,75,45,025,rep_1,xanthan,1,epsilon_obs_mid,100.0,0.1,500.0,-0.015240985478349074,1.0,500.0,515.476868201864
5,75,45,025,rep_1,xanthan,1,a_obs_m2_m3_mid,100.0,0.14774357397254415,500.0,0.03848548561093112,1.4774357397254414,338.4241944038238,462.9407573392415
5,75,45,025,rep_2,xanthan,1,epsilon_obs_mid,100.0,0.1,500.0,0.01592009707284782,1.0,500.0,484.32938070748065
5,75,45,025,rep_2,xanthan,1,a_obs_m2_m3_mid,100.0,0.1446483277552029,500.0,0.1329784761364368,1.4464832775520289,345.6659387353445,382.6293006113357
5,75,55,000,rep_1,water,10,epsilon_obs_mid,7.6923,0.03402207719943011,491.0,0.580187288962542,4.422874458800373,111.0137772558833,130.4453228798742
5,75,55,000,rep_1,water,10,a_obs_m2_m3_mid,7.6923,0.05811430968917652,491.0,0.6027363664596337,7.554867814460761,64.99120991371652,121.70213901066586
5,75,55,000,rep_2,water,10,epsilon_obs_mid,7.6923,0.02850894841914434,491.0,0.5048215783558047,3.7061670006557645,132.48188759792072,161.56905810252334
5,75,55,000,rep_2,water,10,a_obs_m2_m3_mid,7.6923,0.0329442938950867,491.0,0.5187240629130682,4.28276248912376,114.64562913467962,155.59540464277856
5,75,55,0125,rep_1,xanthan,1,epsilon_obs_mid,100.0,0.12976500366364252,498.0,0.07620070015221433,1.2976500366364252,383.7706515162141,427.4779334924508
5,75,55,0125,rep_1,xanthan,1,a_obs_m2_m3_mid,100.0,0.16344674462982184,498.0,0.11768074555162605,1.6344674462982183,304.68639869694715,393.13103537310104
5,75,55,0125,rep_2,xanthan,1,epsilon_obs_mid,100.0,0.1,494.0,0.019695257015014178,1.0,494.0,474.91693199809845
5,75,55,0125,rep_2,xanthan,1,a_obs_m2_m3_mid,100.0,0.11736732000149609,494.0,0.08354544335663049,1.173673200014961,420.9008095215115,417.8214709475887
5,75,55,025,rep_1,xanthan,1,epsilon_obs_mid,100.0,0.10625017439116025,500.0,0.014281347953366831,1.0625017439116025,470.5874629054715,485.9197371792511
5,75,55,025,rep_1,xanthan,1,a_obs_m2_m3_mid,100.0,0.1,500.0,0.04974596638111555,1.0,500.0,452.6114241213907
5,75,55,025,rep_2,xanthan,1,epsilon_obs_mid,100.0,0.12149363932008322,499.0,-0.024871431045037994,1.2149363932008321,410.72109025012475,524.4547851157198
5,75,55,025,rep_2,xanthan,1,a_obs_m2_m3_mid,100.0,0.13951816275439582,499.0,-0.005261296516462585,1.3951816275439584,357.6595262929506,504.2785459186836
5,75,70,000,rep_1,water,10,epsilon_obs_mid,7.6923,0.022897848355875217,480.0,0.5185475471918919,2.976723262987041,161.25113340846346,152.18303685995102
5,75,70,000,rep_1,water,10,a_obs_m2_m3_mid,7.6923,0.02668564119170048,480.0,0.46631835914612835,3.469136824057886,138.36294857881649,174.70093449490093
5,75,70,000,rep_2,water,10,epsilon_obs_mid,7.6923,0.012157124866493268,485.0,0.3474513641531652,1.5804278130719378,306.87893239317714,234.87755981798827
5,75,70,000,rep_2,water,10,a_obs_m2_m3_mid,7.6923,0.021154762323236237,485.0,0.4161588469534775,2.7501218521425628,176.3558220600831,199.95141070277526
5,75,70,0125,rep_1,xanthan,1,epsilon_obs_mid,100.0,0.11296064426906674,487.0,0.009589019180824263,1.1296064426906673,431.1236034029602,477.7490033026498
5,75,70,0125,rep_1,xanthan,1,a_obs_m2_m3_mid,100.0,0.19026236066451926,487.0,0.11141957868919977,1.9026236066451927,255.96234499513247,389.3567051326633
5,75,70,0125,rep_2,xanthan,1,epsilon_obs_mid,100.0,0.10877112962039608,491.0,-0.0038469032883783516,1.0877112962039608,451.4065466760867,494.79224743832833
5,75,70,0125,rep_2,xanthan,1,a_obs_m2_m3_mid,100.0,0.13801850544863112,491.0,-0.011221626994045183,1.3801850544863112,355.74939636101516,502.1446993674143
5,75,70,025,rep_1,xanthan,1,epsilon_obs_mid,100.0,0.10233768869446837,499.0,0.033342915268411835,1.0233768869446838,487.6013972621333,466.79749592686613
5,75,70,025,rep_1,xanthan,1,a_obs_m2_m3_mid,100.0,0.16658529015043344,499.0,0.13242009389174647,1.6658529015043344,299.54625618467406,382.29838509859894
5,75,70,025,rep_2,xanthan,1,epsilon_obs_mid,100.0,0.10431377573344534,500.0,-0.03503176257263501,1.0431377573344534,479.32307740221967,536.3035395507221
5,75,70,025,rep_2,xanthan,1,a_obs_m2_m3_mid,100.0,0.10423701148131871,500.0,-0.011604755989108028,1.0423701148131872,479.67606984742616,511.74100751640214
5,75,80,000,rep_1,water,10,epsilon_obs_mid,7.6923,0.0223590563994033,489.0,0.5016795850946908,2.9066802386026676,168.23315943245194,162.27075689607292
5,75,80,000,rep_1,water,10,a_obs_m2_m3_mid,7.6923,0.026709187746351802,489.0,0.4539079519201522,3.4721978792236134,140.83298734959794,183.66981978355065
5,75,80,000,rep_2,water,10,epsilon_obs_mid,7.6923,0.01729860186309666,487.0,0.5268295197805811,2.2488204910230567,216.55796980863016,150.92321760976458
5,75,80,000,rep_2,water,10,a_obs_m2_m3_mid,7.6923,0.02433988261143324,487.0,0.46743706409854885,3.164187903674225,153.90994935367152,176.7422645436118
5,75,80,0125,rep_1,xanthan,1,epsilon_obs_mid,100.0,0.1,492.0,-0.03386188713094732,1.0,492.0,526.4879230961135
5,75,80,0125,rep_1,xanthan,1,a_obs_m2_m3_mid,100.0,0.146121843399254,492.0,0.00736019262788892,1.46121843399254,336.7053060340134,484.8104866572606
5,75,80,0125,rep_2,xanthan,1,epsilon_obs_mid,100.0,0.11288734608092783,493.0,0.07344960396545672,1.1288734608092783,436.7185668857634,425.5340386335726
5,75,80,0125,rep_2,xanthan,1,a_obs_m2_m3_mid,100.0,0.1299245203046057,493.0,0.01419633116878209,1.2992452030460568,379.45108347844615,479.198350257994
5,75,80,025,rep_1,xanthan,1,epsilon_obs_mid,100.0,0.1,499.0,-0.014028820472674071,1.0,499.0,513.1999716852177
5,75,80,025,rep_1,xanthan,1,a_obs_m2_m3_mid,100.0,0.1311040866321273,499.0,0.049141778449341124,1.311040866321273,380.61361229736,452.2537013587144
5,75,80,025,rep_2,xanthan,1,epsilon_obs_mid,100.0,0.1,500.0,-0.04632492296260409,1.0,500.0,548.5751636778776
5,75,80,025,rep_2,xanthan,1,a_obs_m2_m3_mid,100.0,0.1,500.0,-0.06380796645536344,1.0,500.0,568.1569209831576
5,75,90,000,rep_1,water,10,epsilon_obs_mid,7.6923,0.016030897923759946,484.0,0.28843767990537533,2.0840188141076066,232.24358471411048,267.29749393163604
5,75,90,000,rep_1,water,10,a_obs_m2_m3_mid,7.6923,0.02907896717199952,484.0,0.36005017958827196,3.78026951262945,128.0331993216386,227.73844504255177
5,75,90,000,rep_2,water,10,epsilon_obs_mid,7.6923,0.017799939230029125,486.0,0.3907137541404005,2.3139944138982,210.02643614047236,212.92168471490584
5,75,90,000,rep_2,water,10,a_obs_m2_m3_mid,7.6923,0.0222809952791804,486.0,0.36816416822259773,2.8965322828257345,167.78684045112004,224.44105859221523
5,75,90,0125,rep_1,xanthan,1,epsilon_obs_mid,100.0,0.10808324146012874,486.0,-0.0054941895056945566,1.0808324146012873,449.65342770486996,491.369855201631
5,75,90,0125,rep_1,xanthan,1,a_obs_m2_m3_mid,100.0,0.1,486.0,-0.036565504905844363,1.0,486.0,522.8905939630149
5,75,90,0125,rep_2,xanthan,1,epsilon_obs_mid,100.0,0.1,492.0,-0.016947805212933546,1.0,492.0,508.9641453607037
5,75,90,0125,rep_2,xanthan,1,a_obs_m2_m3_mid,100.0,0.1,492.0,0.01359167594004431,1.0,492.0,478.80513125504916
5,75,90,025,rep_1,xanthan,1,epsilon_obs_mid,100.0,0.1,500.0,-0.016720777995487084,1.0,500.0,517.0051167779179
5,75,90,025,rep_1,xanthan,1,a_obs_m2_m3_mid,100.0,0.1,500.0,0.04419712468918682,1.0,500.0,457.67358131507746
5,75,90,025,rep_2,xanthan,1,epsilon_obs_mid,100.0,0.1,500.0,0.07888589086876281,1.0,500.0,426.88208128735397
5,75,90,025,rep_2,xanthan,1,a_obs_m2_m3_mid,100.0,0.11161620869776713,500.0,0.1574778239950437,1.1161620869776714,447.96361194626604,363.94743749689496
6,100,45,000,rep_1,water,10,epsilon_obs_mid,7.6923,0.12307715117256243,491.0,0.5736161566075562,16.000045652478768,30.687412440222197,133.04036453020532
6,100,45,000,rep_1,water,10,a_obs_m2_m3_mid,7.6923,0.13841601123249464,491.0,0.6476111953334674,17.994099454323756,27.286722586276408,105.01440120176447
6,100,45,000,rep_2,water,11,epsilon_obs_mid,7.6923,0.08793960816807,507.0,0.6458727388175869,11.432160494009596,44.34857263118952,109.08651512660012
6,100,45,000,rep_2,water,11,a_obs_m2_m3_mid,7.6923,0.15992168078635782,507.0,0.7392475661683957,20.789839292065807,24.38691289900882,76.01073390826495
6,100,45,0125,rep_1,xanthan,1,epsilon_obs_mid,100.0,0.11250021668411231,496.0,0.04698706593424338,1.125002166841123,440.8880397028133,451.4806635885444
6,100,45,0125,rep_1,xanthan,1,a_obs_m2_m3_mid,100.0,0.1919608447919151,496.0,0.0726090953005951,1.919608447919151,258.38602686795963,428.84764892096626
6,100,45,0125,rep_2,xanthan,1,epsilon_obs_mid,100.0,0.1362935751764312,495.0,0.07518145581925062,1.362935751764312,363.18659875142725,425.774809351278
6,100,45,0125,rep_2,xanthan,1,a_obs_m2_m3_mid,100.0,0.1648499929257894,495.0,0.10053121766916445,1.648499929257894,300.27298831783054,404.56557715531187
6,100,45,025,rep_1,xanthan,1,epsilon_obs_mid,100.0,0.10589750697568398,500.0,0.017305321524814725,1.0589750697568399,472.1546467706829,482.9890582909012
6,100,45,025,rep_1,xanthan,1,a_obs_m2_m3_mid,100.0,0.1274030147573317,500.0,0.05165066640572649,1.2740301475733171,392.45539122631027,450.8860992954482
6,100,45,025,rep_2,xanthan,1,epsilon_obs_mid,100.0,0.11390514085581491,500.0,0.01569386195707973,1.1390514085581491,438.9617503154817,484.5486297152174
6,100,45,025,rep_2,xanthan,1,a_obs_m2_m3_mid,100.0,0.4373963631002256,500.0,0.14375000623598586,4.3739636310022565,114.31279319655185,374.31693512373505
6,100,55,000,rep_1,water,10,epsilon_obs_mid,7.6923,0.03369936587355046,491.0,0.5214056929212744,4.380921944483505,112.07686560548551,154.4557154406638
6,100,55,000,rep_1,water,10,a_obs_m2_m3_mid,7.6923,0.0598652702158288,491.0,0.5381914234096905,7.782492910550654,63.090324095812,147.4120890644497
6,100,55,000,rep_2,water,10,epsilon_obs_mid,7.6923,0.059623782381144144,491.0,0.6280522921116544,7.7510994606481995,63.34585209398658,112.17472894332126
6,100,55,000,rep_2,water,10,a_obs_m2_m3_mid,7.6923,0.096913152790333,491.0,0.6675975493549039,12.598722461465751,38.97220543604835,97.87109805353123
6,100,55,0125,rep_1,xanthan,1,epsilon_obs_mid,100.0,0.1,496.0,0.0010107631347471757,1.0,496.0,494.99833541596576
6,100,55,0125,rep_1,xanthan,1,a_obs_m2_m3_mid,100.0,0.21517075449991863,496.0,0.124122408430587,2.1517075449991863,230.5145981166263,386.46617322125434
6,100,55,0125,rep_2,xanthan,1,epsilon_obs_mid,100.0,0.11272711637211501,497.0,0.03166371788975241,1.12727116372115,440.88770829495064,466.49225310860714
6,100,55,0125,rep_2,xanthan,1,a_obs_m2_m3_mid,100.0,0.20922023184621552,497.0,0.1424954798694468,2.092202318462155,237.548728253639,373.0253239632813
6,100,55,025,rep_1,xanthan,1,epsilon_obs_mid,100.0,0.1,500.0,-0.010356500386759998,1.0,500.0,510.46487991969576
6,100,55,025,rep_1,xanthan,1,a_obs_m2_m3_mid,100.0,0.1,500.0,-0.00451794721925138,1.0,500.0,504.53845170450944
6,100,55,025,rep_2,xanthan,1,epsilon_obs_mid,100.0,0.1,500.0,0.03168524079809517,1.0,500.0,469.28788011585397
6,100,55,025,rep_2,xanthan,1,a_obs_m2_m3_mid,100.0,0.10834638126859922,500.0,0.09791129662397118,1.0834638126859921,461.48287939627687,410.8203942112226
6,100,70,000,rep_1,water,10,epsilon_obs_mid,7.6923,0.0498347485492908,490.0,0.38456091934855,6.478523789931594,75.63451426411662,217.805620038084
6,100,70,000,rep_1,water,10,a_obs_m2_m3_mid,7.6923,0.046473979854943066,490.0,0.40108109705647094,6.041623422766021,81.10402878696213,209.459868567837
6,100,70,000,rep_2,water,10,epsilon_obs_mid,7.6923,0.048217123685495696,491.0,0.3593751053861394,6.268232347346787,78.3314932810093,231.39074859404352
6,100,70,000,rep_2,water,10,a_obs_m2_m3_mid,7.6923,0.051750932757864784,491.0,0.3832850717462714,6.727627986150408,72.98263236474723,218.90428513792492
6,100,70,0125,rep_1,xanthan,1,epsilon_obs_mid,100.0,0.11870559131362396,491.0,0.050279077280315373,1.1870559131362395,413.6283679365721,443.98958633249816
6,100,70,0125,rep_1,xanthan,1,a_obs_m2_m3_mid,100.0,0.1075077184511903,491.0,0.027203993261221714,1.075077184511903,456.71139437576244,464.9931682920101
6,100,70,0125,rep_2,xanthan,1,epsilon_obs_mid,100.0,0.1106439329740242,490.0,-0.004226987079696829,1.106439329740242,442.862059246427,494.16003173851277
6,100,70,0125,rep_2,xanthan,1,a_obs_m2_m3_mid,100.0,0.1755514429310561,490.0,0.11672133975414858,1.755514429310561,279.1204628220781,387.5689736669235
6,100,70,025,rep_1,xanthan,1,epsilon_obs_mid,100.0,0.14333092711094236,500.0,0.29857676967355173,1.4333092711094235,348.84306553950165,270.07384034090586
6,100,70,025,rep_1,xanthan,1,a_obs_m2_m3_mid,100.0,0.12986013373971028,500.0,0.023782954252580465,1.2986013373971028,385.0296358097032,476.7695348376421
6,100,70,025,rep_2,xanthan,1,epsilon_obs_mid,100.0,0.15271536325482346,499.0,0.112852626814054,1.5271536325482347,326.75167014294436,397.79439662836455
6,100,70,025,rep_2,xanthan,1,a_obs_m2_m3_mid,100.0,0.16981326909743355,499.0,0.05050904508193537,1.6981326909743357,293.8521840208431,451.01561830641845
6,100,80,000,rep_1,water,10,epsilon_obs_mid,7.6923,0.05774830220198121,491.0,0.508241624464958,7.507286793544351,65.40312279294027,160.08931093740378
6,100,80,000,rep_1,water,10,a_obs_m2_m3_mid,7.6923,0.0499358148675356,491.0,0.40460665601430995,6.491662424442052,75.63547946536987,208.12811234036718
6,100,80,000,rep_2,water,10,epsilon_obs_mid,7.6923,0.040930231665606484,488.0,0.40252274915059405,5.32093543746428,91.71319699991679,207.88889063731207
6,100,80,000,rep_2,water,10,a_obs_m2_m3_mid,7.6923,0.06734678296242673,488.0,0.388781618383235,8.755090540206014,55.73900095709541,214.77427860560312
6,100,80,0125,rep_1,xanthan,1,epsilon_obs_mid,100.0,0.1,493.0,-0.05556559690943007,1.0,493.0,551.0110999487214
6,100,80,0125,rep_1,xanthan,1,a_obs_m2_m3_mid,100.0,0.11137917153612958,493.0,0.07144575833637756,1.113791715361296,442.6321305865332,427.2519048009969
6,100,80,0125,rep_2,xanthan,1,epsilon_obs_mid,100.0,0.13219625694273676,491.0,0.14439483672629697,1.3219625694273678,371.4174753167827,367.0954479042825
6,100,80,0125,rep_2,xanthan,1,a_obs_m2_m3_mid,100.0,0.17890981162150202,491.0,0.06715021586876317,1.7890981162150204,274.4399513642939,429.20784459154834
6,100,80,025,rep_1,xanthan,1,epsilon_obs_mid,100.0,0.1,500.0,0.017750907129513705,1.0,500.0,482.55869191059855
6,100,80,025,rep_1,xanthan,1,a_obs_m2_m3_mid,100.0,0.11263732991166407,500.0,0.06672315263314468,1.1263732991166406,443.90256799599695,437.45035675991244
6,100,80,025,rep_2,xanthan,1,epsilon_obs_mid,100.0,0.1,499.0,-0.027523783714121824,1.0,499.0,527.246177836208
6,100,80,025,rep_2,xanthan,1,a_obs_m2_m3_mid,100.0,0.13225110563296322,499.0,0.11232946786760498,1.3225110563296323,377.3125355827843,398.2161835406728
6,100,90,000,rep_1,water,10,epsilon_obs_mid,7.6923,0.01912036481648624,486.0,0.294990014557962,2.485649911793123,195.5223049288564,264.5849381640113
6,100,90,000,rep_1,water,10,a_obs_m2_m3_mid,7.6923,0.03941943093428375,486.0,0.2811201850371706,5.124531145988033,94.8379444196542,272.71101817960835
6,100,90,000,rep_2,water,10,epsilon_obs_mid,7.6923,0.03972511059886788,488.0,0.4863735823913134,5.1642695421223666,94.49545497569943,168.63169176472303
6,100,90,000,rep_2,water,10,a_obs_m2_m3_mid,7.6923,0.05282316770768853,488.0,0.38928461848891716,6.867018669018178,71.06431823197191,214.51983431700674
6,100,90,0125,rep_1,xanthan,1,epsilon_obs_mid,100.0,0.1,490.0,0.11615985231307632,1.0,490.0,388.01043727660954
6,100,90,0125,rep_1,xanthan,1,a_obs_m2_m3_mid,100.0,0.19837608860847733,490.0,0.13420416950894432,1.9837608860847733,247.00557584189636,374.04196558745923
6,100,90,0125,rep_2,xanthan,1,epsilon_obs_mid,100.0,0.1188145537862775,485.0,-0.06126967959202563,1.188145537862775,408.19915115147717,548.310609993332
6,100,90,0125,rep_2,xanthan,1,a_obs_m2_m3_mid,100.0,0.15163855011626395,485.0,0.03829566790658728,1.5163855011626397,319.839512860115,449.2232949461446
6,100,90,025,rep_1,xanthan,1,epsilon_obs_mid,100.0,0.11127463005489165,500.0,-0.002955586423302874,1.1127463005489164,449.33872146180187,502.9643478094424
6,100,90,025,rep_1,xanthan,1,a_obs_m2_m3_mid,100.0,0.1,500.0,0.059896813169939875,1.0,500.0,443.4880712672393
6,100,90,025,rep_2,xanthan,1,epsilon_obs_mid,100.0,0.11970848744777214,500.0,0.0316209980120848,1.1970848744777214,417.68132791598924,469.3482411922422
6,100,90,025,rep_2,xanthan,1,a_obs_m2_m3_mid,100.0,0.1125995918639806,500.0,0.017478692337420897,1.1259959186398059,444.0513431025541,482.8215642557903
6,125,45,000,rep_1,water,10,epsilon_obs_mid,7.6923,0.06387406953702253,491.0,0.6585598570722093,8.303637343450273,59.13071340805726,101.07992754237166
6,125,45,000,rep_1,water,10,a_obs_m2_m3_mid,7.6923,0.07905475689178501,491.0,0.6705799503146845,10.277128673060723,47.77599031984981,96.81981659424453
6,125,45,000,rep_2,water,10,epsilon_obs_mid,7.6923,0.11990174333129,491.0,0.5763754566058845,15.587242220309921,31.500119973771564,131.9480393677009
6,125,45,000,rep_2,water,10,a_obs_m2_m3_mid,7.6923,0.12830428347671263,491.0,0.632873253980033,16.679573531546176,29.43720347953554,110.39389117093593
6,125,45,0125,rep_1,xanthan,1,epsilon_obs_mid,100.0,0.13184229900935038,500.0,0.028552148250525086,1.3184229900935036,379.2409596593424,472.24044663258957
6,125,45,0125,rep_1,xanthan,1,a_obs_m2_m3_mid,100.0,0.24530367879149725,500.0,0.07184260071540587,2.4530367879149724,203.82898555100311,432.9728071384229
6,125,45,0125,rep_2,xanthan,1,epsilon_obs_mid,100.0,0.13850782025575606,497.0,0.046860886648383976,1.3850782025575605,358.8245046974854,452.5053379846651
6,125,45,0125,rep_2,xanthan,1,a_obs_m2_m3_mid,100.0,0.2105181489095916,497.0,0.07058007236951488,2.105181489095916,236.0841583370752,431.46861776530153
6,125,45,025,rep_1,xanthan,1,epsilon_obs_mid,100.0,0.16169690722001145,499.0,0.01949302732914935,1.6169690722001147,308.60206826407637,479.91792611327963
6,125,45,025,rep_1,xanthan,1,a_obs_m2_m3_mid,100.0,0.13085051687525778,499.0,0.17280692534583966,1.308505168752578,381.3511875353965,351.94995470435833
6,125,45,025,rep_2,xanthan,1,epsilon_obs_mid,100.0,0.11596915018643841,500.0,0.041484133011606146,1.159691501864384,431.1491454375344,460.16825249977774
6,125,45,025,rep_2,xanthan,1,a_obs_m2_m3_mid,100.0,0.23938856778828882,500.0,0.09894238280074352,2.393885677882888,208.8654460902208,409.9658140870125
6,125,55,000,rep_1,water,10,epsilon_obs_mid,7.6923,0.05888688461339269,491.0,0.5227597024661299,7.655302655043704,64.13854841865776,153.88178824908337
6,125,55,000,rep_1,water,10,a_obs_m2_m3_mid,7.6923,0.0787568773788194,491.0,0.5358989179290387,10.238404297650819,47.95669185604039,148.36499240724788
6,125,55,000,rep_2,water,10,epsilon_obs_mid,7.6923,0.07631312233153888,491.0,0.5109900290036098,9.920715823815877,49.492396387496065,158.9050166780776
6,125,55,000,rep_2,water,10,a_obs_m2_m3_mid,7.6923,0.11068952789909849,491.0,0.5405432196376588,14.389653016535819,34.12174007502259,146.43748794725138
6,125,55,0125,rep_1,xanthan,1,epsilon_obs_mid,100.0,0.11922158029429417,498.0,-0.020342268953032185,1.1922158029429417,417.7096116078188,518.6816107657999
6,125,55,0125,rep_1,xanthan,1,a_obs_m2_m3_mid,100.0,0.13275763891707634,498.0,0.08475650438508582,1.3275763891707635,375.11965719054626,420.17840775667986
6,125,55,0125,rep_2,xanthan,1,epsilon_obs_mid,100.0,0.11371337764190438,496.0,0.07124601656106849,1.137133776419044,436.1843876997104,430.0244469188644
6,125,55,0125,rep_2,xanthan,1,a_obs_m2_m3_mid,100.0,0.11918342147514886,496.0,0.15094754637074054,1.1918342147514887,416.16526347451924,365.8985314561496
6,125,55,025,rep_1,xanthan,1,epsilon_obs_mid,100.0,0.1784326936249136,500.0,0.1491935969098069,1.7843269362491359,280.21770553498374,370.1754018548398
6,125,55,025,rep_1,xanthan,1,a_obs_m2_m3_mid,100.0,0.142587205330035,500.0,0.09784603561831695,1.4258720533003502,350.6625989636943,410.87453755461337
6,125,55,025,rep_2,xanthan,1,epsilon_obs_mid,100.0,0.1,500.0,0.007543196139287297,1.0,500.0,492.5132776756456
6,125,55,025,rep_2,xanthan,1,a_obs_m2_m3_mid,100.0,0.12431550460213737,500.0,0.03462426265244893,1.2431550460213738,402.2024457851924,466.5344570949039
6,125,70,000,rep_1,water,10,epsilon_obs_mid,7.6923,0.05812861921996268,490.0,0.44616030592585937,7.5567280553232035,64.8428786126329,187.65654746870217
6,125,70,000,rep_1,water,10,a_obs_m2_m3_mid,7.6923,0.06241356133367369,490.0,0.41482817847525577,8.113771087148667,60.39115409308341,202.66361450062072
6,125,70,000,rep_2,water,10,epsilon_obs_mid,7.6923,0.09030013484617548,474.0,0.6199385440444395,11.73902926903208,40.37812574932636,111.20738548091097
6,125,70,000,rep_2,water,10,a_obs_m2_m3_mid,7.6923,0.16447008764475468,474.0,0.6477721021955152,21.38113277495088,22.169077989886294,101.32227832773187
6,125,70,0125,rep_1,xanthan,1,epsilon_obs_mid,100.0,0.15547541141662535,493.0,0.17551381083346593,1.5547541141662535,317.091941103738,345.78214863413956
6,125,70,0125,rep_1,xanthan,1,a_obs_m2_m3_mid,100.0,0.15379274289860098,493.0,0.10014022338961658,1.5379274289860099,320.56128963448293,403.24938624828957
6,125,70,0125,rep_2,xanthan,1,epsilon_obs_mid,100.0,0.1525004421046329,495.0,0.1584362913573789,1.525004421046329,324.5892229350869,359.60029816571404
6,125,70,0125,rep_2,xanthan,1,a_obs_m2_m3_mid,100.0,0.17998340067112983,495.0,0.0828611780531577,1.7998340067112983,275.02536242465845,419.2446142356771
6,125,70,025,rep_1,xanthan,1,epsilon_obs_mid,100.0,0.14309961876291658,500.0,0.017105418447396017,1.430996187629166,349.4069406490774,483.1822560993655
6,125,70,025,rep_1,xanthan,1,a_obs_m2_m3_mid,100.0,0.18995263282917774,500.0,0.05637124090463554,1.8995263282917774,263.2235165961845,446.6369030868718
6,125,70,025,rep_2,xanthan,1,epsilon_obs_mid,100.0,0.1,500.0,-0.026636717764073548,1.0,500.0,527.3656488283449
6,125,70,025,rep_2,xanthan,1,a_obs_m2_m3_mid,100.0,0.10112775429874687,500.0,-0.014422395256037352,1.0112775429874687,494.4241108360059,514.6334445776941
6,125,80,000,rep_1,water,10,epsilon_obs_mid,7.6923,0.062161641505412736,490.0,0.4851663136342932,8.081021476725132,60.635898742664224,169.85875858029652
6,125,80,000,rep_1,water,10,a_obs_m2_m3_mid,7.6923,0.03393892653647651,490.0,0.40526873549844805,4.412064861806807,111.05911072198916,207.37550921347048
6,125,80,000,rep_2,water,10,epsilon_obs_mid,7.6923,0.049399105403887054,488.0,0.4645351790266184,6.421890124395441,75.99008867283298,178.42304942697518
6,125,80,000,rep_2,water,10,a_obs_m2_m3_mid,7.6923,0.055573272465659955,488.0,0.47174984695081146,7.224532645068439,67.5476219673691,175.15617563819572
6,125,80,0125,rep_1,xanthan,1,epsilon_obs_mid,100.0,0.15494888259153633,494.0,0.07545270708958485,1.5494888259153632,318.81481927316815,424.68288906329366
6,125,80,0125,rep_1,xanthan,1,a_obs_m2_m3_mid,100.0,0.12849421954329251,494.0,0.12814272909080177,1.284942195432925,384.4530919412765,381.7757103981459
6,125,80,0125,rep_2,xanthan,1,epsilon_obs_mid,100.0,0.13369785760008246,493.0,0.01348961803474868,1.3369785760008248,368.74188476128273,479.8762707130108
6,125,80,0125,rep_2,xanthan,1,a_obs_m2_m3_mid,100.0,0.13050064995851332,493.0,0.0031942730749054105,1.3050064995851332,377.7758962554797,489.8604752475281
6,125,80,025,rep_1,xanthan,1,epsilon_obs_mid,100.0,0.1,497.0,-0.05155190582018263,1.0,497.0,551.0278320972053
6,125,80,025,rep_1,xanthan,1,a_obs_m2_m3_mid,100.0,0.13717079123746118,497.0,-0.008798180098160947,1.3717079123746116,362.32203336906167,505.82301751467526
6,125,80,025,rep_2,xanthan,1,epsilon_obs_mid,100.0,0.1267054946158554,500.0,0.03856303929261057,1.2670549461585539,394.61587795848607,462.8688506776856
6,125,80,025,rep_2,xanthan,1,a_obs_m2_m3_mid,100.0,0.1324314940313797,500.0,0.12656068823583014,1.3243149403137968,377.5536957104213,387.6574608385977
6,125,90,000,rep_1,water,10,epsilon_obs_mid,7.6923,0.05504756534427322,473.0,0.24929935648368304,7.1561906509461695,66.09661802923898,284.2244355129111
6,125,90,000,rep_1,water,10,a_obs_m2_m3_mid,7.6923,0.05093152307774949,473.0,0.1995069665639036,6.621104621212054,71.4382307877523,315.65736204092485
6,125,90,000,rep_2,water,9,epsilon_obs_mid,7.6923,0.04024356734986261,411.0,0.3054820911622085,5.231668987151126,78.56001612667157,218.6524521973431
6,125,90,000,rep_2,water,9,a_obs_m2_m3_mid,7.6923,0.02921461358766898,411.0,0.3146619321463319,3.7979035643005314,108.2175976934514,214.25580143481713
6,125,90,0125,rep_1,xanthan,1,epsilon_obs_mid,100.0,0.1,488.0,-0.049597831216636454,1.0,488.0,538.9336835051681
6,125,90,0125,rep_1,xanthan,1,a_obs_m2_m3_mid,100.0,0.15552993003165486,488.0,0.1141344545302866,1.5552993003165485,313.7659741122997,388.01635155559086
6,125,90,0125,rep_2,xanthan,1,epsilon_obs_mid,100.0,0.10603831525102858,493.0,0.049992870025366905,1.0603831525102858,464.9262852138891,446.05399564873153
6,125,90,0125,rep_2,xanthan,1,a_obs_m2_m3_mid,100.0,0.13077284333845804,493.0,0.13141704362168768,1.3077284333845804,376.98958546312895,378.4735256628228
6,125,90,025,rep_1,xanthan,1,epsilon_obs_mid,100.0,0.11220236780182795,499.0,0.022654614154308274,1.1220236780182795,444.7321476150439,476.89155340124626
6,125,90,025,rep_1,xanthan,1,a_obs_m2_m3_mid,100.0,0.12233730700933589,499.0,0.0738194734664913,1.223373070093359,407.8886581686157,430.3927188508402
6,125,90,025,rep_2,xanthan,1,epsilon_obs_mid,100.0,0.1,497.0,0.05092643804390446,1.0,497.0,448.8321382133444
6,125,90,025,rep_2,xanthan,1,a_obs_m2_m3_mid,100.0,0.1162489969938056,497.0,0.1012799155606469,1.162489969938056,427.53057045858463,405.58615085517823
6,150,45,000,rep_1,water,10,epsilon_obs_mid,7.6923,0.11797427372671732,491.0,0.724336164329224,15.33667092114417,32.014770514706306,78.4945221902269
6,150,45,000,rep_1,water,10,a_obs_m2_m3_mid,7.6923,0.19437588501641526,491.0,0.8108069889383984,25.2688903210243,19.431007605089672,51.29965203287964
6,150,45,000,rep_2,water,10,epsilon_obs_mid,7.6923,0.06854030696052202,491.0,0.5639065938727952,8.910248815116677,55.10508294302559,136.91473854472014
6,150,45,000,rep_2,water,10,a_obs_m2_m3_mid,7.6923,0.11280313352518011,491.0,0.5940035156676963,14.664422022695435,33.4823970041303,125.05886709017689
6,150,45,0125,rep_1,xanthan,1,epsilon_obs_mid,100.0,0.11805529167605455,498.0,0.06366505338644099,1.1805529167605455,421.83623701216146,438.3849990455054
6,150,45,0125,rep_1,xanthan,1,a_obs_m2_m3_mid,100.0,0.11630868404395933,498.0,0.036200299088303405,1.1630868404395933,428.17095223240506,463.2041232533194
6,150,45,0125,rep_2,xanthan,1,epsilon_obs_mid,100.0,0.1,499.0,-0.03456567412236476,1.0,499.0,534.7316306759247
6,150,45,0125,rep_2,xanthan,1,a_obs_m2_m3_mid,100.0,0.1,499.0,0.00768669197670767,1.0,499.0,491.38719866617873
6,150,45,025,rep_1,xanthan,1,epsilon_obs_mid,100.0,0.12360132713187397,500.0,0.049843315061383356,1.2360132713187397,404.5264008100293,452.5230914496331
6,150,45,025,rep_1,xanthan,1,a_obs_m2_m3_mid,100.0,0.19014674846285734,500.0,0.08129480811460936,1.9014674846285735,262.9547988813852,424.81716595277254
6,150,45,025,rep_2,xanthan,1,epsilon_obs_mid,100.0,0.13607859136906317,499.0,0.09249720094902232,1.3607859136906317,366.6998570308873,414.5034846158551
6,150,45,025,rep_2,xanthan,1,a_obs_m2_m3_mid,100.0,0.18449010087906373,499.0,0.04954144832971464,1.8449010087906372,270.4752166226537,451.8914598735096
6,150,55,000,rep_1,water,10,epsilon_obs_mid,7.6923,0.10860672207407793,491.0,0.6439305141417662,14.118887988518118,34.77610987489207,106.34884872105741
6,150,55,000,rep_1,water,10,a_obs_m2_m3_mid,7.6923,0.09823378310792578,491.0,0.6605241169307179,12.770404574434925,38.44827289050286,100.37954696804445
6,150,55,000,rep_2,water,10,epsilon_obs_mid,7.6923,0.12224233917694052,474.0,0.4852213285800723,15.891519984522251,29.827228639026245,164.28870603839488
6,150,55,000,rep_2,water,10,a_obs_m2_m3_mid,7.6923,0.12299653412467744,474.0,0.6565474245903906,15.989565425773492,29.644332874485883,98.27459107269993
6,150,55,0125,rep_1,xanthan,1,epsilon_obs_mid,100.0,0.13130432950340168,496.0,-0.0036454760772945023,1.3130432950340167,377.74839708324333,499.6295436833453
6,150,55,0125,rep_1,xanthan,1,a_obs_m2_m3_mid,100.0,0.13610814685353445,496.0,0.05671822308125202,1.3610814685353445,364.416099598905,442.7554584868026
6,150,55,0125,rep_2,xanthan,1,epsilon_obs_mid,100.0,0.10247104757866397,495.0,0.10222052724040323,1.0247104757866397,483.063276600157,403.1868650900864
6,150,55,0125,rep_2,xanthan,1,a_obs_m2_m3_mid,100.0,0.18147958160322145,495.0,0.08427808357265587,1.8147958160322144,272.757957466667,418.04990389364593
6,150,55,025,rep_1,xanthan,1,epsilon_obs_mid,100.0,0.2662077043064464,499.0,0.14399340807772573,2.6620770430644645,187.4476177539826,373.3826491945952
6,150,55,025,rep_1,xanthan,1,a_obs_m2_m3_mid,100.0,0.2247615737143081,499.0,0.1978401872456216,2.247615737143081,222.0130388632504,334.1662358856527
6,150,55,025,rep_2,xanthan,1,epsilon_obs_mid,100.0,0.1369848739742205,500.0,0.19964929836511552,1.3698487397422048,365.00380333532024,333.57694733185946
6,150,55,025,rep_2,xanthan,1,a_obs_m2_m3_mid,100.0,0.13718332776479508,500.0,0.14191186973875664,1.371833277647951,364.47577715658343,375.72432382962893
6,150,70,000,rep_1,water,9,epsilon_obs_mid,7.6923,0.013597206094915016,430.0,0.22181450154720317,1.767638559977512,243.26240088667817,273.87116776807636
6,150,70,000,rep_1,water,9,a_obs_m2_m3_mid,7.6923,0.018027347968396192,430.0,0.20578490164785165,2.3435575794490844,183.48173041307692,283.2283700224687
6,150,70,000,rep_2,water,10,epsilon_obs_mid,7.6923,0.034200197598389846,484.0,0.3408596304812974,4.446030133820814,108.86116050321542,237.92493382214764
6,150,70,000,rep_2,water,10,a_obs_m2_m3_mid,7.6923,0.0326808200633575,484.0,0.3529995479886093,4.248510856747331,113.92226978338273,231.44739348881845
6,150,70,0125,rep_1,xanthan,1,epsilon_obs_mid,100.0,0.1,491.0,-0.03035549614046266,1.0,491.0,521.7422948217447
6,150,70,0125,rep_1,xanthan,1,a_obs_m2_m3_mid,100.0,0.1,491.0,-0.012070121647721322,1.0,491.0,502.997672828593
6,150,70,0125,rep_2,xanthan,1,epsilon_obs_mid,100.0,0.1167708321239068,497.0,-0.004549261854860153,1.167708321239068,425.61998656704606,501.54263190578064
6,150,70,0125,rep_2,xanthan,1,a_obs_m2_m3_mid,100.0,0.1209902946172875,497.0,0.1260027705372694,1.209902946172875,410.7767499633702,385.7686982739087
6,150,70,025,rep_1,xanthan,1,epsilon_obs_mid,100.0,0.11352545180120781,498.0,0.06346801616294968,1.135254518012078,438.6681507086517,438.5584905821823
6,150,70,025,rep_1,xanthan,1,a_obs_m2_m3_mid,100.0,0.13571816353530808,498.0,0.10277748961399187,1.3571816353530808,366.9368837800709,405.174039532338
6,150,70,025,rep_2,xanthan,1,epsilon_obs_mid,100.0,0.15311881892443766,496.0,0.022132719019903584,1.5311881892443766,323.9314432308743,474.51975887358634
6,150,70,025,rep_2,xanthan,1,a_obs_m2_m3_mid,100.0,0.18181028426171722,496.0,0.09729617876671606,1.8181028426171721,272.8118500084431,408.0403304009847
6,150,80,000,rep_1,water,10,epsilon_obs_mid,7.6923,0.05467004198458032,465.0,0.4854290194128662,7.1071125651080065,65.42741454284725,161.08175001697066
6,150,80,000,rep_1,water,10,a_obs_m2_m3_mid,7.6923,0.04418178030327633,465.0,0.3262459084017716,5.7436371830631066,80.95915274230701,236.22742253789235
6,150,80,000,rep_2,water,10,epsilon_obs_mid,7.6923,0.06345320627675402,454.0,0.36807611885475033,8.248925064903087,55.03747414698255,209.70575985209712
6,150,80,000,rep_2,water,10,a_obs_m2_m3_mid,7.6923,0.020336627083645104,454.0,0.2590295056174441,2.643764164638028,171.72484825709088,267.1904057440697
6,150,80,0125,rep_1,xanthan,1,epsilon_obs_mid,100.0,0.12877639636925106,489.0,0.09255627941328524,1.2877639636925107,379.72797328312436,406.1483950329742
6,150,80,0125,rep_1,xanthan,1,a_obs_m2_m3_mid,100.0,0.17324047521963468,489.0,0.16995797279063796,1.7324047521963468,282.26660044660156,346.9274629901697
6,150,80,0125,rep_2,xanthan,1,epsilon_obs_mid,100.0,0.11187264876058807,493.0,0.03483992478983652,1.1187264876058807,440.67965267814446,459.80436749697753
6,150,80,0125,rep_2,xanthan,1,a_obs_m2_m3_mid,100.0,0.10717327748139342,493.0,-0.02927389612315154,1.0717327748139343,460.0027279053687,522.7345064299304
6,150,80,025,rep_1,xanthan,1,epsilon_obs_mid,100.0,0.15244503159387085,499.0,0.08067197026431253,1.5244503159387084,327.3311007795827,424.4994776036502
6,150,80,025,rep_1,xanthan,1,a_obs_m2_m3_mid,100.0,0.13051277049894563,499.0,0.0994116402938646,1.3051277049894563,382.33806400120153,408.7582621676099
6,150,80,025,rep_2,xanthan,1,epsilon_obs_mid,100.0,0.13247150775502167,498.0,0.12023478534052282,1.3247150775502166,375.92989499368184,391.0993325986047
6,150,80,025,rep_2,xanthan,1,a_obs_m2_m3_mid,100.0,0.19566474870266376,498.0,0.17792595825805677,1.9566474870266375,254.5169752354172,347.5539951534025
6,150,90,000,rep_1,water,10,epsilon_obs_mid,7.6923,0.019280205499002435,470.0,0.2444587480192191,2.5064292212995376,187.51776272234554,285.34846092422094
6,150,90,000,rep_1,water,10,a_obs_m2_m3_mid,7.6923,0.05093924135303068,470.0,0.2730888570794476,6.622107998001986,70.97437857277589,268.3616585541593
6,150,90,000,rep_2,water,9,epsilon_obs_mid,7.6923,0.03807078948674764,445.0,0.18861536045426577,4.949207582484775,89.91338362424989,303.77040093092796
6,150,90,000,rep_2,water,9,a_obs_m2_m3_mid,7.6923,0.05416713181329965,445.0,0.26467531483878426,7.041734177463131,63.19466040399676,258.73793934093953
6,150,90,0125,rep_1,xanthan,1,epsilon_obs_mid,100.0,0.1,487.0,-0.012410875828432665,1.0,487.0,499.24010346107605
6,150,90,0125,rep_1,xanthan,1,a_obs_m2_m3_mid,100.0,0.14417653644399317,487.0,0.06788741714537343,1.4417653644399318,337.7803434674546,425.08116545061574
6,150,90,0125,rep_2,xanthan,1,epsilon_obs_mid,100.0,0.1052411398869727,484.0,0.03212336373368666,1.052411398869727,459.89619698134044,453.8723842644918
6,150,90,0125,rep_2,xanthan,1,a_obs_m2_m3_mid,100.0,0.14944685579295888,484.0,0.13430040070167806,1.4944685579295887,323.8609453721297,369.38945432902545
6,150,90,025,rep_1,xanthan,1,epsilon_obs_mid,100.0,0.11530349003341615,497.0,0.00624482116753894,1.1530349003341616,431.03638914655943,490.8311709934254
6,150,90,025,rep_1,xanthan,1,a_obs_m2_m3_mid,100.0,0.13593124078191413,497.0,0.1304490223801048,1.3593124078191412,365.62603058805206,382.296616053665
6,150,90,025,rep_2,xanthan,1,epsilon_obs_mid,100.0,0.1361570640165163,497.0,0.07327362750190736,1.361570640165163,365.0196217066727,429.1384744108357
6,150,90,025,rep_2,xanthan,1,a_obs_m2_m3_mid,100.0,0.15867683468082627,497.0,0.15484905813435876,1.5867683468082627,313.2152219948808,363.71854412367276
6,75,45,000,rep_1,water,10,epsilon_obs_mid,7.6923,0.03768863006724338,489.0,0.5082428407476035,4.8995268082684476,99.80555656410799,159.4366930694174
6,75,45,000,rep_1,water,10,a_obs_m2_m3_mid,7.6923,0.04463733897638771,489.0,0.5500930997260058,5.802859869790272,84.2687934867663,141.9298455511292
6,75,45,000,rep_2,water,10,epsilon_obs_mid,7.6923,0.04125092346666438,491.0,0.5760469345019538,5.3626254132917826,91.5596302480888,132.07789095781058
6,75,45,000,rep_2,water,10,a_obs_m2_m3_mid,7.6923,0.03825621202944883,491.0,0.602261675324386,4.9733125371408855,98.72695438567223,121.88366009327977
6,75,45,0125,rep_1,xanthan,1,epsilon_obs_mid,100.0,0.1563971821776056,496.0,0.056182626180155126,1.5639718217760559,317.1412637324497,443.2315073272117
6,75,45,0125,rep_1,xanthan,1,a_obs_m2_m3_mid,100.0,0.574152105629798,496.0,0.22555194059939726,5.74152105629798,86.3882575952462,313.4312179986669
6,75,45,0125,rep_2,xanthan,1,epsilon_obs_mid,100.0,0.11969825578490054,495.0,-0.03817900165559174,1.1969825578490054,413.5398605051706,534.297552979293
6,75,45,0125,rep_2,xanthan,1,a_obs_m2_m3_mid,100.0,0.23119856772646283,495.0,0.18621251828295432,2.3119856772646283,214.10167237093253,339.58906792943606
6,75,45,025,rep_1,xanthan,1,epsilon_obs_mid,100.0,0.11163974719693101,499.0,0.004065269006758348,1.1163974719693102,446.973423470559,494.9592881120584
6,75,45,025,rep_1,xanthan,1,a_obs_m2_m3_mid,100.0,0.13327528585383575,499.0,0.04664021987978938,1.3327528585383577,374.4130029833572,454.52727808857196
6,75,45,025,rep_2,xanthan,1,epsilon_obs_mid,100.0,0.10108984364759259,499.0,0.018458499347275597,1.010898436475926,493.6203104038369,480.9122896412693
6,75,45,025,rep_2,xanthan,1,a_obs_m2_m3_mid,100.0,0.13945987027458703,499.0,0.08452288329804948,1.3945987027458704,357.80902349722743,421.22032487232343
6,75,55,000,rep_1,water,10,epsilon_obs_mid,7.6923,0.04177359952300801,491.0,0.6122503174749547,5.430573368564411,90.4140256795384,118.08656016763646
6,75,55,000,rep_1,water,10,a_obs_m2_m3_mid,7.6923,0.07538167793995591,491.0,0.6489021087647745,9.799627931822199,50.10394306967332,104.54778587531543
6,75,55,000,rep_2,water,10,epsilon_obs_mid,7.6923,0.05394962620024817,485.0,0.5216786584971402,7.013458419490682,69.15275902287601,152.4539030191853
6,75,55,000,rep_2,water,10,a_obs_m2_m3_mid,7.6923,0.06332067362847973,485.0,0.5345308151297817,8.231695803398168,58.91860092786528,147.1150350558213
6,75,55,0125,rep_1,xanthan,1,epsilon_obs_mid,100.0,0.1,495.0,0.06129588046511068,1.0,495.0,437.8218626139721
6,75,55,0125,rep_1,xanthan,1,a_obs_m2_m3_mid,100.0,0.23931979978705192,495.0,0.1255183775946432,2.3931979978705193,206.8362084710307,384.5947002800071
6,75,55,0125,rep_2,xanthan,1,epsilon_obs_mid,100.0,0.13568956003980584,495.0,0.08896489891474584,1.3568956003980581,364.8033053204588,414.1202122186184
6,75,55,0125,rep_2,xanthan,1,a_obs_m2_m3_mid,100.0,0.10567819918154255,495.0,0.10771567925465345,1.0567819918154253,468.40313691346034,398.73114287426125
6,75,55,025,rep_1,xanthan,1,epsilon_obs_mid,100.0,0.10298967289435962,499.0,0.05737597982135749,1.029896728943596,484.5145983829302,444.84591578164185
6,75,55,025,rep_1,xanthan,1,a_obs_m2_m3_mid,100.0,0.33820100840791006,499.0,0.23915264570730654,3.3820100840791008,147.5453909345378,306.3890724902121
6,75,55,025,rep_2,xanthan,1,epsilon_obs_mid,100.0,0.14849830125202446,500.0,0.015939798839386433,1.4849830125202446,336.70418838759855,484.3102919507671
6,75,55,025,rep_2,xanthan,1,a_obs_m2_m3_mid,100.0,0.18784526103985694,500.0,0.07163522570534571,1.8784526103985695,266.1765312748082,433.1533492115326
6,75,70,000,rep_1,water,10,epsilon_obs_mid,7.6923,0.017749328565702514,491.0,0.5806963371227497,2.3074150209563475,212.7922352678872,130.24519234825198
6,75,70,000,rep_1,water,10,a_obs_m2_m3_mid,7.6923,0.05161317289964306,491.0,0.5768651491391714,6.7097191866727846,73.17742909051266,131.75458401505352
6,75,70,000,rep_2,water,10,epsilon_obs_mid,7.6923,0.017607580304265857,478.0,0.42522234563389233,2.2889877285422897,208.82593385697515,192.77253098694746
6,75,70,000,rep_2,water,10,a_obs_m2_m3_mid,7.6923,0.03672214707482507,478.0,0.43325913437948793,4.773883893611153,100.12811594343617,189.01127316651537
6,75,70,0125,rep_1,xanthan,1,epsilon_obs_mid,100.0,0.1,486.0,-0.00015117391787956077,1.0,486.0,486.1469632651916
6,75,70,0125,rep_1,xanthan,1,a_obs_m2_m3_mid,100.0,0.15542653748333177,486.0,0.21838531048551338,1.5542653748333177,312.68791537746216,311.7771823370626
6,75,70,0125,rep_2,xanthan,1,epsilon_obs_mid,100.0,0.1,489.0,0.007908471243579343,1.0,489.0,481.326203125689
6,75,70,0125,rep_2,xanthan,1,a_obs_m2_m3_mid,100.0,0.1,489.0,-0.05008824377059015,1.0,489.0,540.5693190303107
6,75,70,025,rep_1,xanthan,1,epsilon_obs_mid,100.0,0.1,500.0,0.04195975936384512,1.0,500.0,459.7299617506696
6,75,70,025,rep_1,xanthan,1,a_obs_m2_m3_mid,100.0,0.1525186215328595,500.0,-0.0010943280418362316,1.5251862153285949,327.82882180211493,501.0955269076519
6,75,70,025,rep_2,xanthan,1,epsilon_obs_mid,100.0,0.1169085135687392,500.0,0.0244309622314304,1.169085135687392,427.68484923556304,476.1516752888701
6,75,70,025,rep_2,xanthan,1,a_obs_m2_m3_mid,100.0,0.13835032015062007,500.0,0.015189861879258441,1.3835032015062005,361.4014043882638,485.03741767954625
6,75,80,000,rep_1,water,10,epsilon_obs_mid,7.6923,0.05800988674319896,487.0,0.5013066458754156,7.541292817908682,64.57778682767722,161.76819314421817
6,75,80,000,rep_1,water,10,a_obs_m2_m3_mid,7.6923,0.05427026523403667,487.0,0.45352719204391756,7.055141535566302,69.02767259096659,183.09410304211985
6,75,80,000,rep_2,water,10,epsilon_obs_mid,7.6923,0.02214528288235408,488.0,0.43832574112280537,2.878889653595684,169.50979673378464,190.56673359547997
6,75,80,000,rep_2,water,10,a_obs_m2_m3_mid,7.6923,0.03958340416964499,488.0,0.3613920224120907,5.145847687901536,94.83374355353398,228.91326519655973
6,75,80,0125,rep_1,xanthan,1,epsilon_obs_mid,100.0,0.12165906687699646,488.0,-0.04465342081355452,1.2165906687699646,401.12094603963465,533.6187729809453
6,75,80,0125,rep_1,xanthan,1,a_obs_m2_m3_mid,100.0,0.1,488.0,-0.02844076756721963,1.0,488.0,516.5707635921486
6,75,80,0125,rep_2,xanthan,1,epsilon_obs_mid,100.0,0.1648924131054756,482.0,0.07597440679062133,1.6489241310547558,292.31181163664723,413.9320908713669
6,75,80,0125,rep_2,xanthan,1,a_obs_m2_m3_mid,100.0,0.1359697602509663,482.0,-0.0008803701088248373,1.359697602509663,354.49058607615996,482.8494245929285
6,75,80,025,rep_1,xanthan,1,epsilon_obs_mid,100.0,0.1,500.0,0.021614117296607643,1.0,500.0,478.84316893172655
6,75,80,025,rep_1,xanthan,1,a_obs_m2_m3_mid,100.0,0.1386273638499946,500.0,0.09289563716442903,1.386273638499946,360.67915173012904,415.0004501752324
6,75,80,025,rep_2,xanthan,1,epsilon_obs_mid,100.0,0.10438389497684927,500.0,0.048304010883062465,1.0438389497684928,479.00109505483795,453.92175324944867
6,75,80,025,rep_2,xanthan,1,a_obs_m2_m3_mid,100.0,0.11206461035576885,500.0,0.05314521656771067,1.1206461035576885,446.1711850089533,449.5366681330848
6,75,90,000,rep_1,water,10,epsilon_obs_mid,7.6923,0.024614452473313446,491.0,0.46190379198923276,3.199882021412769,153.44315718965797,180.72683002879344
6,75,90,000,rep_1,water,10,a_obs_m2_m3_mid,7.6923,0.03633362129883213,491.0,0.5227627004827888,4.723375492223669,103.95108345892848,153.88051860520284
6,75,90,000,rep_2,water,10,epsilon_obs_mid,7.6923,0.0590825789223397,486.0,0.48061609463604277,7.680742940647101,63.27512894983758,170.48347571078642
6,75,90,000,rep_2,water,10,a_obs_m2_m3_mid,7.6923,0.08453769612036835,486.0,0.506144893015856,10.989911485559372,44.22237618916211,159.35623664579742
6,75,90,0125,rep_1,xanthan,1,epsilon_obs_mid,100.0,0.10925635218517624,486.0,-0.029260585560659608,1.0925635218517624,444.82539484412683,515.2985828554079
6,75,90,0125,rep_1,xanthan,1,a_obs_m2_m3_mid,100.0,0.17718015049666372,486.0,0.031909688460489125,1.7718015049666371,274.297091766581,455.9428956521683
6,75,90,0125,rep_2,xanthan,1,epsilon_obs_mid,100.0,0.1,488.0,0.0033848987533495654,1.0,488.0,484.70748365121517
6,75,90,0125,rep_2,xanthan,1,a_obs_m2_m3_mid,100.0,0.12027573380416658,488.0,0.09711114009974799,1.2027573380416658,405.7343776381057,401.6090508307694
6,75,90,025,rep_1,xanthan,1,epsilon_obs_mid,100.0,0.11800568111336891,500.0,0.041206504087736094,1.180056811133689,423.708414105628,460.4242732580319
6,75,90,025,rep_1,xanthan,1,a_obs_m2_m3_mid,100.0,0.1,500.0,0.08296145538926633,1.0,500.0,423.3938982995049
6,75,90,025,rep_2,xanthan,1,epsilon_obs_mid,100.0,0.1,498.0,0.07619770479635923,1.0,498.0,427.48050935349806
6,75,90,025,rep_2,xanthan,1,a_obs_m2_m3_mid,100.0,0.1,498.0,0.06795537580187991,1.0,498.0,434.62323741958613
